DBMS,category_label,Multi_model_info,DBMS_insitelink,has_github_repo,has_company,github_repo_link,Score_May-2024,Rank_May-2024,org_name,repo_name,Developer,initial_release_recalc,current_release_recalc,open_source_license,License_info,cloud_based_only_recalc,Content,Document,Event,Graph,Key-value,Multivalue,Native XML,Navigational,Object oriented,RDF,Relational,Search engine,Spatial,Time Series,Vector,Wide column,Spatial DBMS,Vector DBMS
Oracle,Relational,"Relational DBMS,Document store,Graph DBMS,RDF store,Spatial DBMS,Vector DBMS",https://db-engines.com/en/system/Oracle,N,Y,-,1236.29,1,-,-,Oracle,1980,2023,N,restricted free version is available,N,0,1,0,1,0,0,0,0,0,1,1,0,1,0,1,0,1.0,0.0
MySQL,Relational,"Relational DBMS,Document store,Spatial DBMS",https://db-engines.com/en/system/MySQL,Y,Y,mysql/mysql-server,1083.74,2,mysql,mysql-server,Oracle,1995,2024,Y,GPL version 2. Commercial licenses with extended functionallity are available,N,0,1,0,0,0,0,0,0,0,0,1,0,1,0,0,0,1.0,0.0
Microsoft SQL Server,Relational,"Relational DBMS,Document store,Graph DBMS,Spatial DBMS",https://db-engines.com/en/system/Microsoft+SQL+Server,N,Y,-,824.29,3,-,-,Microsoft,1989,2022,N,restricted free version is available,N,0,1,0,1,0,0,0,0,0,0,1,0,1,0,0,0,1.0,0.0
PostgreSQL,Relational,"Relational DBMS,Document store,Graph DBMS,Spatial DBMS,Vector DBMS",https://db-engines.com/en/system/PostgreSQL,Y,N,postgres/postgres,645.54,4,postgres,postgres,PostgreSQL Global Development Group,1989,2024,Y,BSD,N,0,1,0,1,0,0,0,0,0,0,1,0,1,0,1,0,1.0,1.0
MongoDB,Document,"Document store,Spatial DBMS,Search engine,Time Series DBMS,Vector DBMS",https://db-engines.com/en/system/MongoDB,Y,Y,mongodb/mongo,421.65,5,mongodb,mongo,"MongoDB, Inc",2009,2023,Y,MongoDB Inc.'s Server Side Public License v1. Prior versions were published under GNU AGPL v3.0. Commercial licenses are also available.,N,0,1,0,0,0,0,0,0,0,0,0,1,1,1,1,0,1.0,1.0
Redis,Key-value,"Key-value store,Document store,Graph DBMS,Spatial DBMS,Search engine,Time Series DBMS,Vector DBMS",https://db-engines.com/en/system/Redis,Y,Y,redis/redis,157.8,6,redis,redis,"Redis project core team, inspired by Salvatore Sanfilippo",2009,2024,Y,"source-available extensions (modules), commercial licenses for Redis Enterprise",N,0,1,0,1,1,0,0,0,0,0,0,1,1,1,1,0,1.0,1.0
Elasticsearch,Search engine,"Search engine,Document store,Spatial DBMS,Vector DBMS",https://db-engines.com/en/system/Elasticsearch,Y,Y,elastic/elasticsearch,135.35,7,elastic,elasticsearch,Elastic,2010,2023,Y,Elastic License,N,0,1,0,0,0,0,0,0,0,0,0,1,1,0,1,0,1.0,1.0
IBM Db2,Relational,"Relational DBMS,Document store,RDF store,Spatial DBMS",https://db-engines.com/en/system/IBM+Db2,N,Y,-,128.46,8,-,-,IBM,1983,2016,N,free version is available,N,0,1,0,0,0,0,0,0,0,1,1,0,1,0,0,0,1.0,0.0
Snowflake,Relational,Relational DBMS,https://db-engines.com/en/system/Snowflake,Y_archivedas_twitter-archive/snowflake,Y,twitter-archive/snowflake,121.33,9,twitter-archive,snowflake,Snowflake Computing Inc.,2014,,N,,Y,0,0,0,0,0,0,0,0,0,0,1,0,0,0,0,0,0.0,0.0
SQLite,Relational,Relational DBMS,https://db-engines.com/en/system/SQLite,Y,N,sqlite/sqlite,114.32,10,sqlite,sqlite,Dwayne Richard Hipp,2000,2024,Y,Public Domain,N,0,0,0,0,0,0,0,0,0,0,1,0,0,0,0,0,0.0,0.0
Microsoft Access,Relational,Relational DBMS,https://db-engines.com/en/system/Microsoft+Access,N,Y,-,104.92,11,-,-,Microsoft,1992,2019,N,Bundled with Microsoft Office,N,0,0,0,0,0,0,0,0,0,0,1,0,0,0,0,0,0.0,0.0
Cassandra,Wide column,"Wide column store,Vector DBMS",https://db-engines.com/en/system/Cassandra,Y,N,apache/cassandra,101.89,12,apache,cassandra,Apache Software Foundation,2008,2023,Y,Apache version 2,N,0,0,0,0,0,0,0,0,0,0,0,0,0,0,1,1,0.0,1.0
MariaDB,Relational,"Relational DBMS,Document store,Graph DBMS,Spatial DBMS",https://db-engines.com/en/system/MariaDB,Y,Y_借壳上市,MariaDB/server,93.21,13,MariaDB,server,"MariaDB Corporation Ab (MariaDB Enterprise),,MariaDB Foundation (community MariaDB Server)",2009,2024,Y,"GPL version 2, commercial enterprise subscription available",N,0,1,0,1,0,0,0,0,0,0,1,0,1,0,0,0,1.0,0.0
Splunk,Search engine,Search engine,https://db-engines.com/en/system/Splunk,N,,-,86.45,14,-,-,Splunk Inc.,2003,,N,Limited free edition and free developer edition available,N,0,0,0,0,0,0,0,0,0,0,0,1,0,0,0,0,0.0,0.0
Databricks,Document,"Document store,Relational DBMS",https://db-engines.com/en/system/Databricks,N,N,-,78.61,15,-,-,Databricks,2013,,N,,Y,0,1,0,0,0,0,0,0,0,0,1,0,0,0,0,0,0.0,0.0
Microsoft Azure SQL Database,Relational,"Relational DBMS,Document store,Graph DBMS,Spatial DBMS",https://db-engines.com/en/system/Microsoft+Azure+SQL+Database,N,,-,77.99,16,-,-,Microsoft,2010,,N,,Y,0,1,0,1,0,0,0,0,0,0,1,0,1,0,0,0,1.0,0.0
Amazon DynamoDB,Document,"Document store,Key-value store",https://db-engines.com/en/system/Amazon+DynamoDB,N,,-,74.07,17,-,-,Amazon,2012,,N,free tier for a limited amount of database operations,Y,0,1,0,0,1,0,0,0,0,0,0,0,0,0,0,0,0.0,0.0
Hive,Relational,Relational DBMS,https://db-engines.com/en/system/Hive,Y,N_Facebook开源,apache/hive,61.17,18,apache,hive,Apache Software Foundation,2012,2022,Y,Apache Version 2,N,0,0,0,0,0,0,0,0,0,0,1,0,0,0,0,0,0.0,0.0
Google BigQuery,Relational,Relational DBMS,https://db-engines.com/en/system/Google+BigQuery,N_api_googleapis/python-bigquery,Y,-,60.38,19,-,-,Google,2010,,N,,Y,0,0,0,0,0,0,0,0,0,0,1,0,0,0,0,0,0.0,0.0
FileMaker,Relational,Relational DBMS,https://db-engines.com/en/system/FileMaker,N,,-,48.2,20,-,-,Claris,1983,2021,N,,N,0,0,0,0,0,0,0,0,0,0,1,0,0,0,0,0,0.0,0.0
Teradata,Relational,"Relational DBMS,Document store,Graph DBMS,Spatial DBMS,Time Series DBMS",https://db-engines.com/en/system/Teradata,N,,-,45.33,21,-,-,Teradata,1984,2019,N,,N,0,1,0,1,0,0,0,0,0,0,1,0,1,1,0,0,1.0,0.0
SAP HANA,Relational,"Relational DBMS,Document store,Graph DBMS,Spatial DBMS",https://db-engines.com/en/system/SAP+HANA,N,,-,44.69,22,-,-,SAP,2010,2023,N,,N,0,1,0,1,0,0,0,0,0,0,1,0,1,0,0,0,1.0,0.0
Neo4j,Graph,Graph DBMS,https://db-engines.com/en/system/Neo4j,Y,Y,neo4j/neo4j,44.46,23,neo4j,neo4j,"Neo4j, Inc.",2007,2024,Y,"GPL version3, commercial licenses available",N,0,0,0,1,0,0,0,0,0,0,0,0,0,0,0,0,0.0,0.0
Solr,Search engine,"Search engine,Spatial DBMS",https://db-engines.com/en/system/Solr,Y,N,apache/solr,42.91,24,apache,solr,Apache Software Foundation,2006,2024,Y,Apache Version 2,N,0,0,0,0,0,0,0,0,0,0,0,1,1,0,0,0,1.0,0.0
SAP Adaptive Server,Relational,"Relational DBMS,Spatial DBMS",https://db-engines.com/en/system/SAP+Adaptive+Server,N,,-,36.31,25,-,-,"SAP, Sybase",1987,,N,,N,0,0,0,0,0,0,0,0,0,0,1,0,1,0,0,0,1.0,0.0
HBase,Wide column,Wide column store,https://db-engines.com/en/system/HBase,Y,N,apache/hbase,30.5,26,apache,hbase,Apache Software Foundation,2008,2021,Y,Apache version 2,N,0,0,0,0,0,0,0,0,0,0,0,0,0,0,0,1,0.0,0.0
Microsoft Azure Cosmos DB,Document,"Document store,Graph DBMS,Key-value store,Wide column store,Spatial DBMS",https://db-engines.com/en/system/Microsoft+Azure+Cosmos+DB,N,,-,29.04,27,-,-,Microsoft,2014,,N,,Y,0,1,0,1,1,0,0,0,0,0,0,0,1,0,0,1,1.0,0.0
InfluxDB,Time Series,"Time Series DBMS,Spatial DBMS",https://db-engines.com/en/system/InfluxDB,Y,,influxdata/influxdb,25.83,28,influxdata,influxdb,,2013,2024,Y,MIT-License; commercial enterprise version available,N,0,0,0,0,0,0,0,0,0,0,0,0,1,1,0,0,1.0,0.0
PostGIS,Spatial,"Spatial DBMS,Relational DBMS",https://db-engines.com/en/system/PostGIS,Y,,postgis/postgis,22.69,29,postgis,postgis,,2005,2024,Y,GPL v2.0,N,0,0,0,0,0,0,0,0,0,0,1,0,1,0,0,0,1.0,0.0
Firebird,Relational,Relational DBMS,https://db-engines.com/en/system/Firebird,Y,N,FirebirdSQL/firebird,20.82,30,FirebirdSQL,firebird,Firebird Foundation,2000,2024,Y,Initial Developer's Public License,N,0,0,0,0,0,0,0,0,0,0,1,0,0,0,0,0,0.0,0.0
Microsoft Azure Synapse Analytics,Relational,Relational DBMS,https://db-engines.com/en/system/Microsoft+Azure+Synapse+Analytics,N,,-,20.56,31,-,-,Microsoft,2016,,N,,Y,0,0,0,0,0,0,0,0,0,0,1,0,0,0,0,0,0.0,0.0
Memcached,Key-value,Key-value store,https://db-engines.com/en/system/Memcached,Y,,memcached/memcached,19.42,32,memcached,memcached,Danga Interactive,2003,2024,Y,BSD license,N,0,0,0,0,1,0,0,0,0,0,0,0,0,0,0,0,0.0,0.0
Spark SQL,Relational,Relational DBMS,https://db-engines.com/en/system/Spark+SQL,Y,N,apache/spark,18.96,33,apache,spark,Apache Software Foundation,2014,2023,Y,Apache 2.0,N,0,0,0,0,0,0,0,0,0,0,1,0,0,0,0,0,0.0,0.0
Amazon Redshift,Relational,Relational DBMS,https://db-engines.com/en/system/Amazon+Redshift,N,,-,17.94,34,-,-,"Amazon (based on,PostgreSQL,)",2012,,N,,Y,0,0,0,0,0,0,0,0,0,0,1,0,0,0,0,0,0.0,0.0
Informix,Relational,"Relational DBMS,Document store,Spatial DBMS,Time Series DBMS",https://db-engines.com/en/system/Informix,N,Y,-,17.87,35,-,-,"IBM, HCL Technologies",1984,2020,N,free developer edition available,N,0,1,0,0,0,0,0,0,0,0,1,0,1,1,0,0,1.0,0.0
Couchbase,Document,"Document store,Key-value store,Spatial DBMS,Search engine,Time Series DBMS,Vector DBMS",https://db-engines.com/en/system/Couchbase,Y,Y,couchbase/couchbase-lite-core,17.3,36,couchbase,couchbase-lite-core,"Couchbase, Inc.",2011,2023,Y,Business Source License (BSL 1.1); Commercial licenses also available,N,0,1,0,0,1,0,0,0,0,0,0,1,1,1,1,0,1.0,0.0
OpenSearch,Search engine,"Search engine,Vector DBMS",https://db-engines.com/en/system/OpenSearch,Y,Y,opensearch-project/OpenSearch,16.36,37,opensearch-project,OpenSearch,Amazon Web Services,2021,2023,Y,Apache Version 2.0,N,0,0,0,0,0,0,0,0,0,0,0,1,0,0,1,0,0.0,1.0
ClickHouse,Relational,"Relational DBMS,Time Series DBMS",https://db-engines.com/en/system/ClickHouse,Y,Y_新成立,ClickHouse/ClickHouse,16.34,38,ClickHouse,ClickHouse,Clickhouse Inc.,2016,2024,Y,Apache 2.0,N,0,0,0,0,0,0,0,0,0,0,1,0,0,1,0,0,0.0,0.0
Firebase Realtime Database,Document,Document store,https://db-engines.com/en/system/Firebase+Realtime+Database,N,,-,14.29,39,-,-,Google,2012,,N,,Y,0,1,0,0,0,0,0,0,0,0,0,0,0,0,0,0,0.0,0.0
Apache Impala,Relational,"Relational DBMS,Document store",https://db-engines.com/en/system/Apache+Impala,,,,13.77,40,,,Apache Software Foundation,2013,2022,Y,Apache Version 2,N,0,1,0,0,0,0,0,0,0,0,1,0,0,0,0,0,,
Apache Flink,Relational,Relational DBMS,https://db-engines.com/en/system/Apache+Flink,Y,,apache/flink,12.02,41,apache,flink,Apache Software Foundation and contributors,,2024,Y,,N,0,0,0,0,0,0,0,0,0,0,1,0,0,0,0,0,0.0,0.0
Presto,Relational,Relational DBMS,https://db-engines.com/en/system/Presto,Y,N_Facebook开源,prestodb/presto,10.79,42,prestodb,presto,Facebook; Presto Foundation,2013,,Y,Apache 2.0,N,0,0,0,0,0,0,0,0,0,0,1,0,0,0,0,0,0.0,0.0
Vertica,Relational,"Relational DBMS,Spatial DBMS,Time Series DBMS",https://db-engines.com/en/system/Vertica,N,Y,-,10.68,43,-,-,OpenText,2005,2023,N,Limited community edition free,N,0,0,0,0,0,0,0,0,0,0,1,0,1,1,0,0,1.0,0.0
dBASE,Relational,Relational DBMS,https://db-engines.com/en/system/dBASE,N,,-,10.34,44,-,-,Asthon Tate,1979,2019,N,,N,0,0,0,0,0,0,0,0,0,0,1,0,0,0,0,0,0.0,0.0
CouchDB,Document,"Document store,Spatial DBMS",https://db-engines.com/en/system/CouchDB,Y,N,apache/couchdb,9.3,45,apache,couchdb,Apache Software Foundation,2005,2023,Y,Apache version 2,N,0,1,0,0,0,0,0,0,0,0,0,0,1,0,0,0,1.0,0.0
Netezza,Relational,Relational DBMS,https://db-engines.com/en/system/Netezza,N,,-,9.06,46,-,-,IBM,2000,,N,,N,0,0,0,0,0,0,0,0,0,0,1,0,0,0,0,0,0.0,0.0
Prometheus,Time Series,Time Series DBMS,https://db-engines.com/en/system/Prometheus,Y,N,prometheus/prometheus,8.42,47,prometheus,prometheus,,2015,,Y,Apache 2.0,N,0,0,0,0,0,0,0,0,0,0,0,0,0,1,0,0,0.0,0.0
Greenplum,Relational,"Relational DBMS,Document store,Spatial DBMS",https://db-engines.com/en/system/Greenplum,Y,Y,greenplum-db/gpdb,8.37,48,greenplum-db,gpdb,Pivotal Software Inc.,2005,2023,Y,Apache 2.0,N,0,1,0,0,0,0,0,0,0,0,1,0,1,0,0,0,1.0,0.0
H2,Relational,"Relational DBMS,Spatial DBMS",https://db-engines.com/en/system/H2,Y,N,h2database/h2database,8.13,49,h2database,h2database,Thomas Mueller,2005,2023,Y,"dual-licence (Mozilla public license, Eclipse public license)",N,0,0,0,0,0,0,0,0,0,0,1,0,1,0,0,0,1.0,0.0
Amazon Aurora,Relational,"Relational DBMS,Document store",https://db-engines.com/en/system/Amazon+Aurora,N,,-,7.91,50,-,-,Amazon,2015,,N,,Y,0,1,0,0,0,0,0,0,0,0,1,0,0,0,0,0,0.0,0.0
Google Cloud Firestore,Document,Document store,https://db-engines.com/en/system/Google+Cloud+Firestore,N,,-,7.85,51,-,-,Google,2017,,N,,Y,0,1,0,0,0,0,0,0,0,0,0,0,0,0,0,0,0.0,0.0
Realm,Document,Document store,https://db-engines.com/en/system/Realm,Y,,realm/realm-core,7.6,52,realm,realm-core,"Realm, acquired by MongoDB in May 2019",2014,,Y,,N,0,1,0,0,0,0,0,0,0,0,0,0,0,0,0,0,0.0,0.0
Kdb,Time Series,"Time Series DBMS,Vector DBMS,Relational DBMS",https://db-engines.com/en/system/Kdb,Y,,KxSystems/kdb,7.55,53,KxSystems,kdb,"Kx Systems, a division of First Derivatives plc",2000,2018,N,free 32-bit version,N,0,0,0,0,0,0,0,0,0,0,1,0,0,1,1,0,0.0,1.0
etcd,Key-value,Key-value store,https://db-engines.com/en/system/etcd,Y,,etcd-io/etcd,7.25,54,etcd-io,etcd,,,2019,Y,Apache Version 2.0,N,0,0,0,0,1,0,0,0,0,0,0,0,0,0,0,0,0.0,0.0
CockroachDB,Relational,Relational DBMS,https://db-engines.com/en/system/CockroachDB,Y,Y,cockroachdb/cockroach,6.15,55,cockroachdb,cockroach,Cockroach Labs,2015,2024,Y,"Apache 2.0, commercial license available",N,0,0,0,0,0,0,0,0,0,0,1,0,0,0,0,0,0.0,0.0
Sphinx,Search engine,Search engine,https://db-engines.com/en/system/Sphinx,Y,Y,sphinxsearch/sphinx,5.98,56,sphinxsearch,sphinx,Sphinx Technologies Inc.,2001,2023,Y,"GPL version 2, commercial licence available",N,0,0,0,0,0,0,0,0,0,0,0,1,0,0,0,0,0.0,0.0
Hazelcast,Key-value,"Key-value store,Document store",https://db-engines.com/en/system/Hazelcast,Y,,hazelcast/hazelcast,5.97,57,hazelcast,hazelcast,Hazelcast,2008,2023,Y,Apache Version 2; commercial licenses available,N,0,1,0,0,1,0,0,0,0,0,0,0,0,0,0,0,0.0,0.0
MarkLogic,Document,"Document store,Native XML DBMS,RDF store,Search engine",https://db-engines.com/en/system/MarkLogic,N,,-,5.92,58,-,-,MarkLogic Corp.,2001,2022,N,restricted free version is available,N,0,1,0,0,0,0,1,0,0,1,0,1,0,0,0,0,0.0,0.0
Oracle Essbase,Relational,Relational DBMS,https://db-engines.com/en/system/Oracle+Essbase,N,,-,5.89,59,-,-,Oracle,1998,2020,N,,N,0,0,0,0,0,0,0,0,0,0,1,0,0,0,0,0,0.0,0.0
Datastax Enterprise,Wide column,"Wide column store,Document store,Graph DBMS,Spatial DBMS,Search engine,Vector DBMS",https://db-engines.com/en/system/Datastax+Enterprise,N,,-,5.8,60,-,-,DataStax,2011,2020,N,,N,0,1,0,1,0,0,0,0,0,0,0,1,1,0,1,1,1.0,1.0
Aerospike,Document,"Document store,Graph DBMS,Key-value store,Spatial DBMS",https://db-engines.com/en/system/Aerospike,Y,,aerospike/aerospike-server,5.78,61,aerospike,aerospike-server,Aerospike,2012,2023,Y,Apache and AGPL Licenses; open sourced in June 2014; commercial Enterprise Edition available,N,0,1,0,1,1,0,0,0,0,0,0,0,1,0,0,0,1.0,0.0
SingleStore,Relational,"Relational DBMS,Document store,Spatial DBMS,Time Series DBMS,Vector DBMS",https://db-engines.com/en/system/SingleStore,N,,-,5.6,62,-,-,SingleStore Inc.,2013,2024,N,free developer edition available,N,0,1,0,0,0,0,0,0,0,0,1,0,1,1,1,0,1.0,1.0
Microsoft Azure AI Search,Search engine,"Search engine,Vector DBMS",https://db-engines.com/en/system/Microsoft+Azure+AI+Search,N,,-,5.59,63,-,-,Microsoft,2015,,N,,Y,0,0,0,0,0,0,0,0,0,0,0,1,0,0,1,0,0.0,
Algolia,Search engine,Search engine,https://db-engines.com/en/system/Algolia,N,,-,5.32,64,-,-,,2012,,N,,Y,0,0,0,0,0,0,0,0,0,0,0,1,0,0,0,0,0.0,0.0
Jackrabbit,Content,Content stores,https://db-engines.com/en/system/Jackrabbit,Y,N,apache/jackrabbit,5.09,65,apache,jackrabbit,Apache Software Foundation,2006,,Y,,N,1,0,0,0,0,0,0,0,0,0,0,0,0,0,0,0,0.0,0.0
Trino,Relational,"Relational DBMS,Document store,Key-value store,Spatial DBMS,Search engine,Time Series DBMS,Wide column store",https://db-engines.com/en/system/Trino,Y,,trinodb/trino,5.0,66,trinodb,trino,Trino Software Foundation,2012,,Y,Apache Version 2.0,N,0,1,0,0,1,0,0,0,0,0,1,1,1,1,0,1,1.0,0.0
Ehcache,Key-value,Key-value store,https://db-engines.com/en/system/Ehcache,Y,Y,ehcache/ehcache3,4.89,67,ehcache,ehcache3,"Terracotta Inc, owned by Software AG",2009,2022,Y,Apache Version 2; commercial licenses available,N,0,0,0,0,1,0,0,0,0,0,0,0,0,0,0,0,0.0,0.0
ScyllaDB,Wide column,"Wide column store,Key-value store",https://db-engines.com/en/system/ScyllaDB,Y,,scylladb/scylla,4.75,68,scylladb,scylla,ScyllaDB,2015,2024,Y,"Open Source (AGPL), commercial license available",N,0,0,0,0,1,0,0,0,0,0,0,0,0,0,0,1,0.0,0.0
Derby,Relational,Relational DBMS,https://db-engines.com/en/system/Derby,Y,N,apache/derby,4.71,69,apache,derby,Apache Software Foundation,1997,2023,Y,Apache version 2,N,0,0,0,0,0,0,0,0,0,0,1,0,0,0,0,0,0.0,0.0
TiDB,Relational,"Relational DBMS,Document store",https://db-engines.com/en/system/TiDB,Y,Y,pingcap/tidb,4.66,70,pingcap,tidb,"PingCAP, Inc.",2016,2024,Y,Apache 2.0,N,0,1,0,0,0,0,0,0,0,0,1,0,0,0,0,0,0.0,0.0
TimescaleDB,Time Series,"Time Series DBMS,Relational DBMS",https://db-engines.com/en/system/TimescaleDB,Y,,timescale/timescaledb,4.64,71,timescale,timescaledb,Timescale,2017,2024,Y,Apache 2.0,N,0,0,0,0,0,0,0,0,0,0,1,0,0,1,0,0,0.0,0.0
Interbase,Relational,Relational DBMS,https://db-engines.com/en/system/Interbase,N,,-,4.61,72,-,-,Embarcadero,1984,2019,N,,N,0,0,0,0,0,0,0,0,0,0,1,0,0,0,0,0,0.0,0.0
Graphite,Time Series,Time Series DBMS,https://db-engines.com/en/system/Graphite,Y,,graphite-project/graphite-web,4.57,73,graphite-project,graphite-web,Chris Davis,2006,,Y,Apache 2.0,N,0,0,0,0,0,0,0,0,0,0,0,0,0,1,0,0,0.0,0.0
DuckDB,Relational,Relational DBMS,https://db-engines.com/en/system/DuckDB,Y,,duckdb/duckdb,4.57,74,duckdb,duckdb,,2018,2024,Y,MIT License,N,0,0,0,0,0,0,0,0,0,0,1,0,0,0,0,0,0.0,0.0
Microsoft Azure Table Storage,Wide column,Wide column store,https://db-engines.com/en/system/Microsoft+Azure+Table+Storage,N,,-,4.48,75,-,-,Microsoft,2012,,N,,Y,0,0,0,0,0,0,0,0,0,0,0,0,0,0,0,1,0.0,0.0
Google Cloud Datastore,Document,Document store,https://db-engines.com/en/system/Google+Cloud+Datastore,N,,-,4.47,76,-,-,Google,2008,,N,,Y,0,1,0,0,0,0,0,0,0,0,0,0,0,0,0,0,0.0,0.0
Microsoft Azure Data Explorer,Relational,"Relational DBMS,Document store,Event Store,Spatial DBMS,Search engine,Time Series DBMS",https://db-engines.com/en/system/Microsoft+Azure+Data+Explorer,N,,-,4.38,77,-,-,Microsoft,2019,,N,,Y,0,1,1,0,0,0,0,0,0,0,1,1,1,1,0,0,1.0,0.0
Virtuoso,Document,"Document store,Graph DBMS,Native XML DBMS,Relational DBMS,RDF store,Search engine,Spatial DBMS",https://db-engines.com/en/system/Virtuoso,Y,,openlink/virtuoso-opensource,4.26,78,openlink,virtuoso-opensource,OpenLink Software,1998,2023,Y,"GPLv2, extended commercial license available",N,0,1,0,1,0,0,1,0,0,1,1,1,1,0,0,0,1.0,0.0
SAP SQL Anywhere,Relational,Relational DBMS,https://db-engines.com/en/system/SAP+SQL+Anywhere,N,,-,4.25,79,-,-,SAP,1992,2015,N,,N,0,0,0,0,0,0,0,0,0,0,1,0,0,0,0,0,0.0,0.0
DolphinDB,Time Series,"Time Series DBMS,Relational DBMS",https://db-engines.com/en/system/DolphinDB,N,,-,4.13,80,-,-,"DolphinDB, Inc",2018,2022,N,free community version available,N,0,0,0,0,0,0,0,0,0,0,1,0,0,1,0,0,0.0,0.0
Ingres,Relational,Relational DBMS,https://db-engines.com/en/system/Ingres,Y,,fosslc/Ingres,4.11,81,fosslc,Ingres,Actian Corporation,1974,2022,N,,N,0,0,0,0,0,0,0,0,0,0,1,0,0,0,0,0,0.0,0.0
Riak KV,Key-value,Key-value store,https://db-engines.com/en/system/Riak+KV,Y,,basho/riak_kv,4.1,82,basho,riak_kv,"OpenSource, formerly Basho Technologies",2009,2022,Y,"Apache version 2, commercial enterprise edition",N,0,0,0,0,1,0,0,0,0,0,0,0,0,0,0,0,0.0,0.0
InterSystems IRIS,Document,"Document store,Key-value store,Object oriented DBMS,Relational DBMS",https://db-engines.com/en/system/InterSystems+IRIS,N,,-,4.05,83,-,-,InterSystems,2018,2023,N,,N,0,1,0,0,1,0,0,0,1,0,1,0,0,0,0,0,0.0,0.0
Apache Jena - TDB,RDF,RDF store,https://db-engines.com/en/system/Apache+Jena+-+TDB,Y,N,apache/jena,3.75,84,apache,jena,Apache Software Foundation,2000,2023,Y,"Apache License, Version 2.0",N,0,0,0,0,0,0,0,0,0,1,0,0,0,0,0,0,0.0,0.0
RocksDB,Key-value,Key-value store,https://db-engines.com/en/system/RocksDB,Y,Y,facebook/rocksdb,3.65,85,facebook,rocksdb,"Facebook, Inc.",2013,2024,Y,BSD,N,0,0,0,0,1,0,0,0,0,0,0,0,0,0,0,0,0.0,0.0
OpenEdge,Relational,Relational DBMS,https://db-engines.com/en/system/OpenEdge,N,,-,3.51,86,-,-,Progress Software Corporation,1984,2020,N,,N,0,0,0,0,0,0,0,0,0,0,1,0,0,0,0,0,0.0,0.0
HyperSQL,Relational,Relational DBMS,https://db-engines.com/en/system/HyperSQL,Y,N,ryenus/hsqldb,3.49,87,ryenus,hsqldb,,2001,2023,Y,based on BSD license,N,0,0,0,0,0,0,0,0,0,0,1,0,0,0,0,0,0.0,0.0
Apache Druid,Relational,"Relational DBMS,Time Series DBMS",https://db-engines.com/en/system/Apache+Druid,Y,N,apache/druid,3.34,88,apache,druid,Apache Software Foundation and contributors,2012,2024,Y,Apache license v2,N,0,0,0,0,0,0,0,0,0,0,1,0,0,1,0,0,0.0,0.0
Accumulo,Wide column,Wide column store,https://db-engines.com/en/system/Accumulo,Y,,apache/accumulo,3.34,89,apache,accumulo,,2008,2022,Y,,N,0,0,0,0,0,0,0,0,0,0,0,0,0,0,0,1,0.0,0.0
ArangoDB,Document,"Document store,Graph DBMS,Key-value store,Search engine",https://db-engines.com/en/system/ArangoDB,Y,Y,arangodb/arangodb,3.32,90,arangodb,arangodb,ArangoDB Inc.,2012,2023,Y,Apache Version 2; Commercial license (Enterprise) available,N,0,1,0,1,1,0,0,0,0,0,0,1,0,0,0,0,0.0,0.0
GraphDB,Graph,"Graph DBMS,RDF store",https://db-engines.com/en/system/GraphDB,N,,-,3.32,91,-,-,Ontotext,2000,2023,N,Some plugins of GraphDB Workbench are open sourced,N,0,0,0,1,0,0,0,0,0,1,0,0,0,0,0,0,0.0,0.0
Google Cloud Bigtable,Key-value,"Key-value store,Wide column store",https://db-engines.com/en/system/Google+Cloud+Bigtable,N,,-,3.26,92,-,-,Google,2015,,N,,Y,0,0,0,0,1,0,0,0,0,0,0,0,0,0,0,1,0.0,0.0
OrientDB,Document,"Document store,Graph DBMS,Key-value store",https://db-engines.com/en/system/OrientDB,Y,,orientechnologies/orientdb,3.19,93,orientechnologies,orientdb,OrientDB LTD; CallidusCloud; SAP,2010,2024,Y,Apache version 2,N,0,1,0,1,1,0,0,0,0,0,0,0,0,0,0,0,0.0,0.0
Adabas,Multivalue,Multivalue DBMS,https://db-engines.com/en/system/Adabas,Y,,jrmarino/AdaBase,3.17,94,jrmarino,AdaBase,Software AG,1971,,N,,N,0,0,0,0,0,1,0,0,0,0,0,0,0,0,0,0,0.0,0.0
Pinecone,Vector,Vector DBMS,https://db-engines.com/en/system/Pinecone,N,Y,-,3.16,95,-,-,"Pinecone Systems, Inc",2019,,N,,Y,0,0,0,0,0,0,0,0,0,0,0,0,0,0,1,0,0.0,1.0
Ignite,Key-value,"Key-value store,Relational DBMS",https://db-engines.com/en/system/Ignite,Y,N,apache/ignite,3.16,96,apache,ignite,Apache Software Foundation,2015,,Y,Apache 2.0,N,0,0,0,0,1,0,0,0,0,0,1,0,0,0,0,0,0.0,0.0
"UniData,UniVerse",Multivalue,Multivalue DBMS,https://db-engines.com/en/system/UniData%2CUniVerse,N,,-,3.16,97,-,-,Rocket Software,1985,,N,,N,0,0,0,0,0,1,0,0,0,0,0,0,0,0,0,0,0.0,0.0
Memgraph,Graph,Graph DBMS,https://db-engines.com/en/system/Memgraph,Y,,memgraph/memgraph,3.02,98,memgraph,memgraph,Memgraph Ltd,2017,,Y,BSL 1.1; commercial license for enterprise edition available,N,0,0,0,1,0,0,0,0,0,0,0,0,0,0,0,0,0.0,0.0
GemFire,Key-value,"Key-value store,Document store",https://db-engines.com/en/system/GemFire,N,Y,-,2.99,99,-,-,VMware,2004,2022,N,,N,0,1,0,0,1,0,0,0,0,0,0,0,0,0,0,0,0.0,0.0
Oracle NoSQL,Document,"Document store,Key-value store,Relational DBMS",https://db-engines.com/en/system/Oracle+NoSQL,Y,N,oracle/nosql-go-sdk,2.95,100,oracle,nosql-go-sdk,Oracle,2011,2023,Y,"Proprietary for Enterprise Edition (Oracle Database EE license has Oracle NoSQL database EE covered:,details,)",N,0,1,0,0,1,0,0,0,0,0,1,0,0,0,0,0,0.0,0.0
RavenDB,Document,"Document store,Graph DBMS,Spatial DBMS,Time Series DBMS",https://db-engines.com/en/system/RavenDB,Y,,ravendb/ravendb,2.92,101,ravendb,ravendb,Hibernating Rhinos,2010,2022,Y,"AGPL version 3, commercial license available",N,0,1,0,1,0,0,0,0,0,0,0,0,1,1,0,0,1.0,0.0
YugabyteDB,Relational,"Relational DBMS,Document store,Wide column store",https://db-engines.com/en/system/YugabyteDB,Y,Y,yugabyte/yugabyte-db,2.91,102,yugabyte,yugabyte-db,Yugabyte Inc.,2017,2023,Y,Apache 2.0,N,0,1,0,0,0,0,0,0,0,0,1,0,0,0,0,1,0.0,0.0
Google Cloud Spanner,Relational,Relational DBMS,https://db-engines.com/en/system/Google+Cloud+Spanner,N,,-,2.89,103,-,-,Google,2017,,N,,Y,0,0,0,0,0,0,0,0,0,0,1,0,0,0,0,0,0.0,0.0
SAP IQ,Relational,Relational DBMS,https://db-engines.com/en/system/SAP+IQ,N,,-,2.75,104,-,-,"SAP, formerly Sybase",1994,2019,N,,N,0,0,0,0,0,0,0,0,0,0,1,0,0,0,0,0,0.0,0.0
RethinkDB,Document,"Document store,Spatial DBMS",https://db-engines.com/en/system/RethinkDB,Y,,rethinkdb/rethinkdb,2.74,105,rethinkdb,rethinkdb,The Linux Foundation,2009,2020,Y,Apache Version 2,N,0,1,0,0,0,0,0,0,0,0,0,0,1,0,0,0,1.0,0.0
IBM Cloudant,Document,Document store,https://db-engines.com/en/system/IBM+Cloudant,N,,-,2.68,106,-,-,"IBM, Apache Software Foundation",2010,,N,,Y,0,1,0,0,0,0,0,0,0,0,0,0,0,0,0,0,0.0,0.0
TDengine,Time Series,"Time Series DBMS,Relational DBMS",https://db-engines.com/en/system/TDengine,Y,,taosdata/TDengine,2.6,107,taosdata,TDengine,"TDEngine, previously Taos Data",2019,2022,Y,"AGPL V3, also commercial editions available",N,0,0,0,0,0,0,0,0,0,0,1,0,0,1,0,0,0.0,0.0
4D,Relational,Relational DBMS,https://db-engines.com/en/system/4D,N,,-,2.58,108,-,-,"4D, Inc",1984,2023,N,,N,0,0,0,0,0,0,0,0,0,0,1,0,0,0,0,0,0.0,0.0
QuestDB,Time Series,"Time Series DBMS,Relational DBMS",https://db-engines.com/en/system/QuestDB,Y,,questdb/questdb,2.52,109,questdb,questdb,QuestDB Technology Inc,2014,,Y,Apache 2.0,N,0,0,0,0,0,0,0,0,0,0,1,0,0,1,0,0,0.0,0.0
Infinispan,Key-value,Key-value store,https://db-engines.com/en/system/Infinispan,Y,,infinispan/infinispan,2.52,110,infinispan,infinispan,,2009,2023,Y,Apache Version 2,N,0,0,0,0,1,0,0,0,0,0,0,0,0,0,0,0,0.0,0.0
LevelDB,Key-value,Key-value store,https://db-engines.com/en/system/LevelDB,Y,,google/leveldb,2.35,111,google,leveldb,Google,2011,2021,Y,BSD,N,0,0,0,0,1,0,0,0,0,0,0,0,0,0,0,0,0.0,0.0
MaxDB,Relational,Relational DBMS,https://db-engines.com/en/system/MaxDB,N,,-,2.32,112,-,-,"SAP, acquired from Software AG (Adabas-D) in 1997",1984,2024,N,Limited community edition free,N,0,0,0,0,0,0,0,0,0,0,1,0,0,0,0,0,0.0,0.0
Milvus,Vector,Vector DBMS,https://db-engines.com/en/system/Milvus,Y,,milvus-io/milvus,2.31,113,milvus-io,milvus,,2019,2024,Y,Apache Version 2.0,N,0,0,0,0,0,0,0,0,0,0,0,0,0,0,1,0,0.0,1.0
Coveo,Search engine,Search engine,https://db-engines.com/en/system/Coveo,N,,-,2.28,114,-,-,Coveo,2012,,N,,Y,0,0,0,0,0,0,0,0,0,0,0,1,0,0,0,0,0.0,0.0
PouchDB,Document,Document store,https://db-engines.com/en/system/PouchDB,Y,N,pouchdb/pouchdb,2.28,115,pouchdb,pouchdb,Apache Software Foundation,2012,2019,Y,,N,0,1,0,0,0,0,0,0,0,0,0,0,0,0,0,0,0.0,0.0
CloudKit,Document,Document store,https://db-engines.com/en/system/CloudKit,Y,,jcrosby/cloudkit,2.23,116,jcrosby,cloudkit,,2016,,N,,Y,0,1,0,0,0,0,0,0,0,0,0,0,0,0,0,0,0.0,0.0
Oracle Berkeley DB,Key-value,"Key-value store,Native XML DBMS",https://db-engines.com/en/system/Oracle+Berkeley+DB,Y,,berkeleydb/libdb,2.21,117,berkeleydb,libdb,Oracle,1994,2020,Y,commercial license available,N,0,0,0,0,1,0,1,0,0,0,0,0,0,0,0,0,0.0,0.0
Citus,Relational,"Relational DBMS,Document store",https://db-engines.com/en/system/Citus,Y,,citusdata/citus,2.21,118,citusdata,citus,,2010,2018,Y,"AGPL, commercial license also available",N,0,1,0,0,0,0,0,0,0,0,1,0,0,0,0,0,0.0,0.0
Amazon Neptune,Graph,"Graph DBMS,RDF store",https://db-engines.com/en/system/Amazon+Neptune,N,,-,2.2,119,-,-,Amazon,2017,,N,,Y,0,0,0,1,0,0,0,0,0,1,0,0,0,0,0,0,0.0,0.0
NebulaGraph,Graph,Graph DBMS,https://db-engines.com/en/system/NebulaGraph,Y_archivedas_nebula-graph,Y,vesoft-inc/nebula,2.14,120,vesoft-inc,nebula,Vesoft Inc.,2019,,Y,Apache Version 2.0 + Common Clause 1.0,N,0,0,0,1,0,0,0,0,0,0,0,0,0,0,0,0,0.0,0.0
Chroma,Vector,Vector DBMS,https://db-engines.com/en/system/Chroma,Y,,chroma-core/chroma,2.06,121,chroma-core,chroma,Chroma,,,Y,Apache-2.0 license,N,0,0,0,0,0,0,0,0,0,0,0,0,0,0,1,0,0.0,1.0
Percona Server for MySQL,Relational,Relational DBMS,https://db-engines.com/en/system/Percona+Server+for+MySQL,Y_replacementfor_MySQL,N,percona/percona-server,2.03,122,percona,percona-server,Percona,2008,2024,Y,GPL version 2,N,0,0,0,0,0,0,0,0,0,0,1,0,0,0,0,0,0.0,0.0
Stardog,Graph,"Graph DBMS,RDF store",https://db-engines.com/en/system/Stardog,N,,-,2.02,123,-,-,Stardog-Union,2010,2020,N,60-day fully-featured trial license; 1-year fully-featured non-commercial use license for academics/students,N,0,0,0,1,0,0,0,0,0,1,0,0,0,0,0,0,0.0,0.0
EXASOL,Relational,Relational DBMS,https://db-engines.com/en/system/EXASOL,N,,-,1.99,124,-,-,Exasol,2000,,N,,N,0,0,0,0,0,0,0,0,0,0,1,0,0,0,0,0,0.0,0.0
LMDB,Key-value,Key-value store,https://db-engines.com/en/system/LMDB,Y,,LMDB/lmdb,1.99,125,LMDB,lmdb,Symas,2011,2024,Y,,N,0,0,0,0,1,0,0,0,0,0,0,0,0,0,0,0,0.0,0.0
Apache Phoenix,Relational,Relational DBMS,https://db-engines.com/en/system/Apache+Phoenix,Y,N,apache/phoenix,1.97,126,apache,phoenix,Apache Software Foundation,2014,2019,Y,Apache Version 2.0,N,0,0,0,0,0,0,0,0,0,0,1,0,0,0,0,0,0.0,0.0
Apache Drill,Document,"Document store,Relational DBMS",https://db-engines.com/en/system/Apache+Drill,Y,N,apache/drill,1.95,127,apache,drill,Apache Software Foundation,2012,2023,Y,Apache Version 2,N,0,1,0,0,0,0,0,0,0,0,1,0,0,0,0,0,0.0,0.0
GridDB,Time Series,"Time Series DBMS,Key-value store,Relational DBMS",https://db-engines.com/en/system/GridDB,Y,,griddb/griddb,1.95,128,griddb,griddb,Toshiba Corporation,2013,2022,Y,"AGPL version 3 and Apache License, version 2.0 , commercial license (standard and advanced editions) also available",N,0,0,0,0,1,0,0,0,0,0,1,0,0,1,0,0,0.0,0.0
JanusGraph,Graph,Graph DBMS,https://db-engines.com/en/system/JanusGraph,Y,,JanusGraph/janusgraph,1.94,129,JanusGraph,janusgraph,"Linux Foundation; originally developed as,Titan,by Aurelius",2017,2023,Y,Apache 2.0,N,0,0,0,1,0,0,0,0,0,0,0,0,0,0,0,0,0.0,0.0
Oracle Coherence,Key-value,Key-value store,https://db-engines.com/en/system/Oracle+Coherence,Y_CommunityEdition,,oracle/coherence,1.92,130,oracle,coherence,Oracle,2007,2023,N,,N,0,0,0,0,1,0,0,0,0,0,0,0,0,0,0,0,0.0,0.0
Geode,Key-value,Key-value store,https://db-engines.com/en/system/Geode,Y,,apache/geode,1.92,131,apache,geode,Originally developed by Gemstone. They outsourced the project to Apache in 2015 but still deliver a commercial version as Gemfire.,2002,2017,Y,Apache Version 2; commercial licenses available as Gemfire,N,0,0,0,0,1,0,0,0,0,0,0,0,0,0,0,0,0.0,0.0
Amazon DocumentDB,Document,Document store,https://db-engines.com/en/system/Amazon+DocumentDB,N,,-,1.91,132,-,-,,2019,,N,,Y,0,1,0,0,0,0,0,0,0,0,0,0,0,0,0,0,0.0,0.0
Empress,Relational,Relational DBMS,https://db-engines.com/en/system/Empress,N,,-,1.9,133,-,-,,1981,2010,N,,N,0,0,0,0,0,0,0,0,0,0,1,0,0,0,0,0,0.0,0.0
Firebolt,Relational,Relational DBMS,https://db-engines.com/en/system/Firebolt,Y,,firebolt-db/firebolt-python-sdk,1.9,134,firebolt-db,firebolt-python-sdk,Firebolt Analytics Inc.,2020,,N,,Y,0,0,0,0,0,0,0,0,0,0,1,0,0,0,0,0,0.0,0.0
EDB Postgres,Relational,"Relational DBMS,Document store,Spatial DBMS",https://db-engines.com/en/system/EDB+Postgres,N,,-,1.9,135,-,-,EnterpriseDB,2005,2021,N,BSD for PostgreSQL-components,N,0,1,0,0,0,0,0,0,0,0,1,0,1,0,0,0,1.0,0.0
RRDtool,Time Series,Time Series DBMS,https://db-engines.com/en/system/RRDtool,Y,,oetiker/rrdtool-1.x,1.87,136,oetiker,rrdtool-1.x,Tobias Oetiker,1999,2022,Y,GPL V2 and FLOSS,N,0,0,0,0,0,0,0,0,0,0,0,0,0,1,0,0,0.0,0.0
Amazon CloudSearch,Search engine,Search engine,https://db-engines.com/en/system/Amazon+CloudSearch,N,,-,1.85,137,-,-,Amazon,2012,,N,,Y,0,0,0,0,0,0,0,0,0,0,0,1,0,0,0,0,0.0,0.0
Amazon SimpleDB,Key-value,Key-value store,https://db-engines.com/en/system/Amazon+SimpleDB,N,,-,1.85,138,-,-,Amazon,2007,,N,,Y,0,0,0,0,1,0,0,0,0,0,0,0,0,0,0,0,0.0,0.0
TigerGraph,Graph,Graph DBMS,https://db-engines.com/en/system/TigerGraph,N,,-,1.83,139,-,-,,2017,,N,,N,0,0,0,1,0,0,0,0,0,0,0,0,0,0,0,0,0.0,0.0
Tibero,Relational,Relational DBMS,https://db-engines.com/en/system/Tibero,N,,-,1.78,140,-,-,TmaxSoft,2003,2015,N,,N,0,0,0,0,0,0,0,0,0,0,1,0,0,0,0,0,0.0,0.0
HEAVY.AI,Relational,"Relational DBMS,Spatial DBMS",https://db-engines.com/en/system/HEAVY.AI,Y,Y,heavyai/heavydb,1.77,141,heavyai,heavydb,"HEAVY.AI, Inc.",2016,2022,Y,Apache Version 2; enterprise edition available,N,0,0,0,0,0,0,0,0,0,0,1,0,1,0,0,0,1.0,0.0
BaseX,Native XML,Native XML DBMS,https://db-engines.com/en/system/BaseX,Y,,BaseXdb/basex,1.73,142,BaseXdb,basex,BaseX GmbH,2007,2023,Y,BSD license,N,0,0,0,0,0,0,1,0,0,0,0,0,0,0,0,0,0.0,0.0
Weaviate,Vector,Vector DBMS,https://db-engines.com/en/system/Weaviate,Y,,semi-technologies/weaviate,1.73,143,semi-technologies,weaviate,Weaviate B.V.,2019,2023,Y,commercial license available with Weaviate Enterprise,N,0,0,0,0,0,0,0,0,0,0,0,0,0,0,1,0,0.0,1.0
Tarantool,Document,"Document store,Key-value store,Relational DBMS,Spatial DBMS",https://db-engines.com/en/system/Tarantool,Y,,tarantool/tarantool,1.72,144,tarantool,tarantool,VK,2008,2022,Y,"BSD-2, source-available extensions (modules), commercial licenses for Tarantool Enterprise",N,0,1,0,0,1,0,0,0,0,0,1,0,1,0,0,0,1.0,0.0
MonetDB,Relational,"Relational DBMS,Document store,Spatial DBMS",https://db-engines.com/en/system/MonetDB,Y,,MonetDB/MonetDB,1.72,145,MonetDB,MonetDB,MonetDB BV,2004,2023,Y,Mozilla Public License 2.0,N,0,1,0,0,0,0,0,0,0,0,1,0,1,0,0,0,1.0,0.0
OpenTSDB,Time Series,Time Series DBMS,https://db-engines.com/en/system/OpenTSDB,Y,,OpenTSDB/opentsdb,1.68,146,OpenTSDB,opentsdb,currently maintained by Yahoo and other contributors,2011,,Y,LGPL,N,0,0,0,0,0,0,0,0,0,0,0,0,0,1,0,0,0.0,0.0
OceanBase,Relational,"Relational DBMS,Document store,Wide column store",https://db-engines.com/en/system/OceanBase,Y,,oceanbase/oceanbase,1.66,147,oceanbase,oceanbase,OceanBase,2010,2024,Y,Commercial license available,N,0,1,0,0,0,0,0,0,0,0,1,0,0,0,0,1,0.0,0.0
IMS,Navigational,Navigational DBMS,https://db-engines.com/en/system/IMS,N,,-,1.63,148,-,-,IBM,1966,2017,N,,N,0,0,0,0,0,0,0,1,0,0,0,0,0,0,0,0,0.0,0.0
SpatiaLite,Spatial,"Spatial DBMS,Relational DBMS",https://db-engines.com/en/system/SpatiaLite,Y,,illarionov/SpatiaLite,1.6,149,illarionov,SpatiaLite,Alessandro Furieri,2008,2020,Y,"MPL 1.1, GPL v2.0 or LGPL v2.1",N,0,0,0,0,0,0,0,0,0,0,1,0,1,0,0,0,1.0,0.0
Datomic,Relational,Relational DBMS,https://db-engines.com/en/system/Datomic,N,,-,1.59,150,-,-,Cognitect,2012,2023,N,limited edition free,N,0,0,0,0,0,0,0,0,0,0,1,0,0,0,0,0,0.0,0.0
PlanetScale,Relational,"Relational DBMS,Document store,Spatial DBMS",https://db-engines.com/en/system/PlanetScale,N,,-,1.59,151,-,-,PlanetScale,2020,,N,,Y,0,1,0,0,0,0,0,0,0,0,1,0,1,0,0,0,1.0,0.0
Actian NoSQL Database,Object oriented,Object oriented DBMS,https://db-engines.com/en/system/Actian+NoSQL+Database,N,,-,1.52,152,-,-,Actian,1988,2017,N,,N,0,0,0,0,0,0,0,0,1,0,0,0,0,0,0,0,0.0,0.0
Fauna,Document,"Document store,Graph DBMS,Relational DBMS,Time Series DBMS",https://db-engines.com/en/system/Fauna,N,,-,1.52,153,-,-,"Fauna, Inc.",2014,,N,,Y,0,1,0,1,0,0,0,0,0,0,1,0,0,1,0,0,0.0,0.0
GridGain,Key-value,"Key-value store,Relational DBMS",https://db-engines.com/en/system/GridGain,Y_CommunityEdition,,gridgain/gridgain,1.47,154,gridgain,gridgain,"GridGain Systems, Inc.",2007,,N,,N,0,0,0,0,1,0,0,0,0,0,1,0,0,0,0,0,0.0,0.0
Db4o,Object oriented,Object oriented DBMS,https://db-engines.com/en/system/Db4o,Y,,iboxdb/db4o-gpl,1.46,155,iboxdb,db4o-gpl,,2001,,Y,commercial license available for existing customers only,N,0,0,0,0,0,0,0,0,1,0,0,0,0,0,0,0,0.0,0.0
Dgraph,Graph,Graph DBMS,https://db-engines.com/en/system/Dgraph,Y,Y,dgraph-io/dgraph,1.45,156,dgraph-io,dgraph,"Dgraph Labs, Inc.",2016,,Y,Apache 2.0,N,0,0,0,1,0,0,0,0,0,0,0,0,0,0,0,0,0.0,0.0
Sedna,Native XML,Native XML DBMS,https://db-engines.com/en/system/Sedna,Y,,sedna/sedna,1.45,157,sedna,sedna,,2006,,Y,Apache Version 2,N,0,0,0,0,0,0,1,0,0,0,0,0,0,0,0,0,0.0,0.0
VoltDB,Relational,Relational DBMS,https://db-engines.com/en/system/VoltDB,Y,Y,VoltDB/voltdb,1.44,158,VoltDB,voltdb,VoltDB Inc.,2010,2022,Y,"AGPL for Community Edition, commercial license for Enterprise, AWS, and Pro Editions",N,0,0,0,0,0,0,0,0,0,0,1,0,0,0,0,0,0.0,0.0
jBASE,Multivalue,Multivalue DBMS,https://db-engines.com/en/system/jBASE,N,,-,1.41,159,-,-,Rocket Software (formerly Zumasys),1991,,N,,N,0,0,0,0,0,1,0,0,0,0,0,0,0,0,0,0,0.0,0.0
D3,Multivalue,Multivalue DBMS,https://db-engines.com/en/system/D3,N,,-,1.37,160,-,-,"Rocket, formerly TigerLogic",1999,,N,,N,0,0,0,0,0,1,0,0,0,0,0,0,0,0,0,0,0.0,0.0
ObjectStore,Object oriented,Object oriented DBMS,https://db-engines.com/en/system/ObjectStore,N,,-,1.36,161,-,-,Ignite Technologies,1988,2014,N,,N,0,0,0,0,0,0,0,0,1,0,0,0,0,0,0,0,0.0,0.0
VictoriaMetrics,Time Series,Time Series DBMS,https://db-engines.com/en/system/VictoriaMetrics,Y,,VictoriaMetrics/VictoriaMetrics,1.32,162,VictoriaMetrics,VictoriaMetrics,VictoriaMetrics,2018,2023,Y,Apache Version 2.0,N,0,0,0,0,0,0,0,0,0,0,0,0,0,1,0,0,0.0,0.0
TimesTen,Relational,Relational DBMS,https://db-engines.com/en/system/TimesTen,N,,-,1.31,163,-,-,"Oracle, TimesTen Performance Software, HP",1998,,N,,N,0,0,0,0,0,0,0,0,0,0,1,0,0,0,0,0,0.0,0.0
IBM Db2 warehouse,Relational,Relational DBMS,https://db-engines.com/en/system/IBM+Db2+warehouse,N,,-,1.3,164,-,-,IBM,2014,,N,,Y,0,0,0,0,0,0,0,0,0,0,1,0,0,0,0,0,0.0,0.0
SQLBase,Relational,Relational DBMS,https://db-engines.com/en/system/SQLBase,N,,-,1.29,165,-,-,Open Text,1985,,N,,N,0,0,0,0,0,0,0,0,0,0,1,0,0,0,0,0,0.0,0.0
LiteDB,Document,Document store,https://db-engines.com/en/system/LiteDB,Y,,mbdavid/LiteDB,1.28,166,mbdavid,LiteDB,Mauricio David,2014,,Y,MIT License,N,0,1,0,0,0,0,0,0,0,0,0,0,0,0,0,0,0.0,0.0
mSQL,Relational,Relational DBMS,https://db-engines.com/en/system/mSQL,N,,-,1.27,167,-,-,Hughes Technologies,1994,2021,N,free licenses can be provided,N,0,0,0,0,0,0,0,0,0,0,1,0,0,0,0,0,0.0,0.0
Mnesia,Document,Document store,https://db-engines.com/en/system/Mnesia,Y,,beardedeagle/mnesiac,1.26,168,beardedeagle,mnesiac,Ericsson,1999,2018,Y,proprietary license,N,0,1,0,0,0,0,0,0,0,0,0,0,0,0,0,0,0.0,0.0
Cubrid,Relational,Relational DBMS,https://db-engines.com/en/system/Cubrid,Y,,CUBRID/cubrid,1.2,169,CUBRID,cubrid,"CUBRID Corporation, CUBRID Foundation",2008,2021,Y,Apache Version 2.0,N,0,0,0,0,0,0,0,0,0,0,1,0,0,0,0,0,0.0,0.0
ObjectBox,Object oriented,"Object oriented DBMS,Time Series DBMS",https://db-engines.com/en/system/ObjectBox,Y,,objectbox/objectbox-java,1.2,170,objectbox,objectbox-java,ObjectBox Limited,2017,,Y,Apache License 2.0,N,0,0,0,0,0,0,0,0,1,0,0,0,0,1,0,0,0.0,0.0
Datameer,Document,Document store,https://db-engines.com/en/system/Datameer,N,,-,1.19,171,-,-,,2009,,N,,N,0,1,0,0,0,0,0,0,0,0,0,0,0,0,0,0,0.0,0.0
Apache Kylin,Relational,Relational DBMS,https://db-engines.com/en/system/Apache+Kylin,Y,Y,apache/kylin,1.18,172,apache,kylin,"Apache Software Foundation, originally contributed from eBay Inc",2015,2020,Y,Apache Version 2.0,N,0,0,0,0,0,0,0,0,0,0,1,0,0,0,0,0,0.0,0.0
Apache IoTDB,Time Series,Time Series DBMS,https://db-engines.com/en/system/Apache+IoTDB,Y,N,apache/iotdb,1.18,173,apache,iotdb,Apache Software Foundation,2018,2023,Y,Apache Version 2.0,N,0,0,0,0,0,0,0,0,0,0,0,0,0,1,0,0,0.0,0.0
Giraph,Graph,Graph DBMS,https://db-engines.com/en/system/Giraph,Y,,apache/giraph,1.17,174,apache,giraph,,2013,2020,Y,Apache Version 2,N,0,0,0,1,0,0,0,0,0,0,0,0,0,0,0,0,0.0,0.0
Qdrant,Vector,Vector DBMS,https://db-engines.com/en/system/Qdrant,Y,,qdrant/qdrant,1.16,175,qdrant,qdrant,Qdrant,2021,,Y,Apache Version 2.0,N,0,0,0,0,0,0,0,0,0,0,0,0,0,0,1,0,0.0,1.0
GT.M,Key-value,Key-value store,https://db-engines.com/en/system/GT.M,N,,-,1.14,176,-,-,,1986,2021,N,,N,0,0,0,0,1,0,0,0,0,0,0,0,0,0,0,0,0.0,0.0
Amazon Timestream,Time Series,Time Series DBMS,https://db-engines.com/en/system/Amazon+Timestream,N,,-,1.13,177,-,-,,2018,,N,,Y,0,0,0,0,0,0,0,0,0,0,0,0,0,1,0,0,0.0,0.0
DataEase,Relational,Relational DBMS,https://db-engines.com/en/system/DataEase,N,,-,1.1,178,-,-,,1981,,N,,N,0,0,0,0,0,0,0,0,0,0,1,0,0,0,0,0,0.0,0.0
EventStoreDB,Event,Event Store,https://db-engines.com/en/system/EventStoreDB,Y,,EventStore/EventStore,1.1,179,EventStore,EventStore,Event Store Limited,2012,2021,Y,,N,0,0,1,0,0,0,0,0,0,0,0,0,0,0,0,0,0.0,0.0
Apache HAWQ,Relational,Relational DBMS,https://db-engines.com/en/system/Apache+HAWQ,Y,,apache/hawq,1.09,180,apache,hawq,Pivotal Software; Apache,2012,,Y,,N,0,0,0,0,0,0,0,0,0,0,1,0,0,0,0,0,0.0,0.0
HFSQL,Relational,Relational DBMS,https://db-engines.com/en/system/HFSQL,N,,-,1.09,181,-,-,PC Soft,,,N,,N,0,0,0,0,0,0,0,0,0,0,1,0,0,0,0,0,0.0,0.0
NonStop SQL,Relational,Relational DBMS,https://db-engines.com/en/system/NonStop+SQL,N,,-,1.08,182,-,-,"HP, originally by Tandem",1987,,N,,N,0,0,0,0,0,0,0,0,0,0,1,0,0,0,0,0,0.0,0.0
openGauss,Relational,"Relational DBMS,Document store,Spatial DBMS",https://db-engines.com/en/system/openGauss,Y,,opengauss-mirror/openGauss-server,1.08,183,opengauss-mirror,openGauss-server,Huawei and openGauss community,2019,2022,Y,,N,0,1,0,0,0,0,0,0,0,0,1,0,1,0,0,0,1.0,0.0
Oracle Rdb,Relational,Relational DBMS,https://db-engines.com/en/system/Oracle+Rdb,N,,-,1.08,184,-,-,"Oracle, originally developed by Digital Equipment Corporation (DEC)",1984,2021,N,,N,0,0,0,0,0,0,0,0,0,0,1,0,0,0,0,0,0.0,0.0
GBase,Relational,Relational DBMS,https://db-engines.com/en/system/GBase,N,,-,1.07,185,-,-,"General Data Technology Co., Ltd.",2004,,N,,N,0,0,0,0,0,0,0,0,0,0,1,0,0,0,0,0,0.0,0.0
Altibase,Relational,Relational DBMS,https://db-engines.com/en/system/Altibase,Y,,ALTIBASE/altibase,1.07,186,ALTIBASE,altibase,Altibase,1999,2023,N,Open source edition discontinued with March 2023,N,0,0,0,0,0,0,0,0,0,0,1,0,0,0,0,0,0.0,0.0
AllegroGraph,Document,"Document store,Graph DBMS,RDF store,Vector DBMS,Spatial DBMS",https://db-engines.com/en/system/AllegroGraph,N,,-,1.06,187,-,-,Franz Inc.,2004,2023,N,Limited community edition free,N,0,1,0,1,0,0,0,0,0,1,0,0,1,0,1,0,1.0,0.0
Meilisearch,Search engine,Search engine,https://db-engines.com/en/system/Meilisearch,Y,,meilisearch/meilisearch,1.04,188,meilisearch,meilisearch,,2020,,Y,MIT License,N,0,0,0,0,0,0,0,0,0,0,0,1,0,0,0,0,0.0,0.0
StarRocks,Relational,Relational DBMS,https://db-engines.com/en/system/StarRocks,Y,,StarRocks/StarRocks,1.04,189,StarRocks,StarRocks,The Linux Foundation,2020,2023,Y,Apache Version 2.0,N,0,0,0,0,0,0,0,0,0,0,1,0,0,0,0,0,0.0,0.0
FoundationDB,Document,"Document store,Key-value store,Relational DBMS",https://db-engines.com/en/system/FoundationDB,Y,,apple/foundationdb,1.03,190,apple,foundationdb,FoundationDB,2013,2020,Y,Apache 2.0,N,0,1,0,0,1,0,0,0,0,0,1,0,0,0,0,0,0.0,0.0
Northgate Reality,Multivalue,Multivalue DBMS,https://db-engines.com/en/system/Northgate+Reality,N,,-,1.03,191,-,-,,1973,,N,,N,0,0,0,0,0,1,0,0,0,0,0,0,0,0,0,0,0.0,0.0
GigaSpaces,Document,"Document store,Object oriented DBMS,Graph DBMS,Search engine",https://db-engines.com/en/system/GigaSpaces,N_Image_Gigaspaces/docker,Y,-,0.97,192,-,-,Gigaspaces Technologies,2000,2020,Y,Apache Version 2; Commercial licenses available,N,0,1,0,1,0,0,0,0,1,0,0,1,0,0,0,0,0.0,0.0
Dolt,Relational,"Relational DBMS,Document store",https://db-engines.com/en/system/Dolt,Y,Y,dolthub/dolt,0.96,193,dolthub,dolt,DoltHub Inc,2018,,Y,Apache Version 2.0,N,0,1,0,0,0,0,0,0,0,0,1,0,0,0,0,0,0.0,0.0
Infobright,Relational,Relational DBMS,https://db-engines.com/en/system/Infobright,N,,-,0.96,194,-,-,Ignite Technologies Inc.; formerly InfoBright Inc.,2005,,N,The open source (GPLv2) version did not support inserts/updates/deletes and was discontinued with July 2016,N,0,0,0,0,0,0,0,0,0,0,1,0,0,0,0,0,0.0,0.0
NCache,Key-value,"Key-value store,Document store,Search engine",https://db-engines.com/en/system/NCache,Y,,Alachisoft/NCache,0.94,195,Alachisoft,NCache,Alachisoft,2005,2024,Y,Enterprise Edition available,N,0,1,0,0,1,0,0,0,0,0,0,1,0,0,0,0,0.0,0.0
Amazon Keyspaces,Wide column,Wide column store,https://db-engines.com/en/system/Amazon+Keyspaces,N,,-,0.93,196,-,-,Amazon,2019,,N,,Y,0,0,0,0,0,0,0,0,0,0,0,0,0,0,0,1,0.0,0.0
M3DB,Time Series,Time Series DBMS,https://db-engines.com/en/system/M3DB,Y,,m3db/m3,0.89,197,m3db,m3,,,,Y,Apache version 2,N,0,0,0,0,0,0,0,0,0,0,0,0,0,1,0,0,0.0,0.0
NuoDB,Relational,Relational DBMS,https://db-engines.com/en/system/NuoDB,N,,-,0.89,198,-,-,Dassault Systèmes,2013,,N,limited edition free,N,0,0,0,0,0,0,0,0,0,0,1,0,0,0,0,0,0.0,0.0
HPE Ezmeral Data Fabric,Document,"Document store,Wide column store",https://db-engines.com/en/system/HPE+Ezmeral+Data+Fabric,N,,-,0.89,199,-,-,"HPE, MapR Technologies, Inc",2009,,N,,N,0,1,0,0,0,0,0,0,0,0,0,0,0,0,0,1,0.0,0.0
MatrixOne,Relational,Relational DBMS,https://db-engines.com/en/system/MatrixOne,Y,,matrixorigin/matrixone,0.88,200,matrixorigin,matrixone,,2021,,Y,Apache Version 2.0,N,0,0,0,0,0,0,0,0,0,0,1,0,0,0,0,0,0.0,0.0
Yellowbrick,Relational,Relational DBMS,https://db-engines.com/en/system/Yellowbrick,N,,-,0.87,201,-,-,Yellowbrick Data,,,N,,N,0,0,0,0,0,0,0,0,0,0,1,0,0,0,0,0,0.0,0.0
ZODB,Key-value,Key-value store,https://db-engines.com/en/system/ZODB,Y,,zopefoundation/ZODB,0.86,202,zopefoundation,ZODB,,2009,2023,Y,,N,0,0,0,0,1,0,0,0,0,0,0,0,0,0,0,0,0.0,0.0
SurrealDB,Document,"Document store,Graph DBMS",https://db-engines.com/en/system/SurrealDB,Y,,surrealdb/surrealdb,0.86,203,surrealdb,surrealdb,SurrealDB Ltd,2022,2024,Y,,N,0,1,0,1,0,0,0,0,0,0,0,0,0,0,0,0,0.0,0.0
IDMS,Navigational,Navigational DBMS,https://db-engines.com/en/system/IDMS,N,,-,0.85,204,-,-,Broadcom (formerly CA Technologies),1973,,N,,N,0,0,0,0,0,0,0,1,0,0,0,0,0,0,0,0,0.0,0.0
TDSQL for MySQL,Relational,"Relational DBMS,Document store,Spatial DBMS",https://db-engines.com/en/system/TDSQL+for+MySQL,N,,-,0.85,205,-,-,Tencent,2013,,N,,Y,0,1,0,0,0,0,0,0,0,0,1,0,1,0,0,0,1.0,0.0
Model 204,Multivalue,Multivalue DBMS,https://db-engines.com/en/system/Model+204,N,,-,0.85,206,-,-,,1972,,N,,N,0,0,0,0,0,1,0,0,0,0,0,0,0,0,0,0,0.0,0.0
Alibaba Cloud AnalyticDB for MySQL,Relational,"Relational DBMS,Document store",https://db-engines.com/en/system/Alibaba+Cloud+AnalyticDB+for+MySQL,N,,-,0.85,207,-,-,Alibaba,,,N,,Y,0,1,0,0,0,0,0,0,0,0,1,0,0,0,0,0,0.0,0.0
eXist-db,Native XML,Native XML DBMS,https://db-engines.com/en/system/eXist-db,Y,,eXist-db/exist,0.84,208,eXist-db,exist,,2000,,Y,L-GPL,N,0,0,0,0,0,0,1,0,0,0,0,0,0,0,0,0,0.0,0.0
Vitess,Relational,"Relational DBMS,Document store,Spatial DBMS",https://db-engines.com/en/system/Vitess,Y,,vitessio/vitess,0.82,209,vitessio,vitess,"The Linux Foundation, PlanetScale",2013,2022,Y,"Apache Version 2.0, commercial licenses available",N,0,1,0,0,0,0,0,0,0,0,1,0,1,0,0,0,1.0,0.0
Typesense,Search engine,Search engine,https://db-engines.com/en/system/Typesense,Y,,typesense/typesense,0.79,210,typesense,typesense,,2015,,Y,GPL V3,N,0,0,0,0,0,0,0,0,0,0,0,1,0,0,0,0,0.0,0.0
Rockset,Document,"Document store,Relational DBMS,Search engine",https://db-engines.com/en/system/Rockset,N,,-,0.79,211,-,-,Rockset,2019,,N,,Y,0,1,0,0,0,0,0,0,0,0,1,1,0,0,0,0,0.0,0.0
BigchainDB,Document,Document store,https://db-engines.com/en/system/BigchainDB,Y,,bigchaindb/bigchaindb,0.79,212,bigchaindb,bigchaindb,,2016,,Y,AGPL v3,N,0,1,0,0,0,0,0,0,0,0,0,0,0,0,0,0,0.0,0.0
GeoMesa,Spatial,Spatial DBMS,https://db-engines.com/en/system/GeoMesa,Y,,geomesa/geomesa-geoserver,0.78,213,geomesa,geomesa-geoserver,CCRi and others,2014,2024,Y,Apache License 2.0,N,0,0,0,0,0,0,0,0,0,0,0,0,1,0,0,0,1.0,0.0
Alibaba Cloud MaxCompute,Relational,Relational DBMS,https://db-engines.com/en/system/Alibaba+Cloud+MaxCompute,N,,-,0.77,214,-,-,Alibaba,2016,,N,,Y,0,0,0,0,0,0,0,0,0,0,1,0,0,0,0,0,0.0,0.0
Xapian,Search engine,Search engine,https://db-engines.com/en/system/Xapian,Y,,xapian/xapian,0.77,215,xapian,xapian,,1986,2024,Y,GPLv2,N,0,0,0,0,0,0,0,0,0,0,0,1,0,0,0,0,0.0,0.0
1010data,Relational,Relational DBMS,https://db-engines.com/en/system/1010data,N,,-,0.76,216,-,-,,2000,,N,,N,0,0,0,0,0,0,0,0,0,0,1,0,0,0,0,0,0.0,0.0
Datacom/DB,Relational,Relational DBMS,https://db-engines.com/en/system/Datacom%2FDB,N,,-,0.76,217,-,-,Broadcom (formerly CA),1972,,N,,N,0,0,0,0,0,0,0,0,0,0,1,0,0,0,0,0,0.0,0.0
Objectivity/DB,Object oriented,Object oriented DBMS,https://db-engines.com/en/system/Objectivity%2FDB,N,,-,0.75,218,-,-,,1990,,N,,N,0,0,0,0,0,0,0,0,1,0,0,0,0,0,0,0,0.0,0.0
Blazegraph,Graph,"Graph DBMS,RDF store",https://db-engines.com/en/system/Blazegraph,Y,,blazegraph/database,0.75,219,blazegraph,database,Blazegraph,2006,2019,Y,extended commercial license available,N,0,0,0,1,0,0,0,0,0,1,0,0,0,0,0,0,0.0,0.0
BoltDB,Key-value,Key-value store,https://db-engines.com/en/system/BoltDB,Y_archivedas_boltdb/bolt,N,boltdb/bolt,0.74,220,boltdb,bolt,,2013,,Y,MIT License,N,0,0,0,0,1,0,0,0,0,0,0,0,0,0,0,0,0.0,0.0
Actian Vector,Relational,Relational DBMS,https://db-engines.com/en/system/Actian+Vector,N,,-,0.74,221,-,-,,,2016,N,,N,0,0,0,0,0,0,0,0,0,0,1,0,0,0,0,0,0.0,0.0
solidDB,Relational,Relational DBMS,https://db-engines.com/en/system/solidDB,N,,-,0.74,222,-,-,"Unicom Systems, Inc; IBM",1992,,N,,N,0,0,0,0,0,0,0,0,0,0,1,0,0,0,0,0,0.0,0.0
eXtremeDB,Relational,"Relational DBMS,Time Series DBMS",https://db-engines.com/en/system/eXtremeDB,N,,-,0.74,223,-,-,McObject,2001,2021,N,,N,0,0,0,0,0,0,0,0,0,0,1,0,0,1,0,0,0.0,0.0
CrateDB,Document,"Document store,Spatial DBMS,Search engine,Time Series DBMS,Vector DBMS,Relational DBMS",https://db-engines.com/en/system/CrateDB,Y,,crate/crate,0.73,224,crate,crate,Crate,2013,,Y,,N,0,1,0,0,0,0,0,0,0,0,1,1,1,1,1,0,1.0,0.0
WebSphere eXtreme Scale,Key-value,Key-value store,https://db-engines.com/en/system/WebSphere+eXtreme+Scale,N,,-,0.71,225,-,-,,2009,,N,,N,0,0,0,0,1,0,0,0,0,0,0,0,0,0,0,0,0.0,0.0
KeyDB,Key-value,Key-value store,https://db-engines.com/en/system/KeyDB,Y,,Snapchat/KeyDB,0.71,226,Snapchat,KeyDB,EQ Alpha Technology Ltd.,2019,,Y,BSD-3,N,0,0,0,0,1,0,0,0,0,0,0,0,0,0,0,0,0.0,0.0
SQream DB,Relational,Relational DBMS,https://db-engines.com/en/system/SQream+DB,N,,-,0.7,227,-,-,SQream Technologies,2017,2022,N,,N,0,0,0,0,0,0,0,0,0,0,1,0,0,0,0,0,0.0,0.0
SciDB,Multivalue,Multivalue DBMS,https://db-engines.com/en/system/SciDB,Y,,cran/scidb,0.7,228,cran,scidb,Paradigm4,2008,,Y,,N,0,0,0,0,0,1,0,0,0,0,0,0,0,0,0,0,0.0,0.0
Perst,Object oriented,Object oriented DBMS,https://db-engines.com/en/system/Perst,Y,,The-Alchemist/perst,0.69,229,The-Alchemist,perst,,2003,,Y,commercial license available,N,0,0,0,0,0,0,0,0,1,0,0,0,0,0,0,0,0.0,0.0
RDF4J,RDF,RDF store,https://db-engines.com/en/system/RDF4J,Y,Y,eclipse/rdf4j,0.69,230,eclipse,rdf4j,"Since 2016 officially forked into an Eclipse project, former developer was Aduna Software.",2004,,Y,"Eclipse Distribution License (EDL), v1.0.",N,0,0,0,0,0,0,0,0,0,1,0,0,0,0,0,0,0.0,0.0
Alibaba Cloud AnalyticDB for PostgreSQL,Relational,Relational DBMS,https://db-engines.com/en/system/Alibaba+Cloud+AnalyticDB+for+PostgreSQL,N,,-,0.68,231,-,-,Alibaba / Pivotal Software Inc. / PostgreSQL Global Development Group,2016,,N,,Y,0,0,0,0,0,0,0,0,0,0,1,0,0,0,0,0,0.0,0.0
DBISAM,Relational,Relational DBMS,https://db-engines.com/en/system/DBISAM,N,,-,0.66,232,-,-,"Elevate Software, Inc.",1998,,N,,N,0,0,0,0,0,0,0,0,0,0,1,0,0,0,0,0,0.0,0.0
ObjectDB,Object oriented,Object oriented DBMS,https://db-engines.com/en/system/ObjectDB,N,,-,0.66,233,-,-,,2010,2023,N,,N,0,0,0,0,0,0,0,0,1,0,0,0,0,0,0,0,0.0,0.0
TypeDB,Graph,"Graph DBMS,Relational DBMS",https://db-engines.com/en/system/TypeDB,Y,,vaticle/typedb,0.65,234,vaticle,typedb,Vaticle,2016,2024,Y,"GPL Version 3, commercial licenses available",N,0,0,0,1,0,0,0,0,0,0,1,0,0,0,0,0,0.0,0.0
FrontBase,Relational,Relational DBMS,https://db-engines.com/en/system/FrontBase,N,,-,0.65,235,-,-,,1993,2015,N,free licenses,N,0,0,0,0,0,0,0,0,0,0,1,0,0,0,0,0,0.0,0.0
Kinetica,Relational,"Relational DBMS,Spatial DBMS,Time Series DBMS",https://db-engines.com/en/system/Kinetica,N,,-,0.64,236,-,-,Kinetica,2012,2021,N,,N,0,0,0,0,0,0,0,0,0,0,1,0,1,1,0,0,1.0,0.0
Hibari,Key-value,Key-value store,https://db-engines.com/en/system/Hibari,Y,,hibari/hibari,0.63,237,hibari,hibari,,2005,,Y,Apache Version 2,N,0,0,0,0,1,0,0,0,0,0,0,0,0,0,0,0,0.0,0.0
Vald,Vector,Vector DBMS,https://db-engines.com/en/system/Vald,Y,,vdaas/vald,0.63,238,vdaas,vald,,,,Y,Apache-2.0 license,N,0,0,0,0,0,0,0,0,0,0,0,0,0,0,1,0,0.0,1.0
KairosDB,Time Series,Time Series DBMS,https://db-engines.com/en/system/KairosDB,Y,,kairosdb/kairosdb,0.62,239,kairosdb,kairosdb,,2013,2018,Y,Apache 2.0,N,0,0,0,0,0,0,0,0,0,0,0,0,0,1,0,0,0.0,0.0
Graph Engine,Graph,"Graph DBMS,Key-value store",https://db-engines.com/en/system/Graph+Engine,Y,,microsoft/GraphEngine,0.61,240,microsoft,GraphEngine,Microsoft,2010,,Y,MIT License,N,0,0,0,1,1,0,0,0,0,0,0,0,0,0,0,0,0.0,0.0
Alibaba Cloud PolarDB,Relational,Relational DBMS,https://db-engines.com/en/system/Alibaba+Cloud+PolarDB,,,,0.59,241,,,Alibaba,,,N,,Y,0,0,0,0,0,0,0,0,0,0,1,0,0,0,0,0,,
RisingWave,Relational,Relational DBMS,https://db-engines.com/en/system/RisingWave,Y,,risingwavelabs/risingwave,0.58,242,risingwavelabs,risingwave,RisingWave Labs,2022,2023,Y,Apache Version 2.0,N,0,0,0,0,0,0,0,0,0,0,1,0,0,0,0,0,0.0,
NexusDB,Relational,Relational DBMS,https://db-engines.com/en/system/NexusDB,N,,-,0.57,243,-,-,,2003,2021,N,,N,0,0,0,0,0,0,0,0,0,0,1,0,0,0,0,0,0.0,0.0
Apache Doris,Relational,Relational DBMS,https://db-engines.com/en/system/Apache+Doris,Y,Y,apache/doris,0.57,244,apache,doris,"Apache Software Foundation, originally contributed from Baidu",2017,2023,Y,Apache Version 2.0,N,0,0,0,0,0,0,0,0,0,0,1,0,0,0,0,0,0.0,0.0
atoti,Object oriented,Object oriented DBMS,https://db-engines.com/en/system/atoti,Y_IssueTracking,,atoti/atoti,0.56,245,atoti,atoti,ActiveViam,,,N,free versions available,N,0,0,0,0,0,0,0,0,1,0,0,0,0,0,0,0,0.0,0.0
MapDB,Key-value,Key-value store,https://db-engines.com/en/system/MapDB,Y,,jankotek/mapdb,0.55,246,jankotek,mapdb,,2002,,Y,Apache Version 2,N,0,0,0,0,1,0,0,0,0,0,0,0,0,0,0,0,0.0,0.0
Scalaris,Key-value,Key-value store,https://db-engines.com/en/system/Scalaris,Y,N,scalaris-team/scalaris,0.55,247,scalaris-team,scalaris,,2010,,Y,Apache Version 2,N,0,0,0,0,1,0,0,0,0,0,0,0,0,0,0,0,0.0,0.0
HarperDB,Document,Document store,https://db-engines.com/en/system/HarperDB,N,,-,0.55,248,-,-,HarperDB,2017,2021,N,free community edition available,N,0,1,0,0,0,0,0,0,0,0,0,0,0,0,0,0,0.0,0.0
Vespa,Search engine,"Search engine,Vector DBMS",https://db-engines.com/en/system/Vespa,Y,,vespa-engine/vespa,0.54,249,vespa-engine,vespa,Yahoo,,,Y,Apache-2.0 license,N,0,0,0,0,0,0,0,0,0,0,0,1,0,0,1,0,0.0,1.0
Splice Machine,Relational,Relational DBMS,https://db-engines.com/en/system/Splice+Machine,Y,,splicemachine/spliceengine,0.54,250,splicemachine,spliceengine,Splice Machine,2014,2021,Y,"AGPL 3.0, commercial license available",N,0,0,0,0,0,0,0,0,0,0,1,0,0,0,0,0,0.0,0.0
R:BASE,Relational,Relational DBMS,https://db-engines.com/en/system/R%3ABASE,N,,-,0.54,251,-,-,,1981,,N,,N,0,0,0,0,0,0,0,0,0,0,1,0,0,0,0,0,0.0,0.0
SQL.JS,Relational,Relational DBMS,https://db-engines.com/en/system/SQL.JS,Y,,sql-js/sql.js,0.53,252,sql-js,sql.js,Alon Zakai,2012,,Y,,N,0,0,0,0,0,0,0,0,0,0,1,0,0,0,0,0,0.0,0.0
GemStone/S,Object oriented,Object oriented DBMS,https://db-engines.com/en/system/GemStone%2FS,N,,-,0.52,253,-,-,,1986,,N,,N,0,0,0,0,0,0,0,0,1,0,0,0,0,0,0,0,0.0,0.0
Percona Server for MongoDB,Document,Document store,https://db-engines.com/en/system/Percona+Server+for+MongoDB,Y_replacementfor_MongoDB,N,percona/percona-server-mongodb,0.52,254,percona,percona-server-mongodb,Percona,2015,2017,Y,GPL Version 2,N,0,1,0,0,0,0,0,0,0,0,0,0,0,0,0,0,0.0,0.0
Heroic,Time Series,Time Series DBMS,https://db-engines.com/en/system/Heroic,Y_archivedas_spotify/heroic,N,spotify/heroic,0.51,255,spotify,heroic,Spotify,2014,,Y,Apache 2.0,N,0,0,0,0,0,0,0,0,0,0,0,0,0,1,0,0,0.0,0.0
Postgres-XL,Relational,"Relational DBMS,Document store,Spatial DBMS",https://db-engines.com/en/system/Postgres-XL,Y,,Postgres-XL/Postgres-XL,0.49,256,Postgres-XL,Postgres-XL,,2014,2018,Y,Mozilla public license,N,0,1,0,0,0,0,0,0,0,0,1,0,1,0,0,0,1.0,0.0
VistaDB,Relational,Relational DBMS,https://db-engines.com/en/system/VistaDB,N,,-,0.48,257,-,-,Gibraltar Software,2008,,N,,N,0,0,0,0,0,0,0,0,0,0,1,0,0,0,0,0,0.0,0.0
ScaleArc,Relational,Relational DBMS,https://db-engines.com/en/system/ScaleArc,N,,-,0.47,258,-,-,Ignite,2009,,N,limited edition free,N,0,0,0,0,0,0,0,0,0,0,1,0,0,0,0,0,0.0,0.0
Raima Database Manager,Relational,"Relational DBMS,Time Series DBMS",https://db-engines.com/en/system/Raima+Database+Manager,N,,-,0.46,259,-,-,Raima Inc.,1984,2021,N,,N,0,0,0,0,0,0,0,0,0,0,1,0,0,1,0,0,0.0,0.0
AlaSQL,Document,"Document store,Relational DBMS",https://db-engines.com/en/system/AlaSQL,Y,,AlaSQL/alasql,0.46,260,AlaSQL,alasql,Andrey Gershun & Mathias R. Wulff,2014,,Y,MIT-License,N,0,1,0,0,0,0,0,0,0,0,1,0,0,0,0,0,0.0,0.0
Sequoiadb,Document,"Document store,Relational DBMS",https://db-engines.com/en/system/Sequoiadb,Y,,SequoiaDB/SequoiaDB,0.45,261,SequoiaDB,SequoiaDB,Sequoiadb Ltd.,2013,,Y,Server: AGPL; Client: Apache V2,N,0,1,0,0,0,0,0,0,0,0,1,0,0,0,0,0,0.0,0.0
Kingbase,Relational,"Relational DBMS,Document store,Spatial DBMS",https://db-engines.com/en/system/Kingbase,N,,-,0.45,262,-,-,BeiJing KINGBASE Information technologies inc.,1999,2021,N,,N,0,1,0,0,0,0,0,0,0,0,1,0,1,0,0,0,1.0,0.0
Rasdaman,Multivalue,Multivalue DBMS,https://db-engines.com/en/system/Rasdaman,Y,,dioptre/rasdaman,0.44,263,dioptre,rasdaman,,1998,2019,Y,extended commercial license available,N,0,0,0,0,0,1,0,0,0,0,0,0,0,0,0,0,0.0,0.0
LokiJS,Document,Document store,https://db-engines.com/en/system/LokiJS,Y,,techfort/LokiJS,0.43,264,techfort,LokiJS,,2014,,Y,,N,0,1,0,0,0,0,0,0,0,0,0,0,0,0,0,0,0.0,0.0
Alibaba Cloud Log Service,Search engine,Search engine,https://db-engines.com/en/system/Alibaba+Cloud+Log+Service,N,,-,0.43,265,-,-,AlibabaCloud Inc.,2016,,N,,Y,0,0,0,0,0,0,0,0,0,0,0,1,0,0,0,0,0.0,0.0
Dragonfly,Key-value,Key-value store,https://db-engines.com/en/system/Dragonfly,Y,,dragonflydb/dragonfly,0.41,266,dragonflydb,dragonfly,DragonflyDB team and community contributors,2023,2023,Y,BSL 1.1,N,0,0,0,0,1,0,0,0,0,0,0,0,0,0,0,0,0.0,0.0
OpenInsight,Multivalue,Multivalue DBMS,https://db-engines.com/en/system/OpenInsight,N,,-,0.41,267,-,-,Revelation Software,1992,2018,N,,N,0,0,0,0,0,1,0,0,0,0,0,0,0,0,0,0,0.0,0.0
Strabon,RDF,RDF store,https://db-engines.com/en/system/Strabon,Y,,esarbanis/strabon,0.4,268,esarbanis,strabon,,2011,,Y,Mozilla public license,N,0,0,0,0,0,0,0,0,0,1,0,0,0,0,0,0,0.0,0.0
Kyligence Enterprise,Relational,Relational DBMS,https://db-engines.com/en/system/Kyligence+Enterprise,N,,-,0.4,269,-,-,"Kyligence, Inc.",2016,,N,,N,0,0,0,0,0,0,0,0,0,0,1,0,0,0,0,0,0.0,0.0
Apache Pinot,Relational,Relational DBMS,https://db-engines.com/en/system/Apache+Pinot,Y,N,apache/pinot,0.4,270,apache,pinot,Apache Software Foundation and contributors,2015,2023,Y,Apache Version 2.0,N,0,0,0,0,0,0,0,0,0,0,1,0,0,0,0,0,0.0,0.0
SearchBlox,Search engine,Search engine,https://db-engines.com/en/system/SearchBlox,N,,-,0.39,271,-,-,,2003,,N,,N,0,0,0,0,0,0,0,0,0,0,0,1,0,0,0,0,0.0,0.0
CnosDB,Time Series,Time Series DBMS,https://db-engines.com/en/system/CnosDB,Y,,cnosdb/cnosdb,0.39,272,cnosdb,cnosdb,,2022,2023,Y,AGPL 3.0,N,0,0,0,0,0,0,0,0,0,0,0,0,0,1,0,0,0.0,0.0
ITTIA,Time Series,"Time Series DBMS,Relational DBMS",https://db-engines.com/en/system/ITTIA,N,,-,0.39,273,-,-,ITTIA L.L.C.,2007,,N,,N,0,0,0,0,0,0,0,0,0,0,1,0,0,1,0,0,0.0,0.0
Marqo,Search engine,Search engine,https://db-engines.com/en/system/Marqo,Y,,marqo-ai/marqo,0.38,274,marqo-ai,marqo,,2022,,Y,Apache Version 2.0,N,0,0,0,0,0,0,0,0,0,0,0,1,0,0,0,0,0.0,0.0
ModeShape,Content,Content stores,https://db-engines.com/en/system/ModeShape,Y,,ModeShape/modeshape,0.37,275,ModeShape,modeshape,,2010,,Y,Apache Version 2,N,1,0,0,0,0,0,0,0,0,0,0,0,0,0,0,0,0.0,0.0
Jade,Object oriented,Object oriented DBMS,https://db-engines.com/en/system/Jade,N,,-,0.37,276,-,-,,1996,,N,,N,0,0,0,0,0,0,0,0,1,0,0,0,0,0,0,0,0.0,0.0
Tajo,Relational,Relational DBMS,https://db-engines.com/en/system/Tajo,Y_archivedas_apache/tajo,N,apache/tajo,0.37,277,apache,tajo,Apache Software Foundation,2012,,Y,Apache Version 2,N,0,0,0,0,0,0,0,0,0,0,1,0,0,0,0,0,0.0,0.0
YDB,Document,"Document store,Relational DBMS",https://db-engines.com/en/system/YDB,Y,N,ydb-platform/ydb,0.35,278,ydb-platform,ydb,Yandex,2019,,Y,Apache 2.0; commercial license available,N,0,1,0,0,0,0,0,0,0,0,1,0,0,0,0,0,0.0,0.0
InfiniteGraph,Graph,Graph DBMS,https://db-engines.com/en/system/InfiniteGraph,N,,-,0.34,279,-,-,,2010,,N,,N,0,0,0,1,0,0,0,0,0,0,0,0,0,0,0,0,0.0,0.0
Project Voldemort,Key-value,Key-value store,https://db-engines.com/en/system/Project+Voldemort,Y,,voldemort/voldemort,0.34,280,voldemort,voldemort,,2009,2017,Y,Apache version 2,N,0,0,0,0,1,0,0,0,0,0,0,0,0,0,0,0,0.0,0.0
4store,RDF,RDF store,https://db-engines.com/en/system/4store,Y,,4store/4store,0.33,281,4store,4store,,2009,,Y,GPLv3,N,0,0,0,0,0,0,0,0,0,1,0,0,0,0,0,0,0.0,0.0
Redland,RDF,RDF store,https://db-engines.com/en/system/Redland,Y,,dajobe/librdf,0.33,282,dajobe,librdf,,2000,,Y,"Multi License (LGPL, GPLv2, Apache V2)",N,0,0,0,0,0,0,0,0,0,1,0,0,0,0,0,0,0.0,0.0
Cloudflare Workers KV,Key-value,Key-value store,https://db-engines.com/en/system/Cloudflare+Workers+KV,N,,-,0.32,283,-,-,Cloudflare,2018,,N,,Y,0,0,0,0,1,0,0,0,0,0,0,0,0,0,0,0,0.0,0.0
Comdb2,Relational,Relational DBMS,https://db-engines.com/en/system/Comdb2,Y,,bloomberg/comdb2,0.32,284,bloomberg,comdb2,Bloomberg Finance L.P.,2004,,Y,Apache 2.0,N,0,0,0,0,0,0,0,0,0,0,1,0,0,0,0,0,0.0,0.0
Fujitsu Enterprise Postgres,Relational,"Relational DBMS,Document store,Spatial DBMS",https://db-engines.com/en/system/Fujitsu+Enterprise+Postgres,N,,-,0.31,285,-,-,"PostgreSQL Global Development Group, Fujitsu Australia Software Technology",,2022,N,,N,0,1,0,0,0,0,0,0,0,0,1,0,1,0,0,0,1.0,0.0
Fluree,Graph,Graph DBMS,https://db-engines.com/en/system/Fluree,Y,,fluree/db,0.31,286,fluree,db,"Fluree, PBC",2018,,Y,open-sourced in October 2020,N,0,0,0,1,0,0,0,0,0,0,0,0,0,0,0,0,0.0,0.0
Databend,Relational,Relational DBMS,https://db-engines.com/en/system/Databend,Y,,datafuselabs/databend,0.3,287,datafuselabs,databend,Databend Labs,2021,2023,Y,Apache Version 2.0,N,0,0,0,0,0,0,0,0,0,0,1,0,0,0,0,0,0.0,0.0
Brytlyt,Relational,Relational DBMS,https://db-engines.com/en/system/Brytlyt,N,,-,0.29,288,-,-,Brytlyt,2016,2023,N,,N,0,0,0,0,0,0,0,0,0,0,1,0,0,0,0,0,0.0,0.0
Elassandra,Wide column,"Wide column store,Search engine",https://db-engines.com/en/system/Elassandra,Y,,strapdata/elassandra,0.29,289,strapdata,elassandra,,,,Y,Apache Version 2.0,N,0,0,0,0,0,0,0,0,0,0,0,1,0,0,0,1,0.0,0.0
Apache Sedona,Spatial,Spatial DBMS,https://db-engines.com/en/system/Apache+Sedona,Y,,apache/sedona,0.29,290,apache,sedona,Apache Software Foundation and contributors,2020,,Y,Apache Version 2.0,N,0,0,0,0,0,0,0,0,0,0,0,0,1,0,0,0,1.0,
LeanXcale,Key-value,"Key-value store,Relational DBMS",https://db-engines.com/en/system/LeanXcale,N,,-,0.29,291,-,-,LeanXcale,2015,,N,,N,0,0,0,0,1,0,0,0,0,0,1,0,0,0,0,0,0.0,0.0
Axibase,Time Series,Time Series DBMS,https://db-engines.com/en/system/Axibase,N,,-,0.29,292,-,-,Axibase Corporation,2013,1558,N,"Community Edition (single node) is free, Enterprise Edition (distributed) is paid",N,0,0,0,0,0,0,0,0,0,0,0,0,0,1,0,0,0.0,0.0
Lovefield,Relational,Relational DBMS,https://db-engines.com/en/system/Lovefield,Y,,google/lovefield,0.29,293,google,lovefield,Google,2014,2017,Y,Apache 2.0,N,0,0,0,0,0,0,0,0,0,0,1,0,0,0,0,0,0.0,0.0
Starcounter,Object oriented,Object oriented DBMS,https://db-engines.com/en/system/Starcounter,N,,-,0.29,294,-,-,,2006,2018,N,,N,0,0,0,0,0,0,0,0,1,0,0,0,0,0,0,0,0.0,0.0
ElevateDB,Relational,Relational DBMS,https://db-engines.com/en/system/ElevateDB,N,,-,0.28,295,-,-,"Elevate Software, Inc.",2006,,N,,N,0,0,0,0,0,0,0,0,0,0,1,0,0,0,0,0,0.0,0.0
Mimer SQL,Relational,Relational DBMS,https://db-engines.com/en/system/Mimer+SQL,N,,-,0.28,296,-,-,,1977,2024,N,,N,0,0,0,0,0,0,0,0,0,0,1,0,0,0,0,0,0.0,0.0
EJDB,Document,Document store,https://db-engines.com/en/system/EJDB,Y,,Softmotions/ejdb,0.27,297,Softmotions,ejdb,Softmotions,2012,,Y,GPLv2,N,0,1,0,0,0,0,0,0,0,0,0,0,0,0,0,0,0.0,0.0
OpenQM,Multivalue,Multivalue DBMS,https://db-engines.com/en/system/OpenQM,Y,,gregjurman/openqm,0.27,298,gregjurman,openqm,"Rocket Software, originally Martin Phillips",1993,,Y,"GPLv2, extended commercial license available",N,0,0,0,0,0,1,0,0,0,0,0,0,0,0,0,0,0.0,0.0
Deep Lake,Vector,Vector DBMS,https://db-engines.com/en/system/Deep+Lake,Y,,activeloopai/deeplake,0.27,299,activeloopai,deeplake,Activeloop,,,Y,MPL-2.0 license,N,0,0,0,0,0,0,0,0,0,0,0,0,0,0,1,0,0.0,1.0
Kyoto Tycoon,Key-value,Key-value store,https://db-engines.com/en/system/Kyoto+Tycoon,Y,,AlticeLabsProjects/kyoto,0.27,300,AlticeLabsProjects,kyoto,,2009,,Y,GPL,N,0,0,0,0,1,0,0,0,0,0,0,0,0,0,0,0,0.0,0.0
Alibaba Cloud Table Store,Wide column,Wide column store,https://db-engines.com/en/system/Alibaba+Cloud+Table+Store,N,,-,0.26,301,-,-,Alibaba,2016,,N,,Y,0,0,0,0,0,0,0,0,0,0,0,0,0,0,0,1,0.0,0.0
PipelineDB,Relational,Relational DBMS,https://db-engines.com/en/system/PipelineDB,Y,,pipelinedb/pipelinedb,0.26,302,pipelinedb,pipelinedb,,2015,,Y,"BSD, GPL V3",N,0,0,0,0,0,0,0,0,0,0,1,0,0,0,0,0,0.0,0.0
AntDB,Relational,Relational DBMS,https://db-engines.com/en/system/AntDB,Y,,ADBSQL/AntDB,0.25,303,ADBSQL,AntDB,AsiaInfo Technologies Limited,,,N,"community version available at,github.com/ADBSQL/AntDB",N,0,0,0,0,0,0,0,0,0,0,1,0,0,0,0,0,0.0,0.0
PieCloudDB,Relational,Relational DBMS,https://db-engines.com/en/system/PieCloudDB,N,,-,0.25,304,-,-,OpenPie,,2023,N,,Y,0,0,0,0,0,0,0,0,0,0,1,0,0,0,0,0,0.0,0.0
Immudb,Key-value,"Key-value store,Relational DBMS",https://db-engines.com/en/system/Immudb,Y,,codenotary/immudb,0.24,305,codenotary,immudb,Codenotary,2020,2022,Y,Apache Version 2.0,N,0,0,0,0,1,0,0,0,0,0,1,0,0,0,0,0,0.0,0.0
Alibaba Cloud TSDB,Time Series,Time Series DBMS,https://db-engines.com/en/system/Alibaba+Cloud+TSDB,N,,-,0.24,306,-,-,Alibaba,,,N,,Y,0,0,0,0,0,0,0,0,0,0,0,0,0,1,0,0,0.0,0.0
AnzoGraph DB,Graph,"Graph DBMS,RDF store",https://db-engines.com/en/system/AnzoGraph+DB,N,,-,0.23,307,-,-,Cambridge Semantics,2018,2021,N,free trial version available,N,0,0,0,1,0,0,0,0,0,1,0,0,0,0,0,0,0.0,0.0
RDFox,Graph,"Graph DBMS,RDF store,Relational DBMS",https://db-engines.com/en/system/RDFox,N,,-,0.23,308,-,-,Oxford Semantic Technologies,2017,2022,N,,N,0,0,0,1,0,0,0,0,0,1,1,0,0,0,0,0,0.0,0.0
FeatureBase,Relational,Relational DBMS,https://db-engines.com/en/system/FeatureBase,Y_CommunityEdition,,featurebasedb/featurebase,0.22,309,featurebasedb,featurebase,Molecula and Pilosa Open Source Contributors,2017,2022,N,,N,0,0,0,0,0,0,0,0,0,0,1,0,0,0,0,0,0.0,0.0
Tibco ComputeDB,Relational,Relational DBMS,https://db-engines.com/en/system/Tibco+ComputeDB,Y_NotGitHub-release_community.tibco.com/s/article/TIBCO-Graph-Database-Releases,Y,-,0.22,310,-,-,Tibco,2015,,Y,Apache 2.0,N,0,0,0,0,0,0,0,0,0,0,1,0,0,0,0,0,0.0,0.0
FlockDB,Graph,Graph DBMS,https://db-engines.com/en/system/FlockDB,Y_archivedas_twitter-archive/flockdb,Y,twitter-archive/flockdb,0.22,311,twitter-archive,flockdb,Twitter,2010,2012,Y,Apache Version 2,N,0,0,0,1,0,0,0,0,0,0,0,0,0,0,0,0,0.0,0.0
Manticore Search,Search engine,"Search engine,Time Series DBMS",https://db-engines.com/en/system/Manticore+Search,Y,,manticoresoftware/manticoresearch,0.22,312,manticoresoftware,manticoresearch,Manticore Software,2017,2023,Y,GPL version 2,N,0,0,0,0,0,0,0,0,0,0,0,1,0,1,0,0,0.0,0.0
Actian FastObjects,Object oriented,Object oriented DBMS,https://db-engines.com/en/system/Actian+FastObjects,N,,-,0.22,313,-,-,Actian,,,N,,N,0,0,0,0,0,0,0,0,1,0,0,0,0,0,0,0,0.0,0.0
Tokyo Tyrant,Key-value,Key-value store,https://db-engines.com/en/system/Tokyo+Tyrant,Y,,hthetiot/Tokyo-Tyrant,0.21,314,hthetiot,Tokyo-Tyrant,Mikio  Hirabayashi,2007,,Y,GPL,N,0,0,0,0,1,0,0,0,0,0,0,0,0,0,0,0,0.0,0.0
Speedb,Key-value,Key-value store,https://db-engines.com/en/system/Speedb,Y,,speedb-io/speedb,0.21,315,speedb-io,speedb,Speedb,2020,,Y,Apache Version 2.0; commercial license available,N,0,0,0,0,1,0,0,0,0,0,0,0,0,0,0,0,0.0,0.0
Elliptics,Key-value,Key-value store,https://db-engines.com/en/system/Elliptics,Y,,reverbrain/elliptics,0.21,316,reverbrain,elliptics,,2009,,Y,,N,0,0,0,0,1,0,0,0,0,0,0,0,0,0,0,0,0.0,0.0
YottaDB,Key-value,"Key-value store,Relational DBMS",https://db-engines.com/en/system/YottaDB,Y,,YottaDB/YDB,0.2,317,YottaDB,YDB,"YottaDB, LLC",2001,,Y,AGPL 3.0,N,0,0,0,0,1,0,0,0,0,0,1,0,0,0,0,0,0.0,
Faircom DB,Key-value,"Key-value store,Relational DBMS",https://db-engines.com/en/system/Faircom+DB,N,,-,0.2,318,-,-,FairCom Corporation,1979,2020,N,"Restricted, free version available",N,0,0,0,0,1,0,0,0,0,0,1,0,0,0,0,0,0.0,0.0
Riak TS,Time Series,Time Series DBMS,https://db-engines.com/en/system/Riak+TS,N,,-,0.2,319,-,-,"Open Source, formerly Basho Technologies",2015,2022,Y,,N,0,0,0,0,0,0,0,0,0,0,0,0,0,1,0,0,0.0,0.0
MyScale,Relational,"Relational DBMS,Vector DBMS",https://db-engines.com/en/system/MyScale,N,,-,0.2,320,-,-,,2022,,N,,Y,0,0,0,0,0,0,0,0,0,0,1,0,0,0,1,0,0.0,1.0
AgensGraph,Graph,"Graph DBMS,Relational DBMS",https://db-engines.com/en/system/AgensGraph,Y,Y,bitnine-oss/agensgraph,0.2,321,bitnine-oss,agensgraph,Bitnine Global Inc.,2016,2018,Y,Apache License 2.0,N,0,0,0,1,0,0,0,0,0,0,1,0,0,0,0,0,0.0,0.0
RedStore,RDF,RDF store,https://db-engines.com/en/system/RedStore,Y,,njh/redstore,0.19,322,njh,redstore,,2009,,Y,GPLv3,N,0,0,0,0,0,0,0,0,0,1,0,0,0,0,0,0,0.0,0.0
IBM Db2 Event Store,Event,"Event Store,Time Series DBMS",https://db-engines.com/en/system/IBM+Db2+Event+Store,N,,-,0.19,323,-,-,IBM,2017,,N,free developer edition available,N,0,0,1,0,0,0,0,0,0,0,0,0,0,1,0,0,0.0,0.0
HyperGraphDB,Graph,Graph DBMS,https://db-engines.com/en/system/HyperGraphDB,Y,,hypergraphdb/hypergraphdb,0.18,324,hypergraphdb,hypergraphdb,,2007,,Y,L-GPL,N,0,0,0,1,0,0,0,0,0,0,0,0,0,0,0,0,0.0,0.0
TerminusDB,Graph,"Graph DBMS,Document store,RDF store",https://db-engines.com/en/system/TerminusDB,Y,,terminusdb/terminusdb,0.17,325,terminusdb,terminusdb,DataChemist Ltd.,2018,2023,Y,GPL V3,N,0,1,0,1,0,0,0,0,0,1,0,0,0,0,0,0,0.0,0.0
TransLattice,Relational,Relational DBMS,https://db-engines.com/en/system/TransLattice,N,,-,0.17,326,-,-,,2007,,N,,N,0,0,0,0,0,0,0,0,0,0,1,0,0,0,0,0,0.0,0.0
Valentina Server,Relational,Relational DBMS,https://db-engines.com/en/system/Valentina+Server,N,,-,0.17,327,-,-,Paradigma Software,1999,,N,,N,0,0,0,0,0,0,0,0,0,0,1,0,0,0,0,0,0.0,0.0
NEventStore,Event,Event Store,https://db-engines.com/en/system/NEventStore,Y,,NEventStore/NEventStore,0.16,328,NEventStore,NEventStore,,2011,,Y,MIT-License,N,0,0,1,0,0,0,0,0,0,0,0,0,0,0,0,0,0.0,0.0
EsgynDB,Relational,Relational DBMS,https://db-engines.com/en/system/EsgynDB,N,,-,0.16,329,-,-,Esgyn,2015,,N,,N,0,0,0,0,0,0,0,0,0,0,1,0,0,0,0,0,0.0,0.0
GraphBase,Graph,Graph DBMS,https://db-engines.com/en/system/GraphBase,N,,-,0.15,330,-,-,,,,N,,N,0,0,0,1,0,0,0,0,0,0,0,0,0,0,0,0,0.0,0.0
Badger,Key-value,Key-value store,https://db-engines.com/en/system/Badger,Y,,dgraph-io/badger,0.14,331,dgraph-io,badger,DGraph Labs,2017,,Y,Apache 2.0,N,0,0,0,0,1,0,0,0,0,0,0,0,0,0,0,0,0.0,0.0
Quasardb,Time Series,Time Series DBMS,https://db-engines.com/en/system/Quasardb,N,,-,0.14,332,-,-,quasardb,2009,2024,N,"Free community edition, Non-profit organizations and non-commercial usage are eligible for free licenses",N,0,0,0,0,0,0,0,0,0,0,0,0,0,1,0,0,0.0,0.0
BigObject,Relational,Relational DBMS,https://db-engines.com/en/system/BigObject,N,,-,0.13,333,-,-,"BigObject, Inc.",2015,,N,free community edition available,N,0,0,0,0,0,0,0,0,0,0,1,0,0,0,0,0,0.0,0.0
XtremeData,Relational,Relational DBMS,https://db-engines.com/en/system/XtremeData,N,,-,0.13,333,-,-,,,,N,limited edition free,N,0,0,0,0,0,0,0,0,0,0,1,0,0,0,0,0,0.0,0.0
Ultipa,Graph,Graph DBMS,https://db-engines.com/en/system/Ultipa,N,,-,0.13,335,-,-,Ultipa,2019,,N,,N,0,0,0,1,0,0,0,0,0,0,0,0,0,0,0,0,0.0,0.0
HugeGraph,Graph,Graph DBMS,https://db-engines.com/en/system/HugeGraph,Y,Y,apache/incubator-hugegraph,0.13,336,apache,incubator-hugegraph,Baidu,2018,,Y,Apache Version 2.0,N,0,0,0,1,0,0,0,0,0,0,0,0,0,0,0,0,0.0,0.0
Mulgara,RDF,RDF store,https://db-engines.com/en/system/Mulgara,Y,,quoll/mulgara,0.13,337,quoll,mulgara,,2006,2012,Y,Apache Version 2,N,0,0,0,0,0,0,0,0,0,1,0,0,0,0,0,0,0.0,0.0
Actian PSQL,Relational,Relational DBMS,https://db-engines.com/en/system/Actian+PSQL,N,,-,0.12,338,-,-,,1982,2021,N,,N,0,0,0,0,0,0,0,0,0,0,1,0,0,0,0,0,0.0,0.0
Machbase Neo,Time Series,Time Series DBMS,https://db-engines.com/en/system/Machbase+Neo,Y,,machbase/neo-server,0.12,339,machbase,neo-server,Machbase,2013,2023,N,free test version available,N,0,0,0,0,0,0,0,0,0,0,0,0,0,1,0,0,0.0,0.0
YTsaurus,Document,"Document store,Key-value store",https://db-engines.com/en/system/YTsaurus,Y,,ytsaurus/ytsaurus,0.11,340,ytsaurus,ytsaurus,Yandex,2023,,Y,"Apache License, Version 2.0",N,0,1,0,0,1,0,0,0,0,0,0,0,0,0,0,0,0.0,0.0
Transbase,Relational,Relational DBMS,https://db-engines.com/en/system/Transbase,N,,-,0.11,341,-,-,Transaction Software GmbH,1987,2022,N,free development license,N,0,0,0,0,0,0,0,0,0,0,1,0,0,0,0,0,0.0,0.0
CubicWeb,RDF,RDF store,https://db-engines.com/en/system/CubicWeb,Y_NotGithub-gitlabsite_forge.extranet.logilab.fr/cubicweb/cubicweb,N,-,0.11,342,-,-,Logilab,2001,2021,Y,L-GPL,N,0,0,0,0,0,0,0,0,0,1,0,0,0,0,0,0,0.0,0.0
XTDB,Document,Document store,https://db-engines.com/en/system/XTDB,Y,,xtdb/xtdb,0.11,343,xtdb,xtdb,Juxt Ltd.,2019,2021,Y,MIT License,N,0,1,0,0,0,0,0,0,0,0,0,0,0,0,0,0,0.0,0.0
Transwarp KunDB,Relational,Relational DBMS,https://db-engines.com/en/system/Transwarp+KunDB,N,,-,0.1,344,-,-,Transwarp,,,N,,N,0,0,0,0,0,0,0,0,0,0,1,0,0,0,0,0,0.0,0.0
Sparksee,Graph,Graph DBMS,https://db-engines.com/en/system/Sparksee,N,,-,0.09,345,-,-,,2008,2021,N,,N,0,0,0,1,0,0,0,0,0,0,0,0,0,0,0,0,0.0,0.0
Linter,Relational,"Relational DBMS,Spatial DBMS",https://db-engines.com/en/system/Linter,N,,-,0.09,346,-,-,relex.ru,1990,,N,,N,0,0,0,0,0,0,0,0,0,0,1,0,1,0,0,0,1.0,0.0
Bangdb,Document,"Document store,Graph DBMS,Time Series DBMS,Spatial DBMS",https://db-engines.com/en/system/Bangdb,Y,,sachin-sinha/BangDB,0.08,347,sachin-sinha,BangDB,"Sachin Sinha, BangDB",2012,2021,Y,BSD 3,N,0,1,0,1,0,0,0,0,0,0,0,0,1,1,0,0,1.0,0.0
TinkerGraph,Graph,Graph DBMS,https://db-engines.com/en/system/TinkerGraph,Y,,apache/tinkerpop,0.08,348,apache,tinkerpop,,2009,,Y,Apache 2.0,N,0,0,0,1,0,0,0,0,0,0,0,0,0,0,0,0,0.0,0.0
Warp 10,Time Series,Time Series DBMS,https://db-engines.com/en/system/Warp+10,Y,,senx/warp10-platform,0.07,349,senx,warp10-platform,SenX,2015,,Y,Apache License 2.0,N,0,0,0,0,0,0,0,0,0,0,0,0,0,1,0,0,0.0,0.0
Transwarp ArgoDB,Relational,"Relational DBMS,Search engine",https://db-engines.com/en/system/Transwarp+ArgoDB,N,,-,0.07,350,-,-,Transwarp,,,N,,N,0,0,0,0,0,0,0,0,0,0,1,1,0,0,0,0,0.0,0.0
Exorbyte,Search engine,Search engine,https://db-engines.com/en/system/Exorbyte,N,,-,0.07,351,-,-,,2000,,N,,N,0,0,0,0,0,0,0,0,0,0,0,1,0,0,0,0,0.0,0.0
GreptimeDB,Time Series,Time Series DBMS,https://db-engines.com/en/system/GreptimeDB,Y,,GreptimeTeam/greptimedb,0.06,352,GreptimeTeam,GreptimeTeam/greptimedb,Greptime Inc.,2022,,Y,Apache Version 2.0,N,0,0,0,0,0,0,0,0,0,0,0,0,0,1,0,0,0.0,0.0
Blueflood,Time Series,Time Series DBMS,https://db-engines.com/en/system/Blueflood,Y,,rackerlabs/blueflood,0.06,353,rackerlabs,blueflood,Rackspace,2013,,Y,Apache 2.0,N,0,0,0,0,0,0,0,0,0,0,0,0,0,1,0,0,0.0,0.0
DataFS,Object oriented,"Object oriented DBMS,Graph DBMS",https://db-engines.com/en/system/DataFS,N,,-,0.06,354,-,-,Mobiland AG,2018,2022,N,,N,0,0,0,1,0,0,0,0,1,0,0,0,0,0,0,0,0.0,0.0
ScaleOut StateServer,Key-value,Key-value store,https://db-engines.com/en/system/ScaleOut+StateServer,N,,-,0.06,355,-,-,,2005,,N,,N,0,0,0,0,1,0,0,0,0,0,0,0,0,0,0,0,0.0,0.0
SiteWhere,Time Series,Time Series DBMS,https://db-engines.com/en/system/SiteWhere,Y,,sitewhere/sitewhere,0.06,356,sitewhere,sitewhere,SiteWhere,2010,,Y,Common Public Attribution License Version 1.0,N,0,0,0,0,0,0,0,0,0,0,0,0,0,1,0,0,0.0,0.0
SenseiDB,Document,Document store,https://db-engines.com/en/system/SenseiDB,Y_archivedas_LinkedInAttic/sensei,N,LinkedInAttic/sensei,0.05,357,LinkedInAttic,sensei,,2010,,Y,Apache Version 2,N,0,1,0,0,0,0,0,0,0,0,0,0,0,0,0,0,0.0,0.0
VelocityDB,Graph,"Graph DBMS,Object oriented DBMS",https://db-engines.com/en/system/VelocityDB,N,,-,0.05,358,-,-,VelocityDB Inc,2011,,N,,N,0,0,0,1,0,0,0,0,1,0,0,0,0,0,0,0,0.0,0.0
gStore,Graph,"Graph DBMS,RDF store",https://db-engines.com/en/system/gStore,Y,,pkumod/gStore,0.04,359,pkumod,gStore,,2016,2023,Y,BSD,N,0,0,0,1,0,0,0,0,0,1,0,0,0,0,0,0,0.0,0.0
NosDB,Document,Document store,https://db-engines.com/en/system/NosDB,Y,,Alachisoft/NosDB,0.04,360,Alachisoft,NosDB,Alachisoft,2016,,Y,Professional and Enterprise Versions available,N,0,1,0,0,0,0,0,0,0,0,0,0,0,0,0,0,0.0,0.0
STSdb,Key-value,Key-value store,https://db-engines.com/en/system/STSdb,Y,,STSSoft/STSdb4,0.04,360,STSSoft,STSdb4,STS Soft SC,2011,2015,Y,"GPLv2, commercial license available",N,0,0,0,0,1,0,0,0,0,0,0,0,0,0,0,0,0.0,0.0
Indica,Search engine,Search engine,https://db-engines.com/en/system/Indica,N,,-,0.04,362,-,-,,2014,,N,parts of it are open source,N,0,0,0,0,0,0,0,0,0,0,0,1,0,0,0,0,0.0,0.0
OushuDB,Relational,Relational DBMS,https://db-engines.com/en/system/OushuDB,N,,-,0.04,363,-,-,Oushu,,2020,N,,N,0,0,0,0,0,0,0,0,0,0,1,0,0,0,0,0,0.0,0.0
WakandaDB,Object oriented,Object oriented DBMS,https://db-engines.com/en/system/WakandaDB,N_commercial,Y,-,0.03,364,-,-,Wakanda SAS,2012,2019,Y,"AGPLv3, extended commercial license available",N,0,0,0,0,0,0,0,0,1,0,0,0,0,0,0,0,0.0,0.0
JethroData,Relational,Relational DBMS,https://db-engines.com/en/system/JethroData,N,,-,0.03,365,-,-,JethroData,2013,,N,,N,0,0,0,0,0,0,0,0,0,0,1,0,0,0,0,0,0.0,0.0
ArcadeDB,Document,"Document store,Graph DBMS,Key-value store,Time Series DBMS",https://db-engines.com/en/system/ArcadeDB,Y,,ArcadeData/arcadedb,0.02,366,ArcadeData,arcadedb,Arcade Data,2021,2021,Y,Apache Version 2.0,N,0,1,0,1,1,0,0,0,0,0,0,0,0,1,0,0,0.0,0.0
OpenMLDB,Time Series,"Time Series DBMS,Relational DBMS",https://db-engines.com/en/system/OpenMLDB,,,,0.02,367,,,4 Paradigm Inc.,2020,2024,Y,,N,0,0,0,0,0,0,0,0,0,0,1,0,0,1,0,0,,
Faircom EDGE,Key-value,"Key-value store,Relational DBMS",https://db-engines.com/en/system/Faircom+EDGE,N,,-,0.02,368,-,-,FairCom Corporation,1979,2020,N,"Restricted, free version available",N,0,0,0,0,1,0,0,0,0,0,1,0,0,0,0,0,0.0,0.0
Tigris,Document,"Document store,Key-value store,Search engine,Time Series DBMS",https://db-engines.com/en/system/Tigris,Y,,tigrisdata/tigris,0.02,369,tigrisdata,tigris,"Tigris Data, Inc.",2022,,Y,Apache Version 2.0,N,0,1,0,0,1,0,0,0,0,0,0,1,0,1,0,0,0.0,0.0
Dydra,RDF,RDF store,https://db-engines.com/en/system/Dydra,Y_UnlicenseLicense,,dydra/dydra,0.02,370,dydra,dydra,,2010,,N,,N,0,0,0,0,0,0,0,0,0,1,0,0,0,0,0,0,0.0,0.0
SmallSQL,Relational,Relational DBMS,https://db-engines.com/en/system/SmallSQL,Y,,CptTZ/SmallSQL,0.02,371,CptTZ,SmallSQL,,2005,,Y,L-GPL,N,0,0,0,0,0,0,0,0,0,0,1,0,0,0,0,0,0.0,0.0
SparkleDB,RDF,RDF store,https://db-engines.com/en/system/SparkleDB,N,,-,0.02,372,-,-,,2012,,N,,N,0,0,0,0,0,0,0,0,0,1,0,0,0,0,0,0,0.0,0.0
Acebase,Document,Document store,https://db-engines.com/en/system/Acebase,Y,,appy-one/acebase,0.01,373,appy-one,acebase,,2018,,Y,MIT License,N,0,1,0,0,0,0,0,0,0,0,0,0,0,0,0,0,0.0,0.0
Resin Cache,Key-value,Key-value store,https://db-engines.com/en/system/Resin+Cache,Y,,dlitz/resin,0.01,374,dlitz,resin,,1998,2021,Y,"GPLv3, extended commercial license available",N,0,0,0,0,1,0,0,0,0,0,0,0,0,0,0,0,0.0,0.0
openGemini,Time Series,Time Series DBMS,https://db-engines.com/en/system/openGemini,Y,,openGemini/openGemini,0.01,375,openGemini,openGemini,Huawei and openGemini community,2022,2023,Y,Apache Version 2.0,N,0,0,0,0,0,0,0,0,0,0,0,0,0,1,0,0,0.0,
SWC-DB,Wide column,"Wide column store,Time Series DBMS",https://db-engines.com/en/system/SWC-DB,Y,,kashirin-alex/swc-db,0.01,376,kashirin-alex,swc-db,Alex Kashirin,2020,2021,Y,GPL V3,N,0,0,0,0,0,0,0,0,0,0,0,0,0,1,0,1,0.0,0.0
Eloquera,Object oriented,Object oriented DBMS,https://db-engines.com/en/system/Eloquera,N,,-,0.01,377,-,-,,2008,2014,N,free licenses,N,0,0,0,0,0,0,0,0,1,0,0,0,0,0,0,0,0.0,0.0
InfinityDB,Key-value,Key-value store,https://db-engines.com/en/system/InfinityDB,N,,-,0.0,378,-,-,Boiler Bay Inc.,2002,,N,,N,0,0,0,0,1,0,0,0,0,0,0,0,0,0,0,0,0.0,0.0
Hawkular Metrics,Time Series,Time Series DBMS,https://db-engines.com/en/system/Hawkular+Metrics,Y,,hawkular/hawkular-metrics,0.0,379,hawkular,hawkular-metrics,Community supported by Red Hat,2014,,Y,Apache 2.0,N,0,0,0,0,0,0,0,0,0,0,0,0,0,1,0,0,0.0,0.0
Siaqodb,Object oriented,Object oriented DBMS,https://db-engines.com/en/system/Siaqodb,Y_Nonlicense,,morecraf/Siaqodb,0.0,380,morecraf,Siaqodb,,,,N,,N,0,0,0,0,0,0,0,0,1,0,0,0,0,0,0,0,0.0,0.0
LedisDB,Key-value,Key-value store,https://db-engines.com/en/system/LedisDB,Y,,ledisdb/ledisdb,0.0,381,ledisdb,ledisdb,,2014,,Y,MIT-License,N,0,0,0,0,1,0,0,0,0,0,0,0,0,0,0,0,0.0,0.0
SwayDB,Key-value,Key-value store,https://db-engines.com/en/system/SwayDB,Y,,simerplaha/SwayDB,0.0,382,simerplaha,SwayDB,Simer Plaha,2018,,Y,GNU Affero GPL V3.0,N,0,0,0,0,1,0,0,0,0,0,0,0,0,0,0,0,0.0,0.0
ActorDB,Relational,Relational DBMS,https://db-engines.com/en/system/ActorDB,Y,,biokoda/actordb,0.0,383,biokoda,actordb,,2014,,Y,Mozilla Public License 2.0,N,0,0,0,0,0,0,0,0,0,0,1,0,0,0,0,0,0.0,0.0
BergDB,Key-value,Key-value store,https://db-engines.com/en/system/BergDB,Y,,bergdb/bergdb,0.0,383,bergdb,bergdb,,2013,,Y,Gnu Affero General Public License (AGPL),N,0,0,0,0,1,0,0,0,0,0,0,0,0,0,0,0,0.0,0.0
BrightstarDB,RDF,RDF store,https://db-engines.com/en/system/BrightstarDB,Y,,BrightstarDB/BrightstarDB,0.0,383,BrightstarDB,BrightstarDB,,2012,,Y,,N,0,0,0,0,0,0,0,0,0,1,0,0,0,0,0,0,0.0,0.0
Cachelot.io,Key-value,Key-value store,https://db-engines.com/en/system/Cachelot.io,Y,,cachelot/cachelot,0.0,383,cachelot,cachelot,,2015,,Y,Simplified BSD License,N,0,0,0,0,1,0,0,0,0,0,0,0,0,0,0,0,0.0,0.0
chDB,Relational,"Relational DBMS,Time Series DBMS",https://db-engines.com/en/system/chDB,,,,0.0,383,,,,2023,,Y,Apache Version 2.0,N,0,0,0,0,0,0,0,0,0,0,1,0,0,1,0,0,,
CortexDB,Document,"Document store,Key-value store",https://db-engines.com/en/system/CortexDB,N,,-,0.0,383,-,-,,2014,,N,,N,0,1,0,0,1,0,0,0,0,0,0,0,0,0,0,0,0.0,0.0
CovenantSQL,Relational,Relational DBMS,https://db-engines.com/en/system/CovenantSQL,Y,,CovenantSQL/CovenantSQL,0.0,383,CovenantSQL,CovenantSQL,,2018,,Y,,N,0,0,0,0,0,0,0,0,0,0,1,0,0,0,0,0,0.0,0.0
DaggerDB,Relational,Relational DBMS,https://db-engines.com/en/system/DaggerDB,N,,-,0.0,383,-,-,,2014,,N,,N,0,0,0,0,0,0,0,0,0,0,1,0,0,0,0,0,0.0,0.0
Edge Intelligence,Relational,Relational DBMS,https://db-engines.com/en/system/Edge+Intelligence,N,,-,0.0,383,-,-,Adapdix,2012,,N,,N,0,0,0,0,0,0,0,0,0,0,1,0,0,0,0,0,0.0,0.0
EdgelessDB,Relational,Relational DBMS,https://db-engines.com/en/system/EdgelessDB,Y,,edgelesssys/edgelessdb,0.0,383,edgelesssys,edgelessdb,Edgeless Systems,2021,,Y,GPL V2,N,0,0,0,0,0,0,0,0,0,0,1,0,0,0,0,0,0.0,0.0
Galaxybase,Graph,Graph DBMS,https://db-engines.com/en/system/Galaxybase,N,,-,0.0,383,-,-,"Chuanglin(Createlink) Technology Co., Ltd 浙江创邻科技有限公司",2017,2021,N,,N,0,0,0,1,0,0,0,0,0,0,0,0,0,0,0,0,0.0,0.0
H2GIS,Spatial,"Spatial DBMS,Relational DBMS",https://db-engines.com/en/system/H2GIS,Y,,orbisgis/h2gis,0.0,383,orbisgis,h2gis,CNRS,2013,,Y,LGPL 3.0,N,0,0,0,0,0,0,0,0,0,0,1,0,1,0,0,0,1.0,0.0
Helium,Key-value,Key-value store,https://db-engines.com/en/system/Helium,N,,-,0.0,383,-,-,Levyx Inc.,2013,,N,,N,0,0,0,0,1,0,0,0,0,0,0,0,0,0,0,0,0.0,0.0
HGraphDB,Graph,Graph DBMS,https://db-engines.com/en/system/HGraphDB,Y,,rayokota/hgraphdb,0.0,383,rayokota,hgraphdb,,2016,,Y,Apache 2.0,N,0,0,0,1,0,0,0,0,0,0,0,0,0,0,0,0,0.0,0.0
HyperLevelDB,Key-value,Key-value store,https://db-engines.com/en/system/HyperLevelDB,Y,,rescrv/HyperLevelDB,0.0,383,rescrv,HyperLevelDB,,2010,,Y,,N,0,0,0,0,1,0,0,0,0,0,0,0,0,0,0,0,0.0,0.0
iBoxDB,Document,Document store,https://db-engines.com/en/system/iBoxDB,Y,,iboxdb/ftserver,0.0,383,iboxdb,ftserver,,2013,,Y,,N,0,1,0,0,0,0,0,0,0,0,0,0,0,0,0,0,0.0,0.0
JaguarDB,Key-value,"Key-value store,Vector DBMS",https://db-engines.com/en/system/JaguarDB,Y,Y,datajaguar/jaguardb,0.0,383,datajaguar,jaguardb,"DataJaguar, Inc.",2015,2023,Y,GPL V3.0,N,0,0,0,0,1,0,0,0,0,0,0,0,0,0,1,0,0.0,1.0
JasDB,Document,Document store,https://db-engines.com/en/system/JasDB,Y,,oberasoftware/jasdb,0.0,383,oberasoftware,jasdb,,2014,,Y,,N,0,1,0,0,0,0,0,0,0,0,0,0,0,0,0,0,0.0,0.0
K-DB,Relational,Relational DBMS,https://db-engines.com/en/system/K-DB,N,,-,0.0,383,-,-,Inspur Group,,,N,,N,0,0,0,0,0,0,0,0,0,0,1,0,0,0,0,0,0.0,0.0
Newts,Time Series,Time Series DBMS,https://db-engines.com/en/system/Newts,Y,,OpenNMS/newts,0.0,383,OpenNMS,newts,OpenNMS Group,2014,,Y,Apache 2.0,N,0,0,0,0,0,0,0,0,0,0,0,0,0,1,0,0,0.0,0.0
NSDb,Time Series,Time Series DBMS,https://db-engines.com/en/system/NSDb,Y,,radicalbit/NSDb,0.0,383,radicalbit,NSDb,,2017,,Y,Apache Version 2.0,N,0,0,0,0,0,0,0,0,0,0,0,0,0,1,0,0,0.0,0.0
OpenTenBase,Relational,Relational DBMS,https://db-engines.com/en/system/OpenTenBase,,,,0.0,383,,,"OpenAtom Foundation, previously Tencent",,2024,Y,BSD-3,N,0,0,0,0,0,0,0,0,0,0,1,0,0,0,0,0,,
OrigoDB,Document,"Document store,Object oriented DBMS",https://db-engines.com/en/system/OrigoDB,Y,,DevrexLabs/OrigoDB,0.0,383,DevrexLabs,OrigoDB,Robert Friberg et al,2009,,Y,,N,0,1,0,0,0,0,0,0,1,0,0,0,0,0,0,0,0.0,0.0
RaptorDB,Document,Document store,https://db-engines.com/en/system/RaptorDB,Y,,mgholam/RaptorDB-Document,0.0,383,mgholam,RaptorDB-Document,,,,Y,Apache Version 2,N,0,1,0,0,0,0,0,0,0,0,0,0,0,0,0,0,0.0,0.0
ReductStore,Time Series,Time Series DBMS,https://db-engines.com/en/system/ReductStore,,,,0.0,383,,,ReductStore LLC,2023,2024,Y,Business Source License 1.1,N,0,0,0,0,0,0,0,0,0,0,0,0,0,1,0,0,,
Rizhiyi,Search engine,"Search engine,Time Series DBMS",https://db-engines.com/en/system/Rizhiyi,N,,-,0.0,383,-,-,Rizhiyi,2014,,N,,N,0,0,0,0,0,0,0,0,0,0,0,1,0,1,0,0,0.0,0.0
Sadas Engine,Relational,Relational DBMS,https://db-engines.com/en/system/Sadas+Engine,N,,-,0.0,383,-,-,SADAS s.r.l.,2006,,N,free trial version available,N,0,0,0,0,0,0,0,0,0,0,1,0,0,0,0,0,0.0,0.0
searchxml,Native XML,"Native XML DBMS,Search engine",https://db-engines.com/en/system/searchxml,N,,-,0.0,383,-,-,informationpartners gmbh,2015,,N,,N,0,0,0,0,0,0,1,0,0,0,0,1,0,0,0,0,0.0,0.0
SiriDB,Time Series,Time Series DBMS,https://db-engines.com/en/system/SiriDB,Y,,SiriDB/siridb-server,0.0,383,SiriDB,siridb-server,Cesbit,2017,,Y,MIT License,N,0,0,0,0,0,0,0,0,0,0,0,0,0,1,0,0,0.0,0.0
Skytable,Key-value,Key-value store,https://db-engines.com/en/system/Skytable,Y,Y,skytable/skytable,0.0,383,skytable,skytable,"Skytable, Inc.",2020,,Y,GNU AGPL 3.0,N,0,0,0,0,1,0,0,0,0,0,0,0,0,0,0,0,0.0,0.0
SpaceTime,Spatial,"Spatial DBMS,Relational DBMS",https://db-engines.com/en/system/SpaceTime,N,,-,0.0,383,-,-,Mireo,2020,,N,,N,0,0,0,0,0,0,0,0,0,0,1,0,1,0,0,0,1.0,0.0
TerarkDB,Key-value,Key-value store,https://db-engines.com/en/system/TerarkDB,Y_GithubFork,,bytedance/terarkdb,0.0,383,bytedance,terarkdb,"ByteDance, originally Terark",2016,,N,restricted open source version available,N,0,0,0,0,1,0,0,0,0,0,0,0,0,0,0,0,0.0,0.0
Tkrzw,Key-value,Key-value store,https://db-engines.com/en/system/Tkrzw,Y,,estraier/tkrzw,0.0,383,estraier,tkrzw,Mikio Hirabayashi,2020,2020,Y,Apache Version 2.0,N,0,0,0,0,1,0,0,0,0,0,0,0,0,0,0,0,0.0,0.0
TomP2P,Key-value,Key-value store,https://db-engines.com/en/system/TomP2P,Y,,tomp2p/TomP2P,0.0,383,tomp2p,TomP2P,,2004,,Y,Apache Version 2,N,0,0,0,0,1,0,0,0,0,0,0,0,0,0,0,0,0.0,0.0
Transwarp Hippo,Vector,Vector DBMS,https://db-engines.com/en/system/Transwarp+Hippo,N,,-,0.0,383,-,-,,2023,2023,N,,N,0,0,0,0,0,0,0,0,0,0,0,0,0,0,1,0,0.0,1.0
Transwarp StellarDB,Graph,Graph DBMS,https://db-engines.com/en/system/Transwarp+StellarDB,Y_IssueTracking,,stellardb/StellarDB,0.0,383,stellardb,StellarDB,Transwarp,,,N,,N,0,0,0,1,0,0,0,0,0,0,0,0,0,0,0,0,0.0,0.0
Upscaledb,Key-value,Key-value store,https://db-engines.com/en/system/Upscaledb,Y,,cruppstahl/upscaledb,0.0,383,cruppstahl,upscaledb,,2007,,Y,Apache Version 2,N,0,0,0,0,1,0,0,0,0,0,0,0,0,0,0,0,0.0,0.0
WhiteDB,Document,Document store,https://db-engines.com/en/system/WhiteDB,Y,,priitj/whitedb,0.0,383,priitj,whitedb,,2008,,Y,GPL V3,N,0,1,0,0,0,0,0,0,0,0,0,0,0,0,0,0,0.0,0.0
