Rank_Jan-2025,Rank_Dec-2024,Rank_Jan-2024,DBMS,Database Model,Score_Jan-2025,Score_Dec-2024,Score_Jan-2024,DBMS_insitelink,Multi_model_info
1.,1.,1.,Oracle,"Relational, Multi-model",1258.76,-5.03,+11.27,https://db-engines.com/en/system/Oracle,"Relational DBMS,Document store,Graph DBMS,RDF store,Spatial DBMS,Vector DBMS"
2.,2.,2.,MySQL,"Relational, Multi-model",998.15,-5.61,-125.31,https://db-engines.com/en/system/MySQL,"Relational DBMS,Document store,Spatial DBMS"
3.,3.,3.,Microsoft SQL Server,"Relational, Multi-model",798.55,-7.14,-78.05,https://db-engines.com/en/system/Microsoft+SQL+Server,"Relational DBMS,Document store,Graph DBMS,Spatial DBMS"
4.,4.,4.,PostgreSQL,"Relational, Multi-model",663.41,-2.97,+14.45,https://db-engines.com/en/system/PostgreSQL,"Relational DBMS,Document store,Graph DBMS,Spatial DBMS,Vector DBMS"
5.,5.,5.,MongoDB,"Document, Multi-model",402.50,+2.12,-14.98,https://db-engines.com/en/system/MongoDB,"Document store,Spatial DBMS,Search engine,Time Series DBMS,Vector DBMS"
6.,7.,9.,Snowflake,Relational,153.90,+6.54,+27.98,https://db-engines.com/en/system/Snowflake,
7.,6.,6.,Redis,"Key-value, Multi-model",153.36,+3.08,-6.03,https://db-engines.com/en/system/Redis,"Key-value store,Document store,Graph DBMS,Spatial DBMS,Search engine,Time Series DBMS,Vector DBMS"
8.,8.,7.,Elasticsearch,Multi-model,134.92,+2.60,-1.15,https://db-engines.com/en/system/Elasticsearch,"Search engine,Vector DBMS,Document store,Spatial DBMS"
9.,9.,8.,IBM Db2,"Relational, Multi-model",122.97,+0.19,-9.43,https://db-engines.com/en/system/IBM+Db2,"Relational DBMS,Document store,RDF store,Spatial DBMS"
10.,10.,11.,SQLite,Relational,106.69,+4.97,-8.51,https://db-engines.com/en/system/SQLite,
11.,11.,12.,Apache Cassandra,"Wide column, Multi-model",99.19,+1.26,-11.84,https://db-engines.com/en/system/Apache+Cassandra,"Wide column store,Vector DBMS"
12.,12.,10.,Microsoft Access,Relational,92.70,+1.88,-24.97,https://db-engines.com/en/system/Microsoft+Access,
13.,13.,17.,Databricks,Multi-model,87.85,+0.16,+7.31,https://db-engines.com/en/system/Databricks,"Document store,Relational DBMS"
14.,15.,13.,MariaDB,"Relational, Multi-model",85.58,+1.81,-13.65,https://db-engines.com/en/system/MariaDB,"Relational DBMS,Document store,Graph DBMS,Spatial DBMS"
15.,14.,14.,Splunk,Search engine,83.09,-2.27,-9.63,https://db-engines.com/en/system/Splunk,
16.,16.,15.,Microsoft Azure SQL Database,"Relational, Multi-model",73.78,-2.59,-7.29,https://db-engines.com/en/system/Microsoft+Azure+SQL+Database,"Relational DBMS,Document store,Graph DBMS,Spatial DBMS"
17.,17.,16.,Amazon DynamoDB,Multi-model,73.00,+0.27,-7.94,https://db-engines.com/en/system/Amazon+DynamoDB,"Document store,Key-value store"
18.,18.,18.,Apache Hive,Relational,56.87,+3.78,-10.08,https://db-engines.com/en/system/Apache+Hive,
19.,19.,19.,Google BigQuery,Relational,53.04,+0.75,-10.44,https://db-engines.com/en/system/Google+BigQuery,
20.,20.,22.,Neo4j,Graph,43.69,+0.62,-4.49,https://db-engines.com/en/system/Neo4j,
21.,21.,21.,FileMaker,Relational,41.50,-1.36,-10.55,https://db-engines.com/en/system/FileMaker,
22.,23.,20.,Teradata,"Relational, Multi-model",36.25,-1.35,-16.93,https://db-engines.com/en/system/Teradata,"Relational DBMS,Document store,Graph DBMS,Spatial DBMS,Time Series DBMS"
23.,22.,23.,SAP HANA,"Relational, Multi-model",36.06,-1.59,-10.38,https://db-engines.com/en/system/SAP+HANA,"Relational DBMS,Document store,Graph DBMS,Spatial DBMS"
24.,24.,24.,Apache Solr,"Search engine, Multi-model",32.32,-0.15,-12.81,https://db-engines.com/en/system/Apache+Solr,"Search engine,Spatial DBMS"
25.,25.,25.,SAP Adaptive Server,"Relational, Multi-model",29.05,-1.26,-10.38,https://db-engines.com/en/system/SAP+Adaptive+Server,"Relational DBMS,Spatial DBMS"
26.,26.,26.,Apache HBase,Wide column,24.75,-0.25,-9.11,https://db-engines.com/en/system/Apache+HBase,
27.,27.,27.,Microsoft Azure Cosmos DB,Multi-model,22.96,-0.10,-10.51,https://db-engines.com/en/system/Microsoft+Azure+Cosmos+DB,"Document store,Graph DBMS,Key-value store,Wide column store,Spatial DBMS"
28.,28.,28.,InfluxDB,"Time Series, Multi-model",21.54,+0.31,-6.02,https://db-engines.com/en/system/InfluxDB,"Time Series DBMS,Spatial DBMS"
29.,29.,30.,PostGIS,"Spatial, Multi-model",19.70,+0.26,-6.95,https://db-engines.com/en/system/PostGIS,"Spatial DBMS,Relational DBMS"
30.,31.,37.,ClickHouse,"Relational, Multi-model",18.56,+1.12,+1.21,https://db-engines.com/en/system/ClickHouse,"Relational DBMS,Time Series DBMS"
31.,32.,36.,Apache Spark (SQL),Relational,17.80,+0.41,-1.35,https://db-engines.com/en/system/Apache+Spark+%28SQL%29,
32.,30.,29.,Firebird,Relational,17.72,-0.82,-9.28,https://db-engines.com/en/system/Firebird,
33.,33.,42.,OpenSearch,"Search engine, Multi-model",16.79,-0.40,+2.84,https://db-engines.com/en/system/OpenSearch,"Search engine,Vector DBMS"
34.,34.,35.,Memcached,Key-value,16.60,-0.42,-3.10,https://db-engines.com/en/system/Memcached,
35.,35.,33.,Couchbase,Multi-model,16.01,+0.18,-5.18,https://db-engines.com/en/system/Couchbase,"Document store,Vector DBMS,Key-value store,Spatial DBMS,Search engine,Time Series DBMS,Vector DBMS,Wide column store"
36.,36.,34.,Informix,"Relational, Multi-model",15.39,-0.32,-5.30,https://db-engines.com/en/system/Informix,"Relational DBMS,Document store,Spatial DBMS,Time Series DBMS"
37.,37.,31.,Microsoft Azure Synapse Analytics,Relational,15.00,-0.35,-11.28,https://db-engines.com/en/system/Microsoft+Azure+Synapse+Analytics,
38.,38.,32.,Amazon Redshift,Relational,14.52,+0.31,-7.78,https://db-engines.com/en/system/Amazon+Redshift,
39.,39.,39.,Firebase Realtime Database,Document,13.11,+0.05,-3.52,https://db-engines.com/en/system/Firebase+Realtime+Database,
40.,40.,43.,Apache Flink,Relational,12.03,+1.31,-1.89,https://db-engines.com/en/system/Apache+Flink,
41.,41.,38.,Apache Impala,"Relational, Multi-model",10.69,+0.30,-5.97,https://db-engines.com/en/system/Apache+Impala,"Relational DBMS,Document store"
42.,42.,44.,Vertica,"Relational, Multi-model",9.63,+0.10,-3.60,https://db-engines.com/en/system/Vertica,"Relational DBMS,Spatial DBMS,Time Series DBMS"
43.,43.,40.,dBASE,Relational,8.56,-0.94,-5.95,https://db-engines.com/en/system/dBASE,
44.,45.,49.,Amazon Aurora,"Relational, Multi-model",8.11,+0.63,-1.74,https://db-engines.com/en/system/Amazon+Aurora,"Relational DBMS,Document store"
45.,44.,45.,CouchDB,"Document, Multi-model",7.78,+0.08,-5.34,https://db-engines.com/en/system/CouchDB,"Document store,Spatial DBMS"
46.,49.,48.,Greenplum,"Relational, Multi-model",7.38,+0.31,-3.02,https://db-engines.com/en/system/Greenplum,"Relational DBMS,Document store,Spatial DBMS"
47.,46.,52.,etcd,Key-value,7.08,-0.06,-1.19,https://db-engines.com/en/system/etcd,
48.,52.,46.,Netezza,Relational,7.03,+0.19,-5.51,https://db-engines.com/en/system/Netezza,
49.,48.,55.,Realm,Document,6.99,-0.13,-1.12,https://db-engines.com/en/system/Realm,
50.,50.,51.,H2,"Relational, Multi-model",6.95,-0.07,-1.50,https://db-engines.com/en/system/H2,"Relational DBMS,Spatial DBMS"
51.,51.,56.,Kdb,Multi-model,6.95,-0.04,-1.02,https://db-engines.com/en/system/Kdb,"Time Series DBMS,Vector DBMS,Relational DBMS"
52.,47.,50.,Prometheus,Time Series,6.85,-0.27,-2.10,https://db-engines.com/en/system/Prometheus,
53.,53.,47.,Google Cloud Firestore,Document,6.73,+0.15,-4.39,https://db-engines.com/en/system/Google+Cloud+Firestore,
54.,54.,41.,Presto,Relational,6.58,+0.04,-7.65,https://db-engines.com/en/system/Presto,
55.,55.,86.,DuckDB,Relational,6.32,+0.15,+1.91,https://db-engines.com/en/system/DuckDB,
56.,56.,68.,Sphinx,Search engine,5.86,-0.05,-0.23,https://db-engines.com/en/system/Sphinx,
57.,57.,62.,Algolia,Search engine,5.63,-0.16,-0.86,https://db-engines.com/en/system/Algolia,
58.,61.,54.,Hazelcast,"Key-value, Multi-model",5.59,+0.23,-2.55,https://db-engines.com/en/system/Hazelcast,"Key-value store,Document store"
59.,58.,53.,Oracle Essbase,Relational,5.49,-0.12,-2.73,https://db-engines.com/en/system/Oracle+Essbase,
60.,59.,65.,Microsoft Azure AI Search,"Search engine, Multi-model",5.45,-0.04,-0.77,https://db-engines.com/en/system/Microsoft+Azure+AI+Search,"Search engine,Vector DBMS"
61.,60.,80.,Trino,"Relational, Multi-model",5.40,+0.02,+0.49,https://db-engines.com/en/system/Trino,"Relational DBMS,Document store,Key-value store,Spatial DBMS,Search engine,Time Series DBMS,Wide column store"
62.,62.,59.,Aerospike,Multi-model,5.05,-0.29,-1.71,https://db-engines.com/en/system/Aerospike,"Document store,Graph DBMS,Key-value store,Spatial DBMS,Vector DBMS"
63.,63.,75.,Graphite,Time Series,4.55,-0.26,-0.72,https://db-engines.com/en/system/Graphite,
64.,64.,57.,Datastax Enterprise,"Wide column, Multi-model",4.48,-0.26,-3.42,https://db-engines.com/en/system/Datastax+Enterprise,"Wide column store,Document store,Graph DBMS,Spatial DBMS,Search engine,Vector DBMS"
65.,65.,67.,Ehcache,Key-value,4.39,-0.23,-1.76,https://db-engines.com/en/system/Ehcache,
66.,67.,60.,CockroachDB,Relational,4.29,+0.10,-2.31,https://db-engines.com/en/system/CockroachDB,
67.,66.,58.,MarkLogic,Multi-model,3.95,-0.37,-3.83,https://db-engines.com/en/system/MarkLogic,"Document store,Native XML DBMS,RDF store,Search engine"
68.,68.,69.,Apache Jackrabbit,Content,3.93,-0.22,-2.12,https://db-engines.com/en/system/Apache+Jackrabbit,
69.,69.,64.,SingleStore,"Relational, Multi-model",3.90,-0.23,-2.33,https://db-engines.com/en/system/SingleStore,"Relational DBMS,Document store,Spatial DBMS,Time Series DBMS,Vector DBMS"
70.,70.,79.,Google Cloud Datastore,Document,3.80,-0.16,-1.19,https://db-engines.com/en/system/Google+Cloud+Datastore,
71.,71.,87.,TiDB,"Relational, Multi-model",3.68,-0.18,-0.67,https://db-engines.com/en/system/TiDB,"Relational DBMS,Document store"
72.,72.,66.,ScyllaDB,"Wide column, Multi-model",3.65,-0.17,-2.53,https://db-engines.com/en/system/ScyllaDB,"Wide column store,Key-value store"
73.,73.,61.,Apache Derby,Relational,3.63,-0.16,-2.89,https://db-engines.com/en/system/Apache+Derby,
74.,76.,95.,OpenEdge,Relational,3.61,-0.03,-0.27,https://db-engines.com/en/system/OpenEdge,
75.,74.,76.,TimescaleDB,"Time Series, Multi-model",3.56,-0.18,-1.68,https://db-engines.com/en/system/TimescaleDB,"Time Series DBMS,Relational DBMS"
76.,75.,70.,Interbase,Relational,3.56,-0.11,-2.41,https://db-engines.com/en/system/Interbase,
77.,78.,74.,Ingres,Relational,3.47,-0.14,-1.99,https://db-engines.com/en/system/Ingres,
78.,77.,71.,Riak KV,Key-value,3.47,-0.17,-2.17,https://db-engines.com/en/system/Riak+KV,
79.,79.,77.,Virtuoso,Multi-model,3.32,-0.26,-1.76,https://db-engines.com/en/system/Virtuoso,"Document store,Graph DBMS,Native XML DBMS,Relational DBMS,RDF store,Search engine,Spatial DBMS"
80.,81.,97.,Oracle NoSQL,Multi-model,3.24,+0.03,-0.47,https://db-engines.com/en/system/Oracle+NoSQL,"Document store,Key-value store,Relational DBMS"
81.,80.,108.,Pinecone,Vector,3.20,-0.03,0.00,https://db-engines.com/en/system/Pinecone,
82.,82.,73.,SAP SQL Anywhere,Relational,3.19,+0.01,-2.32,https://db-engines.com/en/system/SAP+SQL+Anywhere,
83.,83.,63.,Microsoft Azure Data Explorer,"Relational, Multi-model",3.02,-0.07,-3.43,https://db-engines.com/en/system/Microsoft+Azure+Data+Explorer,"Relational DBMS,Document store,Event Store,Spatial DBMS,Search engine,Time Series DBMS"
84.,87.,121.,QuestDB,"Time Series, Multi-model",3.00,+0.02,+0.28,https://db-engines.com/en/system/QuestDB,"Time Series DBMS,Relational DBMS"
85.,88.,84.,Apache Ignite,Multi-model,2.94,-0.04,-1.55,https://db-engines.com/en/system/Apache+Ignite,"Key-value store,Relational DBMS"
86.,92.,99.,Apache Druid,Multi-model,2.92,+0.04,-0.66,https://db-engines.com/en/system/Apache+Druid,"Relational DBMS,Time Series DBMS"
87.,89.,88.,ArangoDB,Multi-model,2.92,-0.04,-1.43,https://db-engines.com/en/system/ArangoDB,"Document store,Graph DBMS,Key-value store,Search engine"
88.,86.,78.,Apache Jena - TDB,RDF,2.85,-0.13,-2.17,https://db-engines.com/en/system/Apache+Jena+-+TDB,
89.,90.,83.,HyperSQL,Relational,2.82,-0.12,-1.77,https://db-engines.com/en/system/HyperSQL,
90.,84.,72.,Microsoft Azure Table Storage,Wide column,2.82,-0.23,-2.79,https://db-engines.com/en/system/Microsoft+Azure+Table+Storage,
91.,99.,101.,Google Cloud Spanner,Relational,2.80,+0.14,-0.69,https://db-engines.com/en/system/Google+Cloud+Spanner,
92.,85.,91.,Google Cloud Bigtable,Multi-model,2.80,-0.22,-1.39,https://db-engines.com/en/system/Google+Cloud+Bigtable,"Key-value store,Wide column store"
93.,93.,90.,OrientDB,Multi-model,2.79,-0.08,-1.41,https://db-engines.com/en/system/OrientDB,"Document store,Graph DBMS,Key-value store"
94.,91.,81.,Apache Accumulo,Wide column,2.78,-0.15,-2.05,https://db-engines.com/en/system/Apache+Accumulo,
95.,98.,82.,Adabas,Multivalue,2.77,+0.10,-1.85,https://db-engines.com/en/system/Adabas,
96.,95.,183.,Milvus,Vector,2.76,-0.06,+1.32,https://db-engines.com/en/system/Milvus,
97.,94.,93.,RocksDB,Key-value,2.73,-0.12,-1.37,https://db-engines.com/en/system/RocksDB,
98.,96.,120.,GraphDB,Multi-model,2.72,-0.06,-0.01,https://db-engines.com/en/system/GraphDB,"Graph DBMS,RDF store"
99.,97.,109.,Memgraph,Graph,2.62,-0.08,-0.53,https://db-engines.com/en/system/Memgraph,
100.,103.,105.,IBM Cloudant,Document,2.60,+0.07,-0.71,https://db-engines.com/en/system/IBM+Cloudant,
101.,100.,127.,InterSystems IRIS,Multi-model,2.56,-0.04,+0.02,https://db-engines.com/en/system/InterSystems+IRIS,"Document store,Key-value store,Object oriented DBMS,Relational DBMS"
102.,101.,92.,RavenDB,"Document, Multi-model",2.50,-0.09,-1.63,https://db-engines.com/en/system/RavenDB,"Document store,Graph DBMS,Spatial DBMS,Time Series DBMS"
103.,102.,85.,DolphinDB,Multi-model,2.47,-0.07,-1.99,https://db-engines.com/en/system/DolphinDB,"Time Series DBMS,Vector DBMS,Relational DBMS"
104.,104.,94.,GemFire,"Key-value, Multi-model",2.44,-0.09,-1.55,https://db-engines.com/en/system/GemFire,"Key-value store,Document store"
105.,105.,96.,SAP IQ,Relational,2.42,-0.07,-1.40,https://db-engines.com/en/system/SAP+IQ,
106.,106.,98.,RethinkDB,"Document, Multi-model",2.38,-0.11,-1.25,https://db-engines.com/en/system/RethinkDB,"Document store,Spatial DBMS"
107.,108.,130.,Coveo,Search engine,2.37,-0.04,-0.15,https://db-engines.com/en/system/Coveo,
108.,116.,171.,OceanBase,"Relational, Multi-model",2.36,+0.34,+0.81,https://db-engines.com/en/system/OceanBase,"Relational DBMS,Document store,Wide column store"
109.,107.,102.,YugabyteDB,"Relational, Multi-model",2.35,-0.10,-1.12,https://db-engines.com/en/system/YugabyteDB,"Relational DBMS,Document store,Wide column store"
110.,109.,89.,"UniData,UniVerse",Multivalue,2.22,-0.15,-2.05,https://db-engines.com/en/system/UniData%2CUniVerse,
111.,112.,113.,Amazon Neptune,Multi-model,2.19,+0.02,-0.68,https://db-engines.com/en/system/Amazon+Neptune,"Graph DBMS,RDF store"
112.,111.,104.,LevelDB,Key-value,2.10,-0.09,-1.30,https://db-engines.com/en/system/LevelDB,
113.,110.,100.,Infinispan,Key-value,2.08,-0.26,-1.47,https://db-engines.com/en/system/Infinispan,
114.,117.,129.,Citus,"Relational, Multi-model",2.04,+0.03,-0.49,https://db-engines.com/en/system/Citus,"Relational DBMS,Document store"
115.,114.,110.,4D,Relational,2.02,-0.12,-1.05,https://db-engines.com/en/system/4D,
116.,113.,107.,MaxDB,Relational,2.02,-0.14,-1.26,https://db-engines.com/en/system/MaxDB,
117.,115.,103.,TDengine,"Time Series, Multi-model",1.96,-0.16,-1.47,https://db-engines.com/en/system/TDengine,"Time Series DBMS,Relational DBMS"
118.,125.,139.,Chroma,Vector,1.95,+0.08,-0.28,https://db-engines.com/en/system/Chroma,
119.,118.,117.,Percona Server for MySQL,Relational,1.95,-0.06,-0.83,https://db-engines.com/en/system/Percona+Server+for+MySQL,
120.,119.,112.,PouchDB,Document,1.94,-0.05,-0.94,https://db-engines.com/en/system/PouchDB,
121.,126.,198.,Qdrant,Vector,1.93,+0.08,+0.70,https://db-engines.com/en/system/Qdrant,
122.,120.,143.,GridDB,"Time Series, Multi-model",1.93,-0.01,-0.25,https://db-engines.com/en/system/GridDB,"Time Series DBMS,Key-value store,Relational DBMS"
123.,123.,123.,LMDB,Key-value,1.88,+0.01,-0.79,https://db-engines.com/en/system/LMDB,
124.,121.,124.,Apache Phoenix,Relational,1.88,-0.02,-0.79,https://db-engines.com/en/system/Apache+Phoenix,
125.,127.,147.,Amazon DocumentDB,Document,1.85,+0.01,-0.21,https://db-engines.com/en/system/Amazon+DocumentDB,
126.,124.,111.,CloudKit,Document,1.84,-0.03,-1.07,https://db-engines.com/en/system/CloudKit,
127.,122.,106.,Oracle Berkeley DB,Multi-model,1.82,-0.07,-1.47,https://db-engines.com/en/system/Oracle+Berkeley+DB,"Key-value store,Native XML DBMS"
128.,128.,122.,Apache Drill,Multi-model,1.77,-0.04,-0.93,https://db-engines.com/en/system/Apache+Drill,"Document store,Relational DBMS"
129.,129.,131.,JanusGraph,Graph,1.72,-0.04,-0.78,https://db-engines.com/en/system/JanusGraph,
130.,131.,126.,Oracle Coherence,Key-value,1.69,-0.05,-0.95,https://db-engines.com/en/system/Oracle+Coherence,
131.,130.,141.,Stardog,Multi-model,1.68,-0.07,-0.51,https://db-engines.com/en/system/Stardog,"Graph DBMS,RDF store"
132.,132.,132.,Amazon CloudSearch,Search engine,1.68,-0.04,-0.74,https://db-engines.com/en/system/Amazon+CloudSearch,
133.,141.,136.,IMS,Navigational,1.68,+0.12,-0.65,https://db-engines.com/en/system/IMS,
134.,133.,116.,NebulaGraph,Graph,1.66,-0.05,-1.14,https://db-engines.com/en/system/NebulaGraph,
135.,136.,128.,EDB Postgres,"Relational, Multi-model",1.66,-0.04,-0.88,https://db-engines.com/en/system/EDB+Postgres,"Relational DBMS,Document store,Spatial DBMS"
136.,134.,135.,Amazon SimpleDB,Key-value,1.65,-0.06,-0.69,https://db-engines.com/en/system/Amazon+SimpleDB,
137.,137.,142.,MonetDB,"Relational, Multi-model",1.63,-0.07,-0.56,https://db-engines.com/en/system/MonetDB,"Relational DBMS,Document store,Spatial DBMS"
138.,138.,115.,RRDtool,Time Series,1.62,-0.01,-1.18,https://db-engines.com/en/system/RRDtool,
139.,140.,119.,EXASOL,Relational,1.58,-0.04,-1.18,https://db-engines.com/en/system/EXASOL,
140.,139.,138.,Empress,Relational,1.57,-0.06,-0.72,https://db-engines.com/en/system/Empress,
141.,143.,134.,Datomic,Relational,1.50,+0.02,-0.85,https://db-engines.com/en/system/Datomic,
142.,135.,149.,Weaviate,Vector,1.50,-0.20,-0.53,https://db-engines.com/en/system/Weaviate,
143.,142.,137.,SpatiaLite,"Spatial, Multi-model",1.47,-0.03,-0.84,https://db-engines.com/en/system/SpatiaLite,"Spatial DBMS,Relational DBMS"
144.,144.,140.,OpenTSDB,Time Series,1.46,-0.02,-0.75,https://db-engines.com/en/system/OpenTSDB,
145.,146.,150.,jBASE,Multivalue,1.45,-0.01,-0.57,https://db-engines.com/en/system/jBASE,
146.,153.,146.,Tibero,Relational,1.45,+0.07,-0.61,https://db-engines.com/en/system/Tibero,
147.,147.,144.,BaseX,Native XML,1.43,-0.03,-0.71,https://db-engines.com/en/system/BaseX,
148.,145.,152.,Fauna,Multi-model,1.42,-0.05,-0.54,https://db-engines.com/en/system/Fauna,"Document store,Graph DBMS,Relational DBMS,Time Series DBMS"
149.,152.,151.,TigerGraph,Graph,1.42,+0.03,-0.58,https://db-engines.com/en/system/TigerGraph,
150.,148.,114.,Geode,Key-value,1.39,-0.06,-1.43,https://db-engines.com/en/system/Geode,
151.,151.,201.,Apache IoTDB,Time Series,1.38,-0.02,+0.17,https://db-engines.com/en/system/Apache+IoTDB,
152.,149.,145.,Tarantool,Multi-model,1.38,-0.06,-0.72,https://db-engines.com/en/system/Tarantool,"Document store,Key-value store,Relational DBMS,Spatial DBMS"
153.,158.,167.,D3,Multivalue,1.36,+0.05,-0.24,https://db-engines.com/en/system/D3,
154.,161.,298.,Alibaba Cloud PolarDB,Relational,1.35,+0.06,+0.91,https://db-engines.com/en/system/Alibaba+Cloud+PolarDB,
155.,160.,154.,Db4o,Object oriented,1.34,+0.04,-0.58,https://db-engines.com/en/system/Db4o,
156.,165.,169.,VictoriaMetrics,Time Series,1.33,+0.08,-0.24,https://db-engines.com/en/system/VictoriaMetrics,
157.,154.,156.,GridGain,Multi-model,1.31,-0.06,-0.57,https://db-engines.com/en/system/GridGain,"Columnar,Key-value store,Object oriented DBMS,Relational DBMS"
158.,166.,193.,Amazon Timestream,Time Series,1.31,+0.08,-0.01,https://db-engines.com/en/system/Amazon+Timestream,
159.,150.,133.,Firebolt,Relational,1.31,-0.10,-1.07,https://db-engines.com/en/system/Firebolt,
160.,155.,163.,Actian NoSQL Database,Object oriented,1.29,-0.07,-0.49,https://db-engines.com/en/system/Actian+NoSQL+Database,
161.,156.,153.,VoltDB,Relational,1.27,-0.05,-0.68,https://db-engines.com/en/system/VoltDB,
162.,159.,118.,HEAVY.AI,"Relational, Multi-model",1.25,-0.05,-1.52,https://db-engines.com/en/system/HEAVY.AI,"Relational DBMS,Spatial DBMS"
163.,157.,155.,Dgraph,Graph,1.25,-0.06,-0.64,https://db-engines.com/en/system/Dgraph,
164.,169.,179.,GBase,Relational,1.24,+0.07,-0.22,https://db-engines.com/en/system/GBase,
165.,162.,158.,ObjectStore,Object oriented,1.22,-0.06,-0.66,https://db-engines.com/en/system/ObjectStore,
166.,164.,157.,IBM Db2 warehouse,Relational,1.20,-0.05,-0.69,https://db-engines.com/en/system/IBM+Db2+warehouse,
167.,167.,159.,TimesTen,Relational,1.19,-0.03,-0.64,https://db-engines.com/en/system/TimesTen,
168.,168.,160.,Mnesia,Document,1.15,-0.04,-0.65,https://db-engines.com/en/system/Mnesia,
169.,163.,166.,mSQL,Relational,1.14,-0.12,-0.49,https://db-engines.com/en/system/mSQL,
170.,176.,208.,StarRocks,Relational,1.13,+0.06,+0.02,https://db-engines.com/en/system/StarRocks,
171.,172.,180.,Giraph,Graph,1.08,-0.02,-0.37,https://db-engines.com/en/system/Giraph,
172.,171.,161.,LiteDB,Document,1.08,-0.06,-0.73,https://db-engines.com/en/system/LiteDB,
173.,170.,181.,Meilisearch,Search engine,1.08,-0.07,-0.37,https://db-engines.com/en/system/Meilisearch,
174.,175.,184.,ObjectBox,Multi-model,1.07,-0.01,-0.33,https://db-engines.com/en/system/ObjectBox,"Object oriented DBMS,Vector DBMS,Time Series DBMS"
175.,181.,185.,MatrixOne,Relational,1.05,+0.01,-0.34,https://db-engines.com/en/system/MatrixOne,
176.,174.,182.,openGauss,"Relational, Multi-model",1.05,-0.04,-0.40,https://db-engines.com/en/system/openGauss,"Relational DBMS,Document store,Spatial DBMS"
177.,173.,170.,Apache Kylin,Relational,1.05,-0.04,-0.51,https://db-engines.com/en/system/Apache+Kylin,
178.,182.,186.,HFSQL,Relational,1.05,+0.02,-0.34,https://db-engines.com/en/system/HFSQL,
179.,187.,174.,GigaSpaces,Multi-model,1.04,+0.05,-0.46,https://db-engines.com/en/system/GigaSpaces,"Document store,Object oriented DBMS,Graph DBMS,Search engine"
180.,177.,176.,EventStoreDB,Event,1.04,-0.03,-0.44,https://db-engines.com/en/system/EventStoreDB,
181.,179.,178.,Datameer,Document,1.02,-0.03,-0.44,https://db-engines.com/en/system/Datameer,
182.,180.,162.,SQLBase,Relational,1.00,-0.04,-0.79,https://db-engines.com/en/system/SQLBase,
183.,178.,173.,DataEase,Relational,1.00,-0.05,-0.53,https://db-engines.com/en/system/DataEase,
184.,188.,210.,M3DB,Time Series,0.99,0.00,-0.12,https://db-engines.com/en/system/M3DB,
185.,190.,148.,PlanetScale,"Relational, Multi-model",0.98,+0.01,-1.06,https://db-engines.com/en/system/PlanetScale,"Relational DBMS,Document store,Spatial DBMS"
186.,186.,226.,Amazon Keyspaces,Wide column,0.97,-0.02,+0.01,https://db-engines.com/en/system/Amazon+Keyspaces,
187.,189.,203.,SurrealDB,Multi-model,0.97,-0.01,-0.23,https://db-engines.com/en/system/SurrealDB,"Document store,Graph DBMS"
188.,183.,168.,Oracle Rdb,Relational,0.97,-0.05,-0.61,https://db-engines.com/en/system/Oracle+Rdb,
189.,184.,190.,Apache HAWQ,Relational,0.96,-0.04,-0.38,https://db-engines.com/en/system/Apache+HAWQ,
190.,185.,233.,eXtremeDB,Multi-model,0.96,-0.04,+0.07,https://db-engines.com/en/system/eXtremeDB,"Relational DBMS,Time Series DBMS"
191.,193.,217.,TDSQL for MySQL,"Relational, Multi-model",0.96,+0.01,-0.07,https://db-engines.com/en/system/TDSQL+for+MySQL,"Relational DBMS,Document store,Spatial DBMS"
192.,191.,191.,NCache,"Key-value, Multi-model",0.93,-0.04,-0.40,https://db-engines.com/en/system/NCache,"Key-value store,Document store,Search engine"
193.,192.,172.,GT.M,Key-value,0.91,-0.03,-0.61,https://db-engines.com/en/system/GT.M,
194.,198.,194.,NonStop SQL,Relational,0.91,0.00,-0.40,https://db-engines.com/en/system/NonStop+SQL,
195.,194.,206.,Rockset,"Document, Multi-model",0.90,-0.03,-0.26,https://db-engines.com/en/system/Rockset,"Document store,Relational DBMS,Search engine"
196.,208.,192.,ZODB,Key-value,0.89,+0.08,-0.43,https://db-engines.com/en/system/ZODB,
197.,200.,252.,Alibaba Cloud MaxCompute,Relational,0.89,+0.01,+0.13,https://db-engines.com/en/system/Alibaba+Cloud+MaxCompute,
198.,197.,207.,Vitess,"Relational, Multi-model",0.89,-0.02,-0.25,https://db-engines.com/en/system/Vitess,"Relational DBMS,Document store,Spatial DBMS"
199.,196.,165.,FoundationDB,Multi-model,0.89,-0.03,-0.82,https://db-engines.com/en/system/FoundationDB,"Document store,Key-value store,Relational DBMS"
200.,199.,215.,IDMS,Navigational,0.88,-0.02,-0.17,https://db-engines.com/en/system/IDMS,
201.,195.,177.,Cubrid,Relational,0.87,-0.05,-0.60,https://db-engines.com/en/system/Cubrid,
202.,202.,247.,RDF4J,RDF,0.83,-0.03,+0.05,https://db-engines.com/en/system/RDF4J,
203.,201.,248.,Alibaba Cloud AnalyticDB for MySQL,"Relational, Multi-model",0.83,-0.04,+0.05,https://db-engines.com/en/system/Alibaba+Cloud+AnalyticDB+for+MySQL,"Relational DBMS,Document store"
204.,204.,175.,Infobright,Relational,0.81,-0.04,-0.67,https://db-engines.com/en/system/Infobright,
205.,205.,204.,NuoDB,Relational,0.80,-0.04,-0.38,https://db-engines.com/en/system/NuoDB,
206.,206.,189.,Altibase,Relational,0.80,-0.03,-0.56,https://db-engines.com/en/system/Altibase,
207.,207.,218.,Typesense,Search engine,0.79,-0.03,-0.23,https://db-engines.com/en/system/Typesense,
208.,211.,197.,HPE Ezmeral Data Fabric,Multi-model,0.79,0.00,-0.46,https://db-engines.com/en/system/HPE+Ezmeral+Data+Fabric,"Document store,Wide column store"
209.,209.,216.,BigchainDB,Document,0.77,-0.03,-0.26,https://db-engines.com/en/system/BigchainDB,
210.,203.,164.,Sedna,Native XML,0.76,-0.10,-0.99,https://db-engines.com/en/system/Sedna,
211.,212.,221.,Yellowbrick,Relational,0.76,-0.03,-0.25,https://db-engines.com/en/system/Yellowbrick,
212.,215.,222.,GeoMesa,Spatial,0.74,0.00,-0.26,https://db-engines.com/en/system/GeoMesa,
213.,210.,188.,Model 204,Multivalue,0.74,-0.06,-0.63,https://db-engines.com/en/system/Model+204,
214.,218.,280.,Alibaba Cloud AnalyticDB for PostgreSQL,Relational,0.72,-0.01,+0.19,https://db-engines.com/en/system/Alibaba+Cloud+AnalyticDB+for+PostgreSQL,
215.,214.,230.,Blazegraph,Multi-model,0.72,-0.03,-0.19,https://db-engines.com/en/system/Blazegraph,"Graph DBMS,RDF store"
216.,216.,196.,AllegroGraph,Multi-model,0.71,-0.02,-0.56,https://db-engines.com/en/system/AllegroGraph,"Document store,Graph DBMS,RDF store,Vector DBMS,Spatial DBMS"
217.,220.,224.,SciDB,Multivalue,0.70,-0.01,-0.30,https://db-engines.com/en/system/SciDB,
218.,219.,220.,eXist-db,Native XML,0.70,-0.03,-0.31,https://db-engines.com/en/system/eXist-db,
219.,213.,202.,Dolt,"Relational, Multi-model",0.69,-0.08,-0.52,https://db-engines.com/en/system/Dolt,"Relational DBMS,Document store"
220.,222.,199.,Xapian,Search engine,0.69,-0.02,-0.54,https://db-engines.com/en/system/Xapian,
221.,221.,209.,Actian Vector,Relational,0.68,-0.03,-0.43,https://db-engines.com/en/system/Actian+Vector,
222.,225.,264.,Vespa,Multi-model,0.68,+0.05,+0.02,https://db-engines.com/en/system/Vespa,"Search engine,Vector DBMS"
223.,217.,228.,Datacom/DB,Relational,0.68,-0.05,-0.26,https://db-engines.com/en/system/Datacom%2FDB,
224.,226.,227.,ObjectDB,Object oriented,0.68,+0.05,-0.27,https://db-engines.com/en/system/ObjectDB,
225.,227.,225.,SQream DB,Relational,0.67,+0.04,-0.30,https://db-engines.com/en/system/SQream+DB,
226.,223.,239.,KeyDB,Key-value,0.67,-0.01,-0.19,https://db-engines.com/en/system/KeyDB,
227.,224.,223.,CrateDB,Multi-model,0.64,-0.02,-0.36,https://db-engines.com/en/system/CrateDB,"Document store,Spatial DBMS,Search engine,Time Series DBMS,Vector DBMS,Relational DBMS"
228.,235.,257.,RisingWave,Relational,0.61,0.00,-0.10,https://db-engines.com/en/system/RisingWave,
229.,234.,205.,TypeDB,Multi-model,0.61,-0.01,-0.56,https://db-engines.com/en/system/TypeDB,"Graph DBMS,Object oriented DBMS,Relational DBMS"
230.,233.,200.,1010data,Relational,0.60,-0.02,-0.61,https://db-engines.com/en/system/1010data,
231.,231.,244.,Objectivity/DB,Object oriented,0.60,-0.02,-0.20,https://db-engines.com/en/system/Objectivity%2FDB,
232.,229.,214.,solidDB,Relational,0.60,-0.03,-0.45,https://db-engines.com/en/system/solidDB,
233.,228.,231.,BoltDB,Key-value,0.60,-0.03,-0.31,https://db-engines.com/en/system/BoltDB,
234.,236.,237.,FrontBase,Relational,0.58,-0.01,-0.28,https://db-engines.com/en/system/FrontBase,
235.,239.,256.,R:BASE,Relational,0.57,0.00,-0.16,https://db-engines.com/en/system/R%3ABASE,
236.,230.,219.,DBISAM,Relational,0.57,-0.05,-0.45,https://db-engines.com/en/system/DBISAM,
237.,232.,253.,KairosDB,Time Series,0.57,-0.05,-0.19,https://db-engines.com/en/system/KairosDB,
238.,247.,212.,SQL.JS,Relational,0.54,+0.04,-0.55,https://db-engines.com/en/system/SQL.JS,
239.,242.,260.,Splice Machine,Relational,0.54,+0.00,-0.15,https://db-engines.com/en/system/Splice+Machine,
240.,238.,240.,Graph Engine,Multi-model,0.54,-0.05,-0.31,https://db-engines.com/en/system/Graph+Engine,"Graph DBMS,Key-value store"
241.,237.,195.,Northgate Reality,Multivalue,0.53,-0.05,-0.76,https://db-engines.com/en/system/Northgate+Reality,
242.,241.,246.,HarperDB,Document,0.51,-0.03,-0.28,https://db-engines.com/en/system/HarperDB,
243.,243.,235.,NexusDB,Relational,0.50,-0.03,-0.38,https://db-engines.com/en/system/NexusDB,
244.,245.,333.,Dragonfly,Key-value,0.49,-0.03,+0.22,https://db-engines.com/en/system/Dragonfly,
245.,240.,211.,WebSphere eXtreme Scale,Key-value,0.49,-0.08,-0.61,https://db-engines.com/en/system/WebSphere+eXtreme+Scale,
246.,244.,262.,Kingbase,"Relational, Multi-model",0.49,-0.03,-0.18,https://db-engines.com/en/system/Kingbase,"Relational DBMS,Document store,Spatial DBMS"
247.,246.,232.,MapDB,Key-value,0.48,-0.03,-0.41,https://db-engines.com/en/system/MapDB,
248.,251.,241.,atoti,Object oriented,0.48,+0.00,-0.37,https://db-engines.com/en/system/atoti,
249.,252.,258.,Scalaris,Key-value,0.45,-0.02,-0.26,https://db-engines.com/en/system/Scalaris,
250.,250.,254.,Apache Doris,Relational,0.45,-0.04,-0.31,https://db-engines.com/en/system/Apache+Doris,
251.,249.,271.,Percona Server for MongoDB,Document,0.43,-0.05,-0.17,https://db-engines.com/en/system/Percona+Server+for+MongoDB,
252.,253.,250.,VistaDB,Relational,0.43,-0.03,-0.34,https://db-engines.com/en/system/VistaDB,
253.,248.,255.,GemStone/S,Object oriented,0.43,-0.06,-0.32,https://db-engines.com/en/system/GemStone%2FS,
254.,254.,238.,Kinetica,"Relational, Multi-model",0.41,-0.04,-0.45,https://db-engines.com/en/system/Kinetica,"Relational DBMS,Spatial DBMS,Time Series DBMS"
255.,262.,236.,ScaleArc,Relational,0.41,0.00,-0.46,https://db-engines.com/en/system/ScaleArc,
256.,263.,299.,Alibaba Cloud Log Service,Search engine,0.40,0.00,-0.03,https://db-engines.com/en/system/Alibaba+Cloud+Log+Service,
257.,264.,270.,Rasdaman,Multivalue,0.40,+0.00,-0.21,https://db-engines.com/en/system/Rasdaman,
258.,259.,268.,ITTIA,"Time Series, Multi-model",0.40,-0.02,-0.22,https://db-engines.com/en/system/ITTIA,"Time Series DBMS,Relational DBMS"
259.,273.,294.,Immudb,"Key-value, Multi-model",0.39,+0.05,-0.06,https://db-engines.com/en/system/Immudb,"Key-value store,Relational DBMS"
260.,255.,259.,4store,RDF,0.39,-0.04,-0.31,https://db-engines.com/en/system/4store,
261.,266.,234.,OpenInsight,Multivalue,0.39,+0.00,-0.50,https://db-engines.com/en/system/OpenInsight,
262.,269.,296.,YDB,Multi-model,0.39,+0.01,-0.06,https://db-engines.com/en/system/YDB,"Document store,Relational DBMS"
263.,265.,275.,Sequoiadb,Multi-model,0.38,-0.01,-0.20,https://db-engines.com/en/system/Sequoiadb,"Document store,Relational DBMS"
264.,257.,213.,Hibari,Key-value,0.38,-0.04,-0.67,https://db-engines.com/en/system/Hibari,
265.,256.,187.,Perst,Object oriented,0.38,-0.04,-1.01,https://db-engines.com/en/system/Perst,
266.,258.,289.,Kyligence Enterprise,Relational,0.38,-0.04,-0.10,https://db-engines.com/en/system/Kyligence+Enterprise,
267.,260.,251.,AlaSQL,Multi-model,0.37,-0.04,-0.40,https://db-engines.com/en/system/AlaSQL,"Document store,Relational DBMS"
268.,278.,229.,CnosDB,Time Series,0.37,+0.04,-0.57,https://db-engines.com/en/system/CnosDB,
269.,275.,301.,Apache Sedona,Spatial,0.36,+0.03,-0.05,https://db-engines.com/en/system/Apache+Sedona,
270.,281.,297.,Fluree,Graph,0.35,+0.04,-0.09,https://db-engines.com/en/system/Fluree,
271.,271.,243.,Apache Pinot,Relational,0.35,-0.01,-0.46,https://db-engines.com/en/system/Apache+Pinot,
272.,267.,272.,LokiJS,Document,0.34,-0.04,-0.26,https://db-engines.com/en/system/LokiJS,
273.,261.,263.,Postgres-XL,"Relational, Multi-model",0.34,-0.07,-0.32,https://db-engines.com/en/system/Postgres-XL,"Relational DBMS,Document store,Spatial DBMS"
274.,277.,278.,Comdb2,Relational,0.33,+0.01,-0.21,https://db-engines.com/en/system/Comdb2,
275.,268.,261.,ModeShape,Content,0.33,-0.05,-0.34,https://db-engines.com/en/system/ModeShape,
276.,280.,315.,Deep Lake,Vector,0.33,+0.01,-0.03,https://db-engines.com/en/system/Deep+Lake,
277.,272.,303.,Tajo,Relational,0.32,-0.03,-0.09,https://db-engines.com/en/system/Tajo,
278.,274.,265.,Strabon,RDF,0.31,-0.03,-0.34,https://db-engines.com/en/system/Strabon,
279.,276.,291.,Marqo,Search engine,0.31,-0.02,-0.16,https://db-engines.com/en/system/Marqo,
280.,295.,347.,Apache HugeGraph,Graph,0.30,+0.03,+0.11,https://db-engines.com/en/system/Apache+HugeGraph,
281.,279.,242.,SearchBlox,Search engine,0.30,-0.01,-0.53,https://db-engines.com/en/system/SearchBlox,
282.,297.,310.,MyScale,Multi-model,0.29,+0.03,-0.09,https://db-engines.com/en/system/MyScale,"Relational DBMS,Vector DBMS"
283.,284.,290.,Elassandra,"Wide column, Multi-model",0.29,0.00,-0.18,https://db-engines.com/en/system/Elassandra,"Wide column store,Search engine"
284.,285.,269.,Project Voldemort,Key-value,0.29,0.00,-0.33,https://db-engines.com/en/system/Project+Voldemort,
285.,286.,283.,Starcounter,Object oriented,0.29,0.00,-0.22,https://db-engines.com/en/system/Starcounter,
286.,289.,277.,InfiniteGraph,Graph,0.27,-0.01,-0.28,https://db-engines.com/en/system/InfiniteGraph,
287.,270.,279.,Raima Database Manager,Multi-model,0.27,-0.10,-0.27,https://db-engines.com/en/system/Raima+Database+Manager,"Relational DBMS,Time Series DBMS"
288.,282.,245.,Vald,Vector,0.27,-0.03,-0.53,https://db-engines.com/en/system/Vald,
289.,288.,293.,Cloudflare Workers KV,Key-value,0.25,-0.04,-0.20,https://db-engines.com/en/system/Cloudflare+Workers+KV,
290.,287.,311.,Brytlyt,Relational,0.25,-0.04,-0.13,https://db-engines.com/en/system/Brytlyt,
291.,293.,276.,Redland,RDF,0.25,-0.03,-0.33,https://db-engines.com/en/system/Redland,
292.,294.,274.,Databend,Relational,0.24,-0.03,-0.34,https://db-engines.com/en/system/Databend,
293.,307.,343.,Actian PSQL,Relational,0.24,+0.02,+0.02,https://db-engines.com/en/system/Actian+PSQL,
294.,317.,370.,RaptorDB,Document,0.24,+0.06,+0.12,https://db-engines.com/en/system/RaptorDB,
295.,296.,372.,Alibaba Cloud TSDB,Time Series,0.23,-0.03,+0.11,https://db-engines.com/en/system/Alibaba+Cloud+TSDB,
296.,292.,282.,OpenQM,Multivalue,0.23,-0.05,-0.30,https://db-engines.com/en/system/OpenQM,
297.,302.,284.,AnzoGraph DB,Multi-model,0.22,-0.01,-0.28,https://db-engines.com/en/system/AnzoGraph+DB,"Graph DBMS,RDF store"
298.,283.,312.,LeanXcale,Multi-model,0.22,-0.08,-0.14,https://db-engines.com/en/system/LeanXcale,"Key-value store,Relational DBMS"
299.,306.,281.,Actian FastObjects,Object oriented,0.22,0.00,-0.32,https://db-engines.com/en/system/Actian+FastObjects,
300.,298.,314.,RDFox,Multi-model,0.22,-0.03,-0.14,https://db-engines.com/en/system/RDFox,"Graph DBMS,RDF store,Relational DBMS"
301.,290.,329.,PieCloudDB,Relational,0.21,-0.07,-0.07,https://db-engines.com/en/system/PieCloudDB,
302.,304.,320.,FeatureBase,Relational,0.21,-0.02,-0.12,https://db-engines.com/en/system/FeatureBase,
303.,311.,287.,RedStore,RDF,0.21,+0.01,-0.28,https://db-engines.com/en/system/RedStore,
304.,309.,344.,Alibaba Cloud Table Store,Wide column,0.20,0.00,-0.01,https://db-engines.com/en/system/Alibaba+Cloud+Table+Store,
305.,299.,267.,Lovefield,Relational,0.20,-0.04,-0.42,https://db-engines.com/en/system/Lovefield,
306.,291.,325.,Fujitsu Enterprise Postgres,"Relational, Multi-model",0.20,-0.07,-0.10,https://db-engines.com/en/system/Fujitsu+Enterprise+Postgres,"Relational DBMS,Document store,Spatial DBMS"
307.,303.,319.,Manticore Search,"Search engine, Multi-model",0.20,-0.03,-0.13,https://db-engines.com/en/system/Manticore+Search,"Search engine,Time Series DBMS"
308.,310.,295.,PipelineDB,Relational,0.20,-0.01,-0.25,https://db-engines.com/en/system/PipelineDB,
309.,300.,309.,Badger,Key-value,0.19,-0.04,-0.18,https://db-engines.com/en/system/Badger,
310.,308.,285.,Mimer SQL,Relational,0.19,-0.02,-0.31,https://db-engines.com/en/system/Mimer+SQL,
311.,305.,286.,Axibase,Time Series,0.19,-0.03,-0.30,https://db-engines.com/en/system/Axibase,
312.,314.,340.,Tibco ComputeDB,Relational,0.18,+0.00,-0.06,https://db-engines.com/en/system/Tibco+ComputeDB,
313.,321.,332.,XTDB,Document,0.18,+0.01,-0.09,https://db-engines.com/en/system/XTDB,
314.,301.,313.,YottaDB,"Key-value, Multi-model",0.17,-0.06,-0.19,https://db-engines.com/en/system/YottaDB,"Key-value store,Relational DBMS"
314.,325.,373.,YTsaurus,Multi-model,0.17,+0.01,+0.05,https://db-engines.com/en/system/YTsaurus,"Document store,Key-value store"
316.,318.,306.,TransLattice,Relational,0.17,0.00,-0.23,https://db-engines.com/en/system/TransLattice,
317.,312.,323.,Faircom DB,Multi-model,0.17,-0.03,-0.14,https://db-engines.com/en/system/Faircom+DB,"Key-value store,Relational DBMS"
318.,313.,356.,IBM Db2 Event Store,Multi-model,0.17,-0.02,0.00,https://db-engines.com/en/system/IBM+Db2+Event+Store,"Event Store,Time Series DBMS"
319.,320.,308.,FlockDB,Graph,0.17,0.00,-0.21,https://db-engines.com/en/system/FlockDB,
320.,319.,305.,Riak TS,Time Series,0.16,-0.01,-0.24,https://db-engines.com/en/system/Riak+TS,
321.,328.,328.,NEventStore,Event,0.16,+0.01,-0.13,https://db-engines.com/en/system/NEventStore,
322.,322.,273.,HyperGraphDB,Graph,0.15,-0.02,-0.43,https://db-engines.com/en/system/HyperGraphDB,
323.,324.,361.,EsgynDB,Relational,0.15,-0.02,-0.01,https://db-engines.com/en/system/EsgynDB,
324.,329.,322.,ElevateDB,Relational,0.14,0.00,-0.17,https://db-engines.com/en/system/ElevateDB,
324.,330.,330.,XtremeData,Relational,0.14,+0.00,-0.14,https://db-engines.com/en/system/XtremeData,
326.,315.,349.,Valentina Server,Relational,0.14,-0.04,-0.05,https://db-engines.com/en/system/Valentina+Server,
327.,323.,383.,AgensGraph,Multi-model,0.14,-0.02,+0.08,https://db-engines.com/en/system/AgensGraph,"Graph DBMS,Relational DBMS"
328.,333.,324.,BigObject,Relational,0.14,+0.01,-0.16,https://db-engines.com/en/system/BigObject,
329.,343.,,FalkorDB,Graph,0.12,+0.03,,https://db-engines.com/en/system/FalkorDB,
330.,316.,266.,Jade,Object oriented,0.12,-0.06,-0.52,https://db-engines.com/en/system/Jade,
331.,335.,331.,Ultipa,Graph,0.11,-0.01,-0.16,https://db-engines.com/en/system/Ultipa,
332.,327.,307.,TerminusDB,"Graph, Multi-model",0.11,-0.04,-0.28,https://db-engines.com/en/system/TerminusDB,"Graph DBMS,Document store,RDF store"
333.,326.,316.,Speedb,Key-value,0.11,-0.05,-0.24,https://db-engines.com/en/system/Speedb,
334.,332.,359.,Quasardb,Time Series,0.10,-0.03,-0.06,https://db-engines.com/en/system/Quasardb,
335.,342.,318.,Machbase Neo,Time Series,0.10,+0.01,-0.24,https://db-engines.com/en/system/Machbase+Neo,
336.,334.,357.,GreptimeDB,Time Series,0.10,-0.03,-0.07,https://db-engines.com/en/system/GreptimeDB,
337.,331.,288.,EJDB,Document,0.10,-0.04,-0.39,https://db-engines.com/en/system/EJDB,
338.,348.,326.,AntDB,Relational,0.10,+0.02,-0.20,https://db-engines.com/en/system/AntDB,
339.,341.,346.,Sparksee,Graph,0.09,0.00,-0.11,https://db-engines.com/en/system/Sparksee,
340.,338.,351.,GraphBase,Graph,0.09,-0.01,-0.09,https://db-engines.com/en/system/GraphBase,
341.,339.,317.,Mulgara,RDF,0.09,-0.01,-0.25,https://db-engines.com/en/system/Mulgara,
342.,337.,335.,Kyoto Tycoon,Key-value,0.09,-0.02,-0.17,https://db-engines.com/en/system/Kyoto+Tycoon,
343.,340.,302.,Tokyo Tyrant,Key-value,0.09,-0.01,-0.32,https://db-engines.com/en/system/Tokyo+Tyrant,
344.,355.,384.,Warp 10,Time Series,0.08,+0.02,+0.02,https://db-engines.com/en/system/Warp+10,
345.,349.,321.,CubicWeb,RDF,0.08,+0.01,-0.25,https://db-engines.com/en/system/CubicWeb,
346.,345.,,chDB,"Relational, Multi-model",0.07,-0.01,,https://db-engines.com/en/system/chDB,"Relational DBMS,Time Series DBMS"
347.,344.,304.,Bangdb,Multi-model,0.07,-0.02,-0.34,https://db-engines.com/en/system/Bangdb,"Document store,Graph DBMS,Time Series DBMS,Spatial DBMS"
348.,352.,337.,Exorbyte,Search engine,0.07,0.00,-0.19,https://db-engines.com/en/system/Exorbyte,
349.,354.,338.,SiteWhere,Time Series,0.06,0.00,-0.19,https://db-engines.com/en/system/SiteWhere,
350.,356.,368.,Blueflood,Time Series,0.06,0.00,-0.07,https://db-engines.com/en/system/Blueflood,
350.,359.,292.,Elliptics,Key-value,0.06,+0.01,-0.41,https://db-engines.com/en/system/Elliptics,
352.,346.,354.,TinkerGraph,Graph,0.06,-0.02,-0.12,https://db-engines.com/en/system/TinkerGraph,
353.,357.,385.,ScaleOut StateServer,Key-value,0.06,0.00,0.00,https://db-engines.com/en/system/ScaleOut+StateServer,
354.,358.,348.,SenseiDB,Document,0.05,0.00,-0.14,https://db-engines.com/en/system/SenseiDB,
355.,360.,342.,Tigris,Multi-model,0.04,0.00,-0.18,https://db-engines.com/en/system/Tigris,"Document store,Key-value store,Search engine,Time Series DBMS"
356.,364.,355.,ArcadeDB,Multi-model,0.04,+0.01,-0.13,https://db-engines.com/en/system/ArcadeDB,"Document store,Graph DBMS,Key-value store,Time Series DBMS"
357.,363.,345.,NosDB,Document,0.04,0.00,-0.17,https://db-engines.com/en/system/NosDB,
358.,347.,,OpenMLDB,"Time Series, Multi-model",0.03,-0.05,,https://db-engines.com/en/system/OpenMLDB,"Time Series DBMS,Relational DBMS"
359.,366.,389.,WakandaDB,Object oriented,0.03,0.00,0.00,https://db-engines.com/en/system/WakandaDB,
360.,367.,395.,JethroData,Relational,0.03,0.00,+0.01,https://db-engines.com/en/system/JethroData,
360.,367.,341.,STSdb,Key-value,0.03,0.00,-0.21,https://db-engines.com/en/system/STSdb,
362.,336.,249.,Heroic,Time Series,0.02,-0.09,-0.75,https://db-engines.com/en/system/Heroic,
363.,351.,381.,OushuDB,Relational,0.02,-0.05,-0.05,https://db-engines.com/en/system/OushuDB,
364.,384.,398.,Faircom EDGE,Multi-model,0.02,+0.01,+0.01,https://db-engines.com/en/system/Faircom+EDGE,"Key-value store,Relational DBMS"
365.,385.,336.,Dydra,RDF,0.02,+0.01,-0.24,https://db-engines.com/en/system/Dydra,
366.,373.,393.,SmallSQL,Relational,0.02,+0.00,+0.00,https://db-engines.com/en/system/SmallSQL,
367.,374.,,Kuzu,Graph,0.02,0.00,,https://db-engines.com/en/system/Kuzu,
368.,377.,394.,SparkleDB,RDF,0.02,0.00,+0.00,https://db-engines.com/en/system/SparkleDB,
369.,379.,364.,Acebase,Document,0.01,+0.00,-0.14,https://db-engines.com/en/system/Acebase,
370.,380.,396.,Resin Cache,Key-value,0.01,0.00,0.00,https://db-engines.com/en/system/Resin+Cache,
371.,381.,352.,Hawkular Metrics,Time Series,0.01,+0.00,-0.17,https://db-engines.com/en/system/Hawkular+Metrics,
372.,382.,397.,SWC-DB,"Wide column, Multi-model",0.01,+0.00,+0.00,https://db-engines.com/en/system/SWC-DB,"Wide column store,Time Series DBMS"
373.,385.,327.,Eloquera,Object oriented,0.01,0.00,-0.28,https://db-engines.com/en/system/Eloquera,
374.,362.,387.,gStore,Multi-model,0.01,-0.03,-0.04,https://db-engines.com/en/system/gStore,"Graph DBMS,RDF store"
375.,371.,,ReductStore,Time Series,0.00,-0.02,,https://db-engines.com/en/system/ReductStore,
376.,388.,339.,Siaqodb,Object oriented,0.00,+0.00,-0.25,https://db-engines.com/en/system/Siaqodb,
377.,390.,367.,LedisDB,Key-value,0.00,+0.00,-0.13,https://db-engines.com/en/system/LedisDB,
378.,391.,400.,SwayDB,Key-value,0.00,+0.00,+0.00,https://db-engines.com/en/system/SwayDB,
379.,392.,363.,ActorDB,Relational,0.00,±0.00,-0.15,https://db-engines.com/en/system/ActorDB,
379.,392.,401.,BergDB,Key-value,0.00,±0.00,±0.00,https://db-engines.com/en/system/BergDB,
379.,392.,358.,BrightstarDB,RDF,0.00,±0.00,-0.17,https://db-engines.com/en/system/BrightstarDB,
379.,392.,392.,Cachelot.io,Key-value,0.00,±0.00,-0.02,https://db-engines.com/en/system/Cachelot.io,
379.,392.,401.,CortexDB,Multi-model,0.00,±0.00,±0.00,https://db-engines.com/en/system/CortexDB,"Document store,Key-value store"
379.,392.,401.,CovenantSQL,Relational,0.00,±0.00,±0.00,https://db-engines.com/en/system/CovenantSQL,
379.,392.,390.,DaggerDB,Relational,0.00,±0.00,-0.03,https://db-engines.com/en/system/DaggerDB,
379.,392.,378.,DataFS,"Object oriented, Multi-model",0.00,±0.00,-0.09,https://db-engines.com/en/system/DataFS,"Object oriented DBMS,Graph DBMS"
379.,392.,382.,Edge Intelligence,Relational,0.00,±0.00,-0.07,https://db-engines.com/en/system/Edge+Intelligence,
379.,392.,401.,EdgelessDB,Relational,0.00,±0.00,±0.00,https://db-engines.com/en/system/EdgelessDB,
379.,392.,401.,Galaxybase,Graph,0.00,±0.00,±0.00,https://db-engines.com/en/system/Galaxybase,
379.,389.,365.,H2GIS,"Spatial, Multi-model",0.00,0.00,-0.15,https://db-engines.com/en/system/H2GIS,"Spatial DBMS,Relational DBMS"
379.,392.,401.,Helium,Key-value,0.00,±0.00,±0.00,https://db-engines.com/en/system/Helium,
379.,392.,401.,HGraphDB,Graph,0.00,±0.00,±0.00,https://db-engines.com/en/system/HGraphDB,
379.,392.,353.,HyperLevelDB,Key-value,0.00,±0.00,-0.18,https://db-engines.com/en/system/HyperLevelDB,
379.,392.,377.,iBoxDB,Document,0.00,±0.00,-0.09,https://db-engines.com/en/system/iBoxDB,
379.,392.,376.,Indica,Search engine,0.00,±0.00,-0.10,https://db-engines.com/en/system/Indica,
379.,387.,386.,InfinityDB,Key-value,0.00,-0.01,-0.05,https://db-engines.com/en/system/InfinityDB,
379.,365.,401.,JaguarDB,Multi-model,0.00,-0.03,±0.00,https://db-engines.com/en/system/JaguarDB,"Key-value store,Vector DBMS"
379.,392.,401.,JasDB,Document,0.00,±0.00,±0.00,https://db-engines.com/en/system/JasDB,
379.,392.,401.,K-DB,Relational,0.00,±0.00,±0.00,https://db-engines.com/en/system/K-DB,
379.,392.,366.,Linter,"Relational, Multi-model",0.00,±0.00,-0.14,https://db-engines.com/en/system/Linter,"Relational DBMS,Spatial DBMS"
379.,372.,388.,Newts,Time Series,0.00,-0.02,-0.04,https://db-engines.com/en/system/Newts,
379.,392.,391.,NSDb,Time Series,0.00,±0.00,-0.03,https://db-engines.com/en/system/NSDb,
379.,376.,380.,openGemini,Time Series,0.00,-0.02,-0.08,https://db-engines.com/en/system/openGemini,
379.,392.,,OpenTenBase,Relational,0.00,±0.00,,https://db-engines.com/en/system/OpenTenBase,
379.,392.,374.,OrigoDB,Multi-model,0.00,±0.00,-0.12,https://db-engines.com/en/system/OrigoDB,"Document store,Object oriented DBMS"
379.,392.,401.,Rizhiyi,"Search engine, Multi-model",0.00,±0.00,±0.00,https://db-engines.com/en/system/Rizhiyi,"Search engine,Time Series DBMS"
379.,392.,401.,Sadas Engine,Relational,0.00,±0.00,±0.00,https://db-engines.com/en/system/Sadas+Engine,
379.,392.,401.,searchxml,Multi-model,0.00,±0.00,±0.00,https://db-engines.com/en/system/searchxml,"Native XML DBMS,Search engine"
379.,361.,360.,SiriDB,Time Series,0.00,-0.04,-0.16,https://db-engines.com/en/system/SiriDB,
379.,353.,350.,Skytable,Key-value,0.00,-0.06,-0.19,https://db-engines.com/en/system/Skytable,
379.,392.,401.,SpaceTime,"Spatial, Multi-model",0.00,±0.00,±0.00,https://db-engines.com/en/system/SpaceTime,"Spatial DBMS,Relational DBMS"
379.,392.,,SvectorDB,Vector,0.00,±0.00,,https://db-engines.com/en/system/SvectorDB,
379.,378.,370.,TerarkDB,Key-value,0.00,-0.02,-0.12,https://db-engines.com/en/system/TerarkDB,
379.,392.,401.,Tkrzw,Key-value,0.00,±0.00,±0.00,https://db-engines.com/en/system/Tkrzw,
379.,392.,362.,TomP2P,Key-value,0.00,±0.00,-0.15,https://db-engines.com/en/system/TomP2P,
379.,350.,300.,Transbase,Relational,0.00,-0.07,-0.43,https://db-engines.com/en/system/Transbase,
379.,369.,399.,Transwarp ArgoDB,"Relational, Multi-model",0.00,-0.03,-0.01,https://db-engines.com/en/system/Transwarp+ArgoDB,"Relational DBMS,Search engine"
379.,383.,401.,Transwarp Hippo,Vector,0.00,-0.01,±0.00,https://db-engines.com/en/system/Transwarp+Hippo,
379.,375.,375.,Transwarp KunDB,Relational,0.00,-0.02,-0.11,https://db-engines.com/en/system/Transwarp+KunDB,
379.,392.,401.,Transwarp StellarDB,Graph,0.00,±0.00,±0.00,https://db-engines.com/en/system/Transwarp+StellarDB,
379.,392.,334.,Upscaledb,Key-value,0.00,±0.00,-0.26,https://db-engines.com/en/system/Upscaledb,
379.,370.,379.,VelocityDB,Multi-model,0.00,-0.03,-0.08,https://db-engines.com/en/system/VelocityDB,"Graph DBMS,Object oriented DBMS"
379.,392.,369.,WhiteDB,Document,0.00,±0.00,-0.12,https://db-engines.com/en/system/WhiteDB,
