DBMS,Rank_Feb-2023,Rank_Jan-2023,Rank_Feb-2022,Database Model,Score_Feb-2023,Score_Jan-2023,Score_Feb-2022,DBMS_insitelink,Multi_model_info,Developer,Description,Initial release,Current release,License,License_info,Cloud-based only
Oracle,1.0,1.0,1.0,"Relational, Multi-model",1247.52,+2.35,-9.31,https://db-engines.com/en/system/Oracle,"Relational DBMS,Document store,Graph DBMS,RDF store,Spatial DBMS",Oracle,"Widely used,RDBMS",1980.0,"21c, January 2021",commercial,restricted free version is available,no
MySQL,2.0,2.0,2.0,"Relational, Multi-model",1195.45,-16.51,-19.23,https://db-engines.com/en/system/MySQL,"Relational DBMS,Document store,Spatial DBMS",Oracle,"Widely used open source,RDBMS",1995.0,"8.0.32, January 2023",Open Source,GPL version 2. Commercial licenses with extended functionallity are available,no
Microsoft SQL Server,3.0,3.0,3.0,"Relational, Multi-model",929.09,+9.70,-19.96,https://db-engines.com/en/system/Microsoft+SQL+Server,"Relational DBMS,Document store,Graph DBMS,Spatial DBMS",Microsoft,Microsofts flagship relational DBMS,1989.0,"SQL Server 2022, November 2022",commercial,restricted free version is available,no
PostgreSQL,4.0,4.0,4.0,"Relational, Multi-model",616.5,+1.65,+7.12,https://db-engines.com/en/system/PostgreSQL,"Relational DBMS,Document store,Spatial DBMS",PostgreSQL Global Development Group,"Widely used open source,RDBMS",1989.0,"15.2, February 2023",Open Source,BSD,no
MongoDB,5.0,5.0,5.0,"Document, Multi-model",452.77,-2.42,-35.88,https://db-engines.com/en/system/MongoDB,"Document store,Spatial DBMS,Search engine,Time Series DBMS","MongoDB, Inc",One of the most popular document stores available both as a fully managed cloud service and for deployment on self-managed infrastructure,2009.0,"6.0.1, August 2022",Open Source,MongoDB Inc.'s Server Side Public License v1. Prior versions were published under GNU AGPL v3.0. Commercial licenses are also available.,no
Redis,6.0,6.0,6.0,"Key-value, Multi-model",173.83,-3.72,-1.96,https://db-engines.com/en/system/Redis,"Key-value store,Document store,Graph DBMS,Spatial DBMS,Search engine,Time Series DBMS","Redis project core team, inspired by Salvatore Sanfilippo","Popular in-memory data platform used as a cache, message broker, and database that can be deployed on-premises, across clouds, and hybrid environments",2009.0,"7.0.8, January 2023",Open Source,"source-available extensions (modules), commercial licenses for Redis Enterprise",no
IBM Db2,7.0,7.0,7.0,"Relational, Multi-model",142.97,-0.60,-19.91,https://db-engines.com/en/system/IBM+Db2,"Relational DBMS,Document store,RDF store,Spatial DBMS",IBM,"Common in IBM host environments, 2 different versions for host and Windows/Linux",1983.0,"12.1, October 2016",commercial,free version is available,no
Elasticsearch,8.0,8.0,8.0,"Search engine, Multi-model",138.6,-2.56,-23.70,https://db-engines.com/en/system/Elasticsearch,"Search engine,Document store,Spatial DBMS",Elastic,"A distributed, RESTful modern search and analytics engine based on,Apache Lucene",2010.0,"7.8.0, June 2020",Open Source,Elastic License,no
SQLite,9.0,10.0,10.0,Relational,132.67,+1.17,+4.30,https://db-engines.com/en/system/SQLite,,Dwayne Richard Hipp,"Widely used embeddable, in-process,RDBMS",2000.0,"3.41.0  (21 February 2023), February 2023",Open Source,Public Domain,no
Microsoft Access,10.0,9.0,9.0,Relational,131.03,-2.33,-0.23,https://db-engines.com/en/system/Microsoft+Access,,Microsoft,Microsoft Access combines a backend RDBMS (JET / ACE Engine) with a GUI frontend for data manipulation and queries.,1992.0,"1902 (16.0.11328.20222), March 2019",commercial,Bundled with Microsoft Office,no
Cassandra,11.0,12.0,11.0,Wide column,116.22,-0.09,-7.76,https://db-engines.com/en/system/Cassandra,,Apache Software Foundation,Wide-column store based on ideas of BigTable and DynamoDB,2008.0,"4.1.0, December 2022",Open Source,Apache version 2,no
Snowflake,12.0,11.0,15.0,Relational,115.65,-1.60,+32.47,https://db-engines.com/en/system/Snowflake,,Snowflake Computing Inc.,Cloud-based data warehousing service for structured and semi-structured data,2014.0,,commercial,,yes
MariaDB,13.0,13.0,12.0,"Relational, Multi-model",96.81,-2.55,-10.30,https://db-engines.com/en/system/MariaDB,"Relational DBMS,Document store,Graph DBMS,Spatial DBMS","MariaDB Corporation Ab (MariaDB Enterprise),,MariaDB Foundation (community MariaDB Server)","MySQL,application compatible open source RDBMS, enhanced with high availability, security, interoperability and performance capabilities. MariaDB ColumnStore provides a column-oriented storage engine and MariaDB Xpand supports distributed SQL.",2009.0,"10.10.3, February 2023",Open Source,"GPL version 2, commercial enterprise subscription available",no
Splunk,14.0,14.0,13.0,Search engine,87.08,-1.32,-3.73,https://db-engines.com/en/system/Splunk,,Splunk Inc.,Analytics Platform for Big Data,2003.0,,commercial,Limited free edition and free developer edition available,no
Amazon DynamoDB,15.0,15.0,17.0,Multi-model,79.69,-1.87,-0.67,https://db-engines.com/en/system/Amazon+DynamoDB,"Document store,Key-value store",Amazon,"Hosted, scalable database service by Amazon with the data stored in Amazons cloud",2012.0,,commercial,free tier for a limited amount of database operations,yes
Microsoft Azure SQL Database,16.0,16.0,14.0,"Relational, Multi-model",78.75,-1.62,-6.20,https://db-engines.com/en/system/Microsoft+Azure+SQL+Database,"Relational DBMS,Document store,Graph DBMS,Spatial DBMS",Microsoft,"Database as a Service offering with high compatibility to,Microsoft SQL Server",2010.0,V12,commercial,,yes
Hive,17.0,17.0,16.0,Relational,72.12,-2.22,-9.76,https://db-engines.com/en/system/Hive,,Apache Software Foundation,"data warehouse software for querying and managing large distributed datasets, built on Hadoop",2012.0,"3.1.3, April 2022",Open Source,Apache Version 2,no
Teradata,18.0,18.0,18.0,"Relational, Multi-model",63.03,-2.40,-5.54,https://db-engines.com/en/system/Teradata,"Relational DBMS,Document store,Graph DBMS,Spatial DBMS,Time Series DBMS",Teradata,A hybrid cloud data analytics software platform (Teradata Vantage),1984.0,"Teradata Vantage 1.0 MU2, January 2019",commercial,,no
Databricks,19.0,19.0,,Multi-model,60.33,-0.49,,https://db-engines.com/en/system/Databricks,"Document store,Relational DBMS",Databricks,The Databricks Lakehouse Platform combines elements of data lakes and data warehouses to provide a unified view onto structured and unstructured data. It is based on Apache Spark.,2013.0,,Open Source,,yes
Neo4j,20.0,20.0,20.0,Graph,55.43,-0.41,-2.81,https://db-engines.com/en/system/Neo4j,,"Neo4j, Inc.","Scalable, ACID-compliant graph database designed with a high-performance distributed cluster architecture, available in self-hosted and cloud offerings",2007.0,"5.5, February 2023",Open Source,"GPL version3, commercial licenses available",no
FileMaker,21.0,22.0,22.0,Relational,52.8,-0.28,-1.33,https://db-engines.com/en/system/FileMaker,,FileMaker,"FileMaker is a cross-platform,RDBMS,that includes a GUI frontend.",1983.0,"19.4.1, November 2021",commercial,,no
Google BigQuery,22.0,21.0,24.0,Relational,52.45,-1.97,+7.35,https://db-engines.com/en/system/Google+BigQuery,,Google,Large scale data warehouse service with append-only tables,2010.0,,commercial,,yes
SAP HANA,23.0,23.0,21.0,"Relational, Multi-model",49.67,-1.67,-6.64,https://db-engines.com/en/system/SAP+HANA,"Relational DBMS,Document store,Graph DBMS,Spatial DBMS",SAP,"In-memory, column based data store. Available as appliance or cloud service",2010.0,"2.0 SPS06 (March 4, 2022), March 2022",commercial,,no
Solr,24.0,24.0,19.0,"Search engine, Multi-model",45.88,-0.51,-12.64,https://db-engines.com/en/system/Solr,"Search engine,Spatial DBMS",Apache Software Foundation,"A widely used distributed, scalable,search engine,based on,Apache Lucene",2006.0,"9.1.1, January 2023",Open Source,Apache Version 2,no
SAP Adaptive Server,25.0,25.0,23.0,"Relational, Multi-model",43.05,+0.21,-6.48,https://db-engines.com/en/system/SAP+Adaptive+Server,"Relational DBMS,Spatial DBMS","SAP, Sybase","The SAP (Sybase) Adaptive Server Enterprise (ASE) is an enterprise-class,RDBMS",1987.0,16.0,commercial,,no
HBase,26.0,26.0,25.0,Wide column,38.41,-0.93,-5.21,https://db-engines.com/en/system/HBase,,Apache Software Foundation,Wide-column store based on Apache Hadoop and on concepts of BigTable,2008.0,"2.3.4, January 2021",Open Source,Apache version 2,no
Microsoft Azure Cosmos DB,27.0,27.0,26.0,Multi-model,36.51,-1.45,-3.45,https://db-engines.com/en/system/Microsoft+Azure+Cosmos+DB,"Document store,Graph DBMS,Key-value store,Wide column store,Spatial DBMS",Microsoft,"Globally distributed, horizontally scalable, multi-model database service",2014.0,,commercial,,yes
PostGIS,28.0,29.0,27.0,"Spatial DBMS, Multi-model",29.81,+0.65,-1.21,https://db-engines.com/en/system/PostGIS,"Spatial DBMS,Relational DBMS",,"Spatial extension of,PostgreSQL",2005.0,"3.3.2, November 2022",Open Source,GPL v2.0,no
InfluxDB,29.0,28.0,29.0,"Time Series, Multi-model",29.44,+0.07,+0.10,https://db-engines.com/en/system/InfluxDB,"Time Series DBMS,Spatial DBMS",,"DBMS for storing time series, events and metrics",2013.0,"2.5.1, November 2022",Open Source,MIT-License; commercial enterprise version available,no
Couchbase,30.0,30.0,28.0,"Document, Multi-model",24.86,-0.44,-5.21,https://db-engines.com/en/system/Couchbase,"Document store,Key-value store,Spatial DBMS","Couchbase, Inc.","A distributed,document store,with a powerful search engine and in-built operational and analytical capabilities",2011.0,"Server: 7.0, July 2021; Mobile: 3, February 2022; Couchbase Capella, October 2021",Open Source,Apache version 2; Commercial licenses also available,no
Memcached,31.0,31.0,31.0,Key-value,23.17,-0.58,-2.60,https://db-engines.com/en/system/Memcached,,Danga Interactive,"In-memory key-value store, originally intended for caching",2003.0,"1.6.18, January 2023",Open Source,BSD license,no
Firebird,32.0,33.0,30.0,Relational,22.6,-0.28,-3.76,https://db-engines.com/en/system/Firebird,,Firebird Foundation,"Firebird is an open source,RDBMS,forked from Borland's,InterBase",2000.0,"4.0.2, August 2022",Open Source,Initial Developer's Public License,no
Amazon Redshift,33.0,32.0,32.0,Relational,22.03,-1.23,-3.38,https://db-engines.com/en/system/Amazon+Redshift,,"Amazon (based on,PostgreSQL,)",Large scale data warehouse service for use with business intelligence tools,2012.0,,commercial,,yes
Microsoft Azure Synapse Analytics,34.0,34.0,35.0,Relational,21.78,-0.14,+1.99,https://db-engines.com/en/system/Microsoft+Azure+Synapse+Analytics,,Microsoft,"Elastic, large scale data warehouse service leveraging the broad eco-system of SQL Server",2016.0,,commercial,,yes
Informix,35.0,35.0,34.0,"Relational, Multi-model",21.7,+0.24,-0.61,https://db-engines.com/en/system/Informix,"Relational DBMS,Document store,Spatial DBMS,Time Series DBMS","IBM, HCL Technologies","A secure embeddable database from IBM, positioned besides,IBM Db2,as a relatively low-cost product optimized for OLTP and Internet of Things data",1984.0,"14.10.FC5, November 2020",commercial,free developer edition available,no
Spark SQL,36.0,36.0,33.0,Relational,19.74,-0.32,-3.54,https://db-engines.com/en/system/Spark+SQL,,Apache Software Foundation,Spark SQL is a component on top of 'Spark Core' for structured data processing,2014.0,"3.3.0 ( 2.13), June 2022",Open Source,Apache 2.0,no
Impala,37.0,39.0,39.0,"Relational, Multi-model",18.7,+0.71,-0.22,https://db-engines.com/en/system/Impala,"Relational DBMS,Document store",Cloudera,Analytic DBMS for Hadoop,2013.0,"4.1.0, June 2022",Open Source,Apache Version 2,no
Firebase Realtime Database,38.0,37.0,38.0,Document,18.49,-0.27,-0.66,https://db-engines.com/en/system/Firebase+Realtime+Database,,Google,"Cloud-hosted realtime,document store,. iOS, Android, and JavaScript clients share one Realtime Database instance and automatically receive updates with the newest data.",2012.0,,commercial,,yes
Vertica,39.0,38.0,37.0,"Relational, Multi-model",17.41,-0.59,-1.87,https://db-engines.com/en/system/Vertica,"Relational DBMS,Spatial DBMS,Time Series DBMS",OpenText,"Cloud or off-cloud analytical database and query engine for structured and semi-structured streaming and batch data. Machine learning platform with built-in algorithms, data preparation capabilities, and model evaluation and management via SQL or Python.",2005.0,"12.0.3, January 2023",commercial,Limited community edition free,no
Netezza,40.0,40.0,36.0,Relational,16.58,+0.31,-2.93,https://db-engines.com/en/system/Netezza,,IBM,Data warehouse and analytics appliance part of IBM PureSystems,2000.0,,commercial,,no
dBASE,41.0,42.0,41.0,Relational,14.59,+0.51,-0.21,https://db-engines.com/en/system/dBASE,,Asthon Tate,"dBase was one of the first databases with a development environment on PC's. Its latest version dBase V is still sold as dBase classic, which needs a DOS Emulation. The up-to-date product is dBase plus.",1979.0,"dBASE 2019, 2019",commercial,,no
CouchDB,42.0,41.0,40.0,"Document, Multi-model",14.45,-0.44,-3.01,https://db-engines.com/en/system/CouchDB,"Document store,Spatial DBMS",Apache Software Foundation,"A native JSON -,document store,inspired by Lotus Notes, scalable from globally distributed server-clusters down to mobile phones.",2005.0,"3.3.0, January 2023",Open Source,Apache version 2,no
Presto,43.0,43.0,42.0,Relational,14.12,+0.42,-0.16,https://db-engines.com/en/system/Presto,,Facebook; Presto Foundation,Distributed SQL Query Engine for Big Data,2013.0,,Open Source,Apache 2.0,no
ClickHouse,44.0,44.0,44.0,"Relational, Multi-model",13.99,+0.41,+1.16,https://db-engines.com/en/system/ClickHouse,"Relational DBMS,Time Series DBMS",Clickhouse Inc.,"Column-oriented,Relational DBMS,powering Yandex",2016.0,"v23.1.3.5-stable, February 2023",Open Source,Apache 2.0,no
Google Cloud Firestore,45.0,46.0,53.0,Document,11.51,+0.41,+2.45,https://db-engines.com/en/system/Google+Cloud+Firestore,,Google,"Cloud Firestore is an auto-scaling document database for storing, syncing, and querying data for mobile and web apps. It offers seamless integration with other Firebase and Google Cloud Platform products.",2017.0,,commercial,,yes
Greenplum,46.0,45.0,43.0,"Relational, Multi-model",10.94,-0.27,-2.59,https://db-engines.com/en/system/Greenplum,"Relational DBMS,Document store,Spatial DBMS",Pivotal Software Inc.,"Analytic Database platform built on,PostgreSQL,. Full name is Pivotal Greenplum Database",2005.0,"6.7.1, April 2020",Open Source,Apache 2.0,no
OpenSearch,47.0,48.0,,Search engine,10.49,+0.05,,https://db-engines.com/en/system/OpenSearch,,Amazon Web Services,"A distributed, RESTful search and analytics engine forked from,Elasticsearch,and based on,Apache Lucene",2021.0,"2.5.0, January 2023",Open Source,Apache Version 2.0,no
Amazon Aurora,48.0,47.0,45.0,"Relational, Multi-model",10.35,-0.53,-1.88,https://db-engines.com/en/system/Amazon+Aurora,"Relational DBMS,Document store",Amazon,MySQL and PostgreSQL compatible cloud service by Amazon,2015.0,,commercial,,yes
Hazelcast,49.0,49.0,49.0,"Key-value, Multi-model",9.11,-0.23,-0.39,https://db-engines.com/en/system/Hazelcast,"Key-value store,Document store",Hazelcast,A widely adopted in-memory data grid,2008.0,"5.2.2, February 2023",Open Source,Apache Version 2; commercial licenses available,no
Oracle Essbase,50.0,51.0,55.0,Relational,8.88,+0.24,+0.48,https://db-engines.com/en/system/Oracle+Essbase,,Oracle,Multidimensional database platform for analytic applications,1998.0,"21.1, December 2020",commercial,,no
MarkLogic,51.0,50.0,50.0,Multi-model,8.84,-0.01,-0.61,https://db-engines.com/en/system/MarkLogic,"Document store,Native XML DBMS,RDF store,Search engine",MarkLogic Corp.,Operational and transactional Enterprise NoSQL database,2001.0,"11.0, December 2022",commercial,restricted free version is available,no
etcd,52.0,52.0,46.0,Key-value,8.51,+0.01,-3.19,https://db-engines.com/en/system/etcd,,,"A distributed reliable,key-value store",,"3.4, August 2019",Open Source,Apache Version 2.0,no
H2,53.0,54.0,48.0,"Relational, Multi-model",8.46,+0.16,-1.65,https://db-engines.com/en/system/H2,"Relational DBMS,Spatial DBMS",Thomas Mueller,"Full-featured RDBMS with a small footprint, either embedded into a Java application or used as a database server.",2005.0,"2.1.210, January 2022",Open Source,"dual-licence (Mozilla public license, Eclipse public license)",no
Realm,54.0,53.0,51.0,Document,8.24,-0.09,-1.17,https://db-engines.com/en/system/Realm,,"Realm, acquired by MongoDB in May 2019","A DBMS built for use on mobile devices that’s a fast, easy to use alternative to,SQLite,and Core Data",2014.0,,Open Source,,no
Datastax Enterprise,55.0,55.0,47.0,"Wide column, Multi-model",8.2,+0.51,-2.54,https://db-engines.com/en/system/Datastax+Enterprise,"Wide column store,Document store,Graph DBMS,Spatial DBMS,Search engine",DataStax,"DataStax Enterprise (DSE) is the always-on, scalable data platform built on,Apache Cassandra,and designed for hybrid Cloud. DSE integrates graph, search, analytics, administration, developer tooling, and monitoring into a unified platform.",2011.0,"6.8, April 2020",commercial,,no
Kdb,56.0,60.0,52.0,"Time Series, Multi-model",7.31,+0.41,-1.80,https://db-engines.com/en/system/Kdb,"Time Series DBMS,Relational DBMS","Kx Systems, a division of First Derivatives plc","High performance,Time Series DBMS",2000.0,"3.6, May 2018",commercial,free 32-bit version,no
CockroachDB,57.0,57.0,58.0,Relational,7.27,+0.08,-0.20,https://db-engines.com/en/system/CockroachDB,,Cockroach Labs,"CockroachDB is a distributed database architected for modern cloud applications. It is wire compatible with PostgreSQL and backed by a,Key-Value Store,, which is either,RocksDB,or a purpose-built derivative, called Pebble.",2015.0,"21.1.2, June 2021",Open Source,"Apache 2.0, commercial license available",no
Microsoft Azure Search,58.0,61.0,56.0,Search engine,7.13,+0.35,-0.77,https://db-engines.com/en/system/Microsoft+Azure+Search,,Microsoft,Search-as-a-service for web and mobile app development,2015.0,V1,commercial,,yes
Prometheus,59.0,62.0,66.0,Time Series,7.06,+0.30,+0.67,https://db-engines.com/en/system/Prometheus,,,Open-source TimeSeries DBMS and monitoring system,2015.0,,Open Source,Apache 2.0,no
Algolia,60.0,58.0,54.0,Search engine,7.03,+0.02,-1.90,https://db-engines.com/en/system/Algolia,,,"Fully customizable, hosted Search API",2012.0,,commercial,,yes
Google Cloud Datastore,61.0,64.0,75.0,Document,6.89,+0.22,+1.64,https://db-engines.com/en/system/Google+Cloud+Datastore,,Google,Automatically scaling NoSQL Database as a Service (DBaaS) on the Google Cloud Platform,2008.0,,commercial,,yes
SingleStore,62.0,56.0,59.0,"Relational, Multi-model",6.78,-0.57,-0.55,https://db-engines.com/en/system/SingleStore,"Relational DBMS,Document store,Spatial DBMS,Time Series DBMS",SingleStore Inc.,"MySQL wire-compliant distributed,RDBMS,that combines an in-memory row-oriented and a disc-based column-oriented storage with patented universal storage to handle transactional and analytical workloads in one single table type",2013.0,,commercial,free developer edition available,no
Graphite,63.0,63.0,72.0,Time Series,6.75,+0.04,+1.16,https://db-engines.com/en/system/Graphite,,Chris Davis,Data logging and graphing tool for time series data,2006.0,,Open Source,Apache 2.0,no
Sphinx,64.0,59.0,57.0,Search engine,6.63,-0.30,-1.00,https://db-engines.com/en/system/Sphinx,,Sphinx Technologies Inc.,"Open source search engine for searching in data from different sources, e.g. relational databases",2001.0,,Open Source,"GPL version 2, commercial licence available",no
Aerospike,65.0,66.0,71.0,Multi-model,6.56,+0.09,+0.95,https://db-engines.com/en/system/Aerospike,"Document store,Key-value store,Spatial DBMS",Aerospike,Flash-optimized In-memory NoSQL Database,2012.0,,Open Source,Apache and AGPL Licenses; open sourced in June 2014; commercial Enterprise Edition available,no
Microsoft Azure Data Explorer,66.0,65.0,61.0,"Relational, Multi-model",6.47,-0.07,-0.32,https://db-engines.com/en/system/Microsoft+Azure+Data+Explorer,"Relational DBMS,Document store,Event Store,Spatial DBMS,Search engine,Time Series DBMS",Microsoft,Fully managed big data interactive analytics platform,2019.0,,commercial,,yes
Interbase,67.0,70.0,64.0,Relational,6.23,+0.25,-0.23,https://db-engines.com/en/system/Interbase,,Embarcadero,Light-weight proven RDBMS,1984.0,,commercial,,no
Derby,68.0,68.0,76.0,Relational,6.14,+0.08,+0.93,https://db-engines.com/en/system/Derby,,Apache Software Foundation,"Full-featured RDBMS with a small footprint, either embedded into a Java application or used as a database server.",1997.0,,Open Source,Apache version 2,no
Virtuoso,69.0,73.0,74.0,Multi-model,6.11,+0.23,+0.72,https://db-engines.com/en/system/Virtuoso,"Document store,Graph DBMS,Native XML DBMS,Relational DBMS,RDF store,Search engine,Spatial DBMS",OpenLink Software,Virtuoso is a multi-model hybrid-RDBMS that supports management of data represented as relational tables and/or property graphs,1998.0,,Open Source,"GPLv2, extended commercial license available",no
Ehcache,70.0,69.0,67.0,Key-value,6.04,+0.04,-0.34,https://db-engines.com/en/system/Ehcache,,"Terracotta Inc, owned by Software AG",A widely adopted Java cache with tiered storage options,2009.0,,Open Source,Apache Version 2; commercial licenses available,no
Jackrabbit,71.0,72.0,62.0,Content,6.03,+0.15,-0.51,https://db-engines.com/en/system/Jackrabbit,,Apache Software Foundation,,2006.0,,Open Source,,no
Ingres,72.0,67.0,65.0,Relational,5.94,-0.18,-0.50,https://db-engines.com/en/system/Ingres,,Actian Corporation,"Well established,RDBMS",1974.0,,commercial,,no
Microsoft Azure Table Storage,73.0,74.0,70.0,Wide column,5.93,+0.11,+0.28,https://db-engines.com/en/system/Microsoft+Azure+Table+Storage,,Microsoft,"A,Wide Column Store,for rapid development using massive semi-structured datasets",2012.0,,commercial,,yes
Google Cloud Bigtable,74.0,76.0,84.0,Multi-model,5.92,+0.45,+1.75,https://db-engines.com/en/system/Google+Cloud+Bigtable,"Key-value store,Wide column store",Google,"Google's NoSQL Big Data database service. It's the same database that powers many core Google services, including Search, Analytics, Maps, and Gmail.",2015.0,,commercial,,yes
Accumulo,75.0,75.0,86.0,Wide column,5.75,+0.05,+1.82,https://db-engines.com/en/system/Accumulo,,,,2008.0,,Open Source,,no
SAP SQL Anywhere,76.0,78.0,68.0,Relational,5.66,+0.40,-0.10,https://db-engines.com/en/system/SAP+SQL+Anywhere,,SAP,"RDBMS database and synchronization technologies for server, desktop, remote office, and mobile environments",1992.0,,commercial,,no
ScyllaDB,77.0,77.0,90.0,"Wide column, Multi-model",5.63,+0.30,+1.75,https://db-engines.com/en/system/ScyllaDB,"Wide column store,Key-value store",ScyllaDB,Cassandra and DynamoDB compatible wide column store,2015.0,,Open Source,"Open Source (AGPL), commercial license available",no
Ignite,78.0,71.0,63.0,Multi-model,5.5,-0.40,-1.00,https://db-engines.com/en/system/Ignite,"Key-value store,Relational DBMS",Apache Software Foundation,"Apache Ignite is a memory-centric distributed database, caching, and processing platform for transactional, analytical, and streaming workloads, delivering in-memory speeds at petabyte scale.",2015.0,,Open Source,Apache 2.0,no
ArangoDB,79.0,80.0,73.0,Multi-model,5.29,+0.22,-0.11,https://db-engines.com/en/system/ArangoDB,"Document store,Graph DBMS,Key-value store,Search engine",ArangoDB Inc.,"Native multi-model DBMS for graph, document, key/value and search. All in one engine and accessible with one query language.",2012.0,,Open Source,Apache Version 2; Commercial license (Enterprise) available,no
Riak KV,80.0,79.0,60.0,Key-value,5.14,-0.10,-1.78,https://db-engines.com/en/system/Riak+KV,,Basho Technologies,"Distributed, fault tolerant key-value store",2009.0,,Open Source,"Apache version 2, commercial enterprise edition",no
Adabas,81.0,82.0,78.0,Multivalue,5.13,+0.35,+0.08,https://db-engines.com/en/system/Adabas,,Software AG,OLTP - DBMS for mainframes and Linux/Unix/Windows environments,1971.0,,commercial,,no
Apache Jena - TDB,82.0,87.0,108.0,RDF,5.09,+0.60,+2.19,https://db-engines.com/en/system/Apache+Jena+-+TDB,,Apache Software Foundation,"A RDF storage and query DBMS, shipped as an optional-use component of the Apache Jena framework",2000.0,,Open Source,"Apache License, Version 2.0",no
HyperSQL,83.0,81.0,69.0,Relational,4.92,-0.08,-0.83,https://db-engines.com/en/system/HyperSQL,,,"Multithreaded, transactional,RDBMS,written in Java",2001.0,,Open Source,based on BSD license,no
Trino,84.0,84.0,109.0,"Relational, Multi-model",4.8,+0.24,+1.92,https://db-engines.com/en/system/Trino,"Relational DBMS,Document store,Key-value store,Spatial DBMS,Search engine,Time Series DBMS,Wide column store",Trino Software Foundation,"Fast distributed SQL query engine for big data analytics. Forked from,Presto,and originally named PrestoSQL",2012.0,,Open Source,Apache Version 2.0,no
OrientDB,85.0,89.0,79.0,Multi-model,4.54,+0.06,-0.49,https://db-engines.com/en/system/OrientDB,"Document store,Graph DBMS,Key-value store",OrientDB LTD; CallidusCloud; SAP,"Multi-model DBMS (Document, Graph, Key/Value)",2010.0,,Open Source,Apache version 2,no
"UniData,UniVerse",86.0,93.0,88.0,Multivalue,4.54,+0.22,+0.65,https://db-engines.com/en/system/UniData%2CUniVerse,,Rocket Software,MultiValue database and application server with SQL mapping layer and meta database capabilities,1985.0,,commercial,,no
GemFire,87.0,92.0,,Key-value,4.52,+0.17,,https://db-engines.com/en/system/GemFire,,"Pivotal, VMware","Ultra-high speed, in-memory data and compute grid",,,commercial,,no
TimescaleDB,88.0,85.0,82.0,"Time Series, Multi-model",4.51,-0.03,+0.13,https://db-engines.com/en/system/TimescaleDB,"Time Series DBMS,Relational DBMS",Timescale,"A,time series DBMS,optimized for fast ingest and complex queries, based on,PostgreSQL",2017.0,,Open Source,Apache 2.0,no
SAP IQ,89.0,83.0,77.0,Relational,4.51,-0.08,-0.61,https://db-engines.com/en/system/SAP+IQ,,"SAP, formerly Sybase",Columnar RDBMS optimized for Big Data analytics,1994.0,,commercial,,no
OpenEdge,90.0,94.0,81.0,Relational,4.49,+0.21,-0.18,https://db-engines.com/en/system/OpenEdge,,Progress Software Corporation,Application development environment with integrated database management system,1984.0,,commercial,,no
RocksDB,91.0,88.0,89.0,Key-value,4.47,-0.02,+0.58,https://db-engines.com/en/system/RocksDB,,"Facebook, Inc.",Embeddable persistent key-value store optimized for fast storage (flash and RAM),2013.0,,Open Source,BSD,no
Google Cloud Spanner,92.0,91.0,92.0,Relational,4.38,-0.02,+0.69,https://db-engines.com/en/system/Google+Cloud+Spanner,,Google,"A horizontally scalable, globally consistent, relational database service. It is the externalization of the core Google database that runs the biggest aspects of Google, like Ads and Google Play.",2017.0,,commercial,,yes
YugabyteDB,93.0,86.0,117.0,"Relational, Multi-model",4.38,-0.13,+2.04,https://db-engines.com/en/system/YugabyteDB,"Relational DBMS,Document store,Wide column store",Yugabyte Inc.,"High-performance distributed SQL database for global, internet-scale applications. Wire and feature compatible with,PostgreSQL,.",2017.0,,Open Source,Apache 2.0,no
IBM Cloudant,94.0,90.0,85.0,Document,4.35,-0.06,+0.41,https://db-engines.com/en/system/IBM+Cloudant,,"IBM, Apache Software Foundation","Database as a Service offering based on,Apache CouchDB",2010.0,,commercial,,yes
RavenDB,95.0,95.0,91.0,"Document, Multi-model",4.21,-0.04,+0.39,https://db-engines.com/en/system/RavenDB,"Document store,Graph DBMS,Spatial DBMS,Time Series DBMS",Hibernating Rhinos,Open Source Operational and Transactional Enterprise NoSQL Document Database,2010.0,,Open Source,"AGPL version 3, commercial license available",no
RethinkDB,96.0,98.0,102.0,"Document, Multi-model",3.85,+0.27,+0.78,https://db-engines.com/en/system/RethinkDB,"Document store,Spatial DBMS",The Linux Foundation,DBMS for the Web with a mechanism to push updated query results to applications in realtime.,2009.0,,Open Source,Apache Version 2,no
Infinispan,97.0,99.0,100.0,Key-value,3.76,+0.19,+0.52,https://db-engines.com/en/system/Infinispan,,,,2009.0,,Open Source,Apache Version 2,no
Oracle NoSQL,98.0,96.0,80.0,Multi-model,3.7,-0.27,-1.15,https://db-engines.com/en/system/Oracle+NoSQL,"Document store,Key-value store,Relational DBMS",Oracle,"A multi-model, scalable, distributed NoSQL database, designed to provide highly reliable, flexible, and available data management across a configurable set of storage nodes",2011.0,,Open Source,"Proprietary for Enterprise Edition (Oracle Database EE license has Oracle NoSQL database EE covered:,details,)",no
LevelDB,99.0,97.0,99.0,Key-value,3.55,-0.10,+0.29,https://db-engines.com/en/system/LevelDB,,Google,"Embeddable fast,key-value storage,library that provides an ordered mapping from string keys to string values",2011.0,,Open Source,BSD,no
PouchDB,100.0,100.0,95.0,Document,3.52,+0.04,+0.05,https://db-engines.com/en/system/PouchDB,,Apache Software Foundation,"JavaScript DBMS with an API inspired by,CouchDB",2012.0,,Open Source,,no
MaxDB,101.0,101.0,83.0,Relational,3.49,+0.03,-0.73,https://db-engines.com/en/system/MaxDB,,"SAP, acquired from Software AG (Adabas-D) in 1997","A robust and reliable,RDBMS,optimized to run all major SAP solutions",1984.0,"7.9.10 (January 2020), 2020",commercial,Limited community edition free,no
Oracle Berkeley DB,102.0,103.0,101.0,Multi-model,3.24,-0.02,+0.13,https://db-engines.com/en/system/Oracle+Berkeley+DB,"Key-value store,Native XML DBMS",Oracle,Widely used in-process key-value store,1994.0,"18.1.40, May 2020",Open Source,commercial license available,no
Apache Drill,103.0,104.0,104.0,Multi-model,3.19,-0.02,+0.15,https://db-engines.com/en/system/Apache+Drill,"Document store,Relational DBMS",Apache Software Foundation,"Schema-free SQL Query Engine for Hadoop, NoSQL and Cloud Storage",2012.0,"1.20.3, January 2023",Open Source,Apache Version 2,no
Percona Server for MySQL,104.0,105.0,111.0,Relational,3.17,-0.02,+0.62,https://db-engines.com/en/system/Percona+Server+for+MySQL,,Percona,"Enhanced drop-in replacement for,MySQL,based on XtraDB or TokuDB storage engines with improved performance and additional diagnostic and management features.",2008.0,"8.0.28-20, 2022",Open Source,GPL version 2,no
Citus,105.0,108.0,142.0,"Relational, Multi-model",3.12,+0.10,+1.62,https://db-engines.com/en/system/Citus,"Relational DBMS,Document store",,Scalable hybrid operational and analytics RDBMS for big data use cases based on PostgreSQL,2010.0,"8.1, December 2018",Open Source,"AGPL, commercial license also available",no
CloudKit,106.0,114.0,113.0,Document,3.07,+0.27,+0.66,https://db-engines.com/en/system/CloudKit,,,,2016.0,,commercial,,yes
EDB Postgres,107.0,115.0,116.0,"Relational, Multi-model",3.03,+0.27,+0.67,https://db-engines.com/en/system/EDB+Postgres,"Relational DBMS,Document store,Spatial DBMS",EnterpriseDB,"The EDB Postgres Platform is an enterprise-class data management platform based on the open source database,PostgreSQL,with flexible deployment options and,Oracle,compatibility features, complemented by tool kits for management, integration, and migration.",2005.0,"14, December 2021",commercial,BSD for PostgreSQL-components,no
TiDB,108.0,102.0,94.0,"Relational, Multi-model",3.01,-0.42,-0.50,https://db-engines.com/en/system/TiDB,"Relational DBMS,Document store","PingCAP, Inc.","TiDB is an open source distributed Hybrid Transactional/Analytical Processing (HTAP) database that supports,MySQL,and,Spark SQL,syntaxes.",2016.0,"6.6.0, February 2023",Open Source,Apache 2.0,no
InterSystems Caché,109.0,111.0,98.0,Multi-model,3.01,+0.18,-0.26,https://db-engines.com/en/system/InterSystems+Cach%C3%A9,"Key-value store,Object oriented DBMS,Relational DBMS,Document store",InterSystems,A multi-model DBMS and application server,1997.0,"2018.1.4, May 2020",commercial,,no
RRDtool,110.0,116.0,114.0,Time Series,3.0,+0.30,+0.60,https://db-engines.com/en/system/RRDtool,,Tobias Oetiker,Industry standard data logging and graphing tool for time series data. RRD is an acronym for round-robin database.,1999.0,"1.8.0, 2022",Open Source,GPL V2 and FLOSS,no
SAP Advantage Database Server,111.0,109.0,87.0,Relational,2.98,-0.01,-0.95,https://db-engines.com/en/system/SAP+Advantage+Database+Server,,"Sybase, SAP","Low-cost,RDBMS,with access to ISAM and FoxPro data structures",1993.0,,commercial,,no
Apache Phoenix,112.0,106.0,97.0,Relational,2.97,-0.13,-0.35,https://db-engines.com/en/system/Apache+Phoenix,,Apache Software Foundation,"A scale-out RDBMS with evolutionary schema built on,Apache HBase",2014.0,"5.0-HBase2, July 2018 and 4.15-HBase1, December 2019",Open Source,Apache Version 2.0,no
LMDB,113.0,122.0,112.0,Key-value,2.86,+0.29,+0.33,https://db-engines.com/en/system/LMDB,,Symas,"A high performant, light-weight, embedded key-value database library",2011.0,"0.9.29, March 2021",Open Source,,no
DolphinDB,114.0,113.0,150.0,"Time Series, Multi-model",2.85,+0.05,+1.53,https://db-engines.com/en/system/DolphinDB,"Time Series DBMS,Relational DBMS","DolphinDB, Inc","DolphinDB is a high performance,Time Series DBMS,. It is integrated with an easy-to-use fully featured programming language and a high-volume high-velocity streaming analytics system. It offers operational simplicity, scalability, fault tolerance, and concurrency.",2018.0,"v2.00.4, January 2022",commercial,free community version available,no
Oracle Coherence,115.0,120.0,110.0,Key-value,2.83,+0.21,+0.16,https://db-engines.com/en/system/Oracle+Coherence,,Oracle,Oracles in-memory data grid solution,2007.0,"12c, September 2016",commercial,,no
InterSystems IRIS,116.0,107.0,130.0,Multi-model,2.82,-0.23,+1.00,https://db-engines.com/en/system/InterSystems+IRIS,"Document store,Key-value store,Object oriented DBMS,Relational DBMS",InterSystems,"A containerised multi-model DBMS, interoperability and analytics data platform with wide capabilities for vertical and horizontal scalability",2018.0,"2021.1, June 2021",commercial,,no
JanusGraph,117.0,119.0,115.0,Graph,2.79,+0.16,+0.44,https://db-engines.com/en/system/JanusGraph,,"Linux Foundation; originally developed as,Titan,by Aurelius",A Graph DBMS optimized for distributed clusters,2017.0,"0.6.1, January 2022",Open Source,Apache 2.0,no
Amazon SimpleDB,118.0,125.0,120.0,Key-value,2.74,+0.27,+0.56,https://db-engines.com/en/system/Amazon+SimpleDB,,Amazon,"Hosted simple database service by Amazon, with the data stored in the Amazon Cloud.",2007.0,,commercial,,yes
4D,119.0,118.0,103.0,Relational,2.74,+0.08,-0.33,https://db-engines.com/en/system/4D,,"4D, Inc",Application development environment with integrated database management system,1984.0,"v18 R5, January 2021",commercial,,no
IMS,120.0,110.0,105.0,Navigational,2.74,-0.17,-0.28,https://db-engines.com/en/system/IMS,,IBM,,1966.0,"15, October 2017",commercial,,no
Amazon Neptune,121.0,112.0,106.0,Multi-model,2.73,-0.08,-0.26,https://db-engines.com/en/system/Amazon+Neptune,"Graph DBMS,RDF store",Amazon,"Fast, reliable graph database built for the cloud",2017.0,,commercial,,yes
EXASOL,122.0,117.0,93.0,Relational,2.73,+0.02,-0.87,https://db-engines.com/en/system/EXASOL,,Exasol,"High-performance, in-memory, MPP database specifically designed for in-memory analytics.",2000.0,,commercial,,no
HEAVY.AI,123.0,126.0,149.0,"Relational, Multi-model",2.68,+0.26,+1.33,https://db-engines.com/en/system/HEAVY.AI,"Relational DBMS,Spatial DBMS","HEAVY.AI, Inc.","A high performance, column-oriented,RDBMS,, specifically developed to harness the massive parallelism of modern CPU and GPU hardware",2016.0,,Open Source,Apache Version 2; enterprise edition available,no
Geode,124.0,128.0,131.0,Key-value,2.52,+0.18,+0.71,https://db-engines.com/en/system/Geode,,Originally developed by Gemstone. They outsourced the project to Apache in 2015 but still deliver a commercial version as Gemfire.,"Geode is a distributed data container, pooling memory, CPU, network resources, and optionally local disk across multiple processes",2002.0,,Open Source,Apache Version 2; commercial licenses available as Gemfire,no
Apache Druid,125.0,129.0,96.0,Multi-model,2.49,+0.18,-0.91,https://db-engines.com/en/system/Apache+Druid,"Relational DBMS,Time Series DBMS",Apache Software Foundation and contributors,Open-source analytics data store designed for sub-second OLAP queries on high dimensionality and high cardinality data,2012.0,,Open Source,Apache license v2,no
Amazon CloudSearch,126.0,123.0,118.0,Search engine,2.45,-0.09,+0.14,https://db-engines.com/en/system/Amazon+CloudSearch,,Amazon,A hosted search engine service by Amazon with the data stored in Amazons cloud,2012.0,,commercial,,yes
GraphDB,127.0,124.0,107.0,Multi-model,2.44,-0.09,-0.49,https://db-engines.com/en/system/GraphDB,"Graph DBMS,RDF store",Ontotext,"Enterprise-ready RDF and graph database with efficient reasoning, cluster and external index synchronization support. It supports also SQL JDBC access to Knowledge Graph and GraphQL over SPARQL.",2000.0,,commercial,Some plugins of GraphDB Workbench are open sourced,no
OpenTSDB,128.0,121.0,129.0,Time Series,2.44,-0.14,+0.61,https://db-engines.com/en/system/OpenTSDB,,currently maintained by Yahoo and other contributors,"Scalable Time Series DBMS based on,HBase",2011.0,,Open Source,LGPL,no
GridGain,129.0,130.0,125.0,Multi-model,2.41,+0.10,+0.47,https://db-engines.com/en/system/GridGain,"Key-value store,Relational DBMS","GridGain Systems, Inc.","GridGain is an in-memory computing platform, built on,Apache Ignite",2007.0,,commercial,,no
TDengine,130.0,137.0,210.0,"Time Series, Multi-model",2.4,+0.31,+1.70,https://db-engines.com/en/system/TDengine,"Time Series DBMS,Relational DBMS","TDEngine, previously Taos Data",Time Series DBMS and big data platform,2019.0,,Open Source,"GPL V3, also commercial editions available",no
MonetDB,131.0,134.0,127.0,"Relational, Multi-model",2.38,+0.21,+0.52,https://db-engines.com/en/system/MonetDB,"Relational DBMS,Document store,Spatial DBMS",MonetDB BV,A relational database management system that stores data in columns,2004.0,,Open Source,Mozilla Public License 2.0,no
Coveo,132.0,131.0,128.0,Search engine,2.37,+0.11,+0.52,https://db-engines.com/en/system/Coveo,,Coveo,"AI-powered hosted search, recommendation and personalization platform providing tools for both low-code and full-code development",2012.0,,commercial,,yes
Datomic,133.0,136.0,133.0,Relational,2.29,+0.19,+0.51,https://db-engines.com/en/system/Datomic,,Cognitect,"Datomic builds on immutable values, supports point-in-time queries and uses 3rd party systems for durability",2012.0,,commercial,limited edition free,no
VoltDB,134.0,127.0,138.0,Relational,2.29,-0.11,+0.60,https://db-engines.com/en/system/VoltDB,,VoltDB Inc.,"Distributed In-Memory NewSQL,RDBMS",2010.0,,Open Source,"AGPL for Community Edition, commercial license for Enterprise, AWS, and Pro Editions",no
SpatiaLite,135.0,132.0,123.0,"Spatial DBMS, Multi-model",2.25,+0.02,+0.28,https://db-engines.com/en/system/SpatiaLite,"Spatial DBMS,Relational DBMS",Alessandro Furieri,"Spatial extension of,SQLite",2008.0,,Open Source,"MPL 1.1, GPL v2.0 or LGPL v2.1",no
Tibero,136.0,138.0,121.0,Relational,2.22,+0.15,+0.18,https://db-engines.com/en/system/Tibero,,TmaxSoft,"A secure RDBMS, designed for easy portability from Oracle",2003.0,,commercial,,no
TigerGraph,137.0,133.0,119.0,Graph,2.16,-0.04,-0.08,https://db-engines.com/en/system/TigerGraph,,,"A complete, distributed, parallel graph computing platform supporting web-scale data analytics in real-time",2017.0,,commercial,,no
TimesTen,138.0,140.0,132.0,Relational,2.14,+0.12,+0.33,https://db-engines.com/en/system/TimesTen,,"Oracle, TimesTen Performance Software, HP","In-Memory,RDBMS,compatible to Oracle",1998.0,,commercial,,no
Db4o,139.0,142.0,137.0,Object oriented,2.08,+0.12,+0.39,https://db-engines.com/en/system/Db4o,,,,2001.0,,Open Source,commercial license available for existing customers only,no
jBASE,140.0,145.0,126.0,Multivalue,2.06,+0.17,+0.14,https://db-engines.com/en/system/jBASE,,Zumasys,A robust multi-value DBMS comprising development tools and middleware,1991.0,,commercial,,no
IBM Db2 warehouse,141.0,135.0,124.0,Relational,2.04,-0.10,+0.10,https://db-engines.com/en/system/IBM+Db2+warehouse,,IBM,Cloud-based data warehousing service,2014.0,,commercial,,yes
ObjectStore,142.0,147.0,143.0,Object oriented,2.04,+0.17,+0.57,https://db-engines.com/en/system/ObjectStore,,Ignite Technologies,,1988.0,,commercial,,no
DuckDB,143.0,153.0,275.0,Relational,2.01,+0.33,+1.74,https://db-engines.com/en/system/DuckDB,,,"An embeddable, in-process, column-oriented SQL OLAP,RDBMS",2018.0,,Open Source,MIT License,no
BaseX,144.0,143.0,139.0,Native XML,1.99,+0.08,+0.33,https://db-engines.com/en/system/BaseX,,BaseX GmbH,"Light-weight,Native XML DBMS,with support for XQuery 3.0 and interactive GUI.",2007.0,,Open Source,BSD license,no
OceanBase,145.0,159.0,,"Relational, Multi-model",1.98,+0.39,,https://db-engines.com/en/system/OceanBase,"Relational DBMS,Document store,Wide column store",OceanBase,"A distributed, high available,RDBMS,compatible with,Oracle,and,MySQL",2011.0,,Open Source,Commercial license available,no
GridDB,146.0,139.0,145.0,"Time Series, Multi-model",1.97,-0.08,+0.53,https://db-engines.com/en/system/GridDB,"Time Series DBMS,Key-value store,Relational DBMS",Toshiba Corporation,Scalable in-memory time series database optimized for IoT and Big Data,2013.0,,Open Source,"AGPL version 3 and Apache License, version 2.0 , commercial license (standard and advanced editions) also available",no
QuestDB,147.0,144.0,161.0,"Time Series, Multi-model",1.95,+0.05,+0.76,https://db-engines.com/en/system/QuestDB,"Time Series DBMS,Relational DBMS",QuestDB Limited,"A high performance open source SQL database for,time series data",2014.0,,Open Source,Apache 2.0,no
Amazon DocumentDB,148.0,141.0,135.0,Document,1.9,-0.09,+0.13,https://db-engines.com/en/system/Amazon+DocumentDB,,,"Fast, scalable, highly available, and fully managed,MongoDB,-compatible database service",2019.0,,commercial,,yes
Fauna,149.0,149.0,151.0,Multi-model,1.89,+0.12,+0.57,https://db-engines.com/en/system/Fauna,"Document store,Graph DBMS,Relational DBMS,Time Series DBMS","Fauna, Inc.","Fauna provides a web-native interface, with support for GraphQL and custom business logic that integrates seamlessly with the rest of the serverless ecosystem. The underlying globally distributed storage and compute platform is fast, consistent, and reliable, with a modern security infrastructure.",2014.0,,commercial,,yes
SQLBase,150.0,154.0,156.0,Relational,1.89,+0.21,+0.59,https://db-engines.com/en/system/SQLBase,,,,1985.0,,commercial,,no
Tarantool,151.0,146.0,141.0,"Key-value, Multi-model",1.87,-0.01,+0.35,https://db-engines.com/en/system/Tarantool,"Key-value store,Document store,Relational DBMS,Spatial DBMS",VK,In-memory computing platform with a flexible data schema for efficiently building high-performance applications,2008.0,,Open Source,BSD,no
Mnesia,152.0,152.0,140.0,Document,1.86,+0.18,+0.27,https://db-engines.com/en/system/Mnesia,,,,1999.0,,Open Source,proprietary license,no
Dgraph,153.0,148.0,136.0,Graph,1.86,+0.06,+0.14,https://db-engines.com/en/system/Dgraph,,"Dgraph Labs, Inc.","Distributed and scalable native,Graph DBMS",2016.0,,Open Source,Apache 2.0,no
NebulaGraph,154.0,166.0,163.0,Graph,1.79,+0.28,+0.63,https://db-engines.com/en/system/NebulaGraph,,Vesoft Inc.,"A distributed, linear scalable, high perfomant,Graph DBMS",2019.0,,Open Source,Apache Version 2.0 + Common Clause 1.0,no
LiteDB,155.0,157.0,167.0,Document,1.75,+0.14,+0.63,https://db-engines.com/en/system/LiteDB,,Mauricio David,"MongoDB-like, serverless database delivered in a single DLL",2014.0,,Open Source,MIT License,no
Datameer,156.0,156.0,147.0,Document,1.74,+0.13,+0.34,https://db-engines.com/en/system/Datameer,,,,2009.0,,commercial,,no
GBase,157.0,165.0,166.0,Relational,1.69,+0.17,+0.56,https://db-engines.com/en/system/GBase,,,An analytical database for business intelligence with large customers in China.,,,commercial,,no
Memgraph,158.0,178.0,259.0,Graph,1.68,+0.36,+1.30,https://db-engines.com/en/system/Memgraph,,Memgraph Ltd,An open source graph database built for real-time streaming and compatible with Neo4j,2017.0,,commercial,Free license available,no
Actian NoSQL Database,159.0,160.0,153.0,Object oriented,1.67,+0.09,+0.35,https://db-engines.com/en/system/Actian+NoSQL+Database,,Actian,,1988.0,,commercial,,no
Empress,160.0,164.0,164.0,Relational,1.65,+0.13,+0.50,https://db-engines.com/en/system/Empress,,,,1981.0,,commercial,,no
DataEase,161.0,169.0,172.0,Relational,1.64,+0.18,+0.57,https://db-engines.com/en/system/DataEase,,,,1981.0,,commercial,,no
Firebolt,162.0,,,Relational,1.64,,,https://db-engines.com/en/system/Firebolt,,,,2020.0,,commercial,,yes
Stardog,163.0,155.0,122.0,Multi-model,1.63,+0.01,-0.35,https://db-engines.com/en/system/Stardog,"Graph DBMS,RDF store",,,2010.0,,commercial,60-day fully-featured trial license; 1-year fully-featured non-commercial use license for academics/students,no
Apache Kylin,164.0,151.0,148.0,Relational,1.63,-0.07,+0.25,https://db-engines.com/en/system/Apache+Kylin,,,,2015.0,,Open Source,Apache Version 2.0,no
SQL.JS,165.0,176.0,165.0,Relational,1.62,+0.25,+0.48,https://db-engines.com/en/system/SQL.JS,,,,2012.0,,Open Source,,no
NonStop SQL,166.0,168.0,168.0,Relational,1.6,+0.12,+0.50,https://db-engines.com/en/system/NonStop+SQL,,,,1987.0,,commercial,,no
FoundationDB,167.0,150.0,157.0,Multi-model,1.6,-0.16,+0.31,https://db-engines.com/en/system/FoundationDB,"Document store,Key-value store,Relational DBMS",,,2013.0,,Open Source,Apache 2.0,no
Cubrid,168.0,172.0,158.0,Relational,1.59,+0.17,+0.34,https://db-engines.com/en/system/Cubrid,,,,2008.0,,Open Source,Apache Version 2.0,no
Giraph,169.0,163.0,154.0,Graph,1.59,+0.06,+0.28,https://db-engines.com/en/system/Giraph,,,,2013.0,,Open Source,Apache Version 2,no
ObjectBox,170.0,158.0,179.0,"Object oriented, Multi-model",1.57,-0.03,+0.63,https://db-engines.com/en/system/ObjectBox,"Object oriented DBMS,Time Series DBMS",,,2017.0,,Open Source,Apache License 2.0,no
Oracle Rdb,171.0,161.0,160.0,Relational,1.53,-0.04,+0.33,https://db-engines.com/en/system/Oracle+Rdb,,,,1984.0,,commercial,,no
Altibase,172.0,173.0,173.0,Relational,1.53,+0.12,+0.49,https://db-engines.com/en/system/Altibase,,,,1999.0,,Open Source,since February 2018,no
mSQL,173.0,170.0,134.0,Relational,1.51,+0.05,-0.26,https://db-engines.com/en/system/mSQL,,,,1994.0,,commercial,free licenses can be provided,no
Infobright,174.0,167.0,170.0,Relational,1.47,-0.03,+0.38,https://db-engines.com/en/system/Infobright,,,,2005.0,,commercial,The open source (GPLv2) version did not support inserts/updates/deletes and was discontinued with July 2016,no
MatrixOne,175.0,183.0,,Relational,1.44,+0.19,,https://db-engines.com/en/system/MatrixOne,,,,2021.0,,Open Source,Apache Version 2.0,no
ZODB,176.0,180.0,178.0,Key-value,1.44,+0.18,+0.49,https://db-engines.com/en/system/ZODB,,,,2009.0,,Open Source,,no
GigaSpaces,177.0,185.0,184.0,Multi-model,1.43,+0.20,+0.55,https://db-engines.com/en/system/GigaSpaces,"Document store,Object oriented DBMS,Graph DBMS,Search engine",,,2000.0,,Open Source,Apache Version 2; Commercial licenses available,no
GT.M,178.0,162.0,146.0,Key-value,1.42,-0.13,+0.00,https://db-engines.com/en/system/GT.M,,,,1986.0,,commercial,,no
Apache HAWQ,179.0,171.0,171.0,Relational,1.42,0.00,+0.34,https://db-engines.com/en/system/Apache+HAWQ,,,,2012.0,,Open Source,,no
HFSQL,180.0,175.0,144.0,Relational,1.41,+0.04,-0.03,https://db-engines.com/en/system/HFSQL,,,,,,commercial,,no
Model 204,181.0,181.0,159.0,Multivalue,1.41,+0.15,+0.20,https://db-engines.com/en/system/Model+204,,,,1972.0,,commercial,,no
TypeDB,182.0,177.0,203.0,Multi-model,1.39,+0.05,+0.65,https://db-engines.com/en/system/TypeDB,"Graph DBMS,Relational DBMS",,,2016.0,,Open Source,"GPL Version 3, commercial licenses available",no
NCache,183.0,184.0,181.0,"Key-value, Multi-model",1.35,+0.12,+0.43,https://db-engines.com/en/system/NCache,"Key-value store,Document store,Search engine",,,2005.0,,Open Source,Enterprise Edition available,no
Actian Vector,184.0,190.0,195.0,Relational,1.35,+0.16,+0.55,https://db-engines.com/en/system/Actian+Vector,,,,,,commercial,,no
1010data,185.0,187.0,152.0,Relational,1.34,+0.14,+0.02,https://db-engines.com/en/system/1010data,,,,2000.0,,commercial,,no
NuoDB,186.0,189.0,176.0,Relational,1.34,+0.15,+0.34,https://db-engines.com/en/system/NuoDB,,,,2013.0,,commercial,limited edition free,no
AllegroGraph,187.0,174.0,155.0,Multi-model,1.33,-0.06,+0.02,https://db-engines.com/en/system/AllegroGraph,"Document store,Graph DBMS,RDF store,Spatial DBMS",,,2004.0,,commercial,Limited community edition free,no
openGauss,188.0,192.0,,"Relational, Multi-model",1.31,+0.14,,https://db-engines.com/en/system/openGauss,"Relational DBMS,Document store,Spatial DBMS",,,2019.0,,Open Source,,no
Perst,189.0,193.0,199.0,Object oriented,1.3,+0.13,+0.52,https://db-engines.com/en/system/Perst,,,,2003.0,,Open Source,commercial license available,no
HPE Ezmeral Data Fabric,190.0,182.0,190.0,Multi-model,1.29,+0.04,+0.45,https://db-engines.com/en/system/HPE+Ezmeral+Data+Fabric,"Document store,Wide column store",,,2009.0,,commercial,,no
Pinecone,191.0,179.0,,Search engine,1.29,+0.02,,https://db-engines.com/en/system/Pinecone,,,,2019.0,,commercial,,yes
Matisse,192.0,195.0,191.0,Object oriented,1.27,+0.11,+0.45,https://db-engines.com/en/system/Matisse,,,,1986.0,,commercial,free developer license available,no
EventStoreDB,193.0,188.0,174.0,Event,1.27,+0.07,+0.23,https://db-engines.com/en/system/EventStoreDB,,,,2012.0,,Open Source,,no
RDF4J,194.0,194.0,213.0,RDF,1.26,+0.09,+0.58,https://db-engines.com/en/system/RDF4J,,,,2004.0,,Open Source,"Eclipse Distribution License (EDL), v1.0.",no
solidDB,195.0,199.0,193.0,Relational,1.24,+0.13,+0.43,https://db-engines.com/en/system/solidDB,,,,1992.0,,commercial,,no
Hibari,196.0,210.0,248.0,Key-value,1.21,+0.21,+0.76,https://db-engines.com/en/system/Hibari,,,,2005.0,,Open Source,Apache Version 2,no
Xapian,197.0,196.0,201.0,Search engine,1.19,+0.06,+0.43,https://db-engines.com/en/system/Xapian,,,,1986.0,,Open Source,GPLv2,no
Blazegraph,198.0,197.0,182.0,Multi-model,1.18,+0.06,+0.27,https://db-engines.com/en/system/Blazegraph,"Graph DBMS,RDF store",,,2006.0,,Open Source,extended commercial license available,no
Amazon Timestream,199.0,198.0,169.0,Time Series,1.15,+0.04,+0.05,https://db-engines.com/en/system/Amazon+Timestream,,,,2018.0,,commercial,,yes
IDMS,200.0,191.0,180.0,Navigational,1.15,-0.04,+0.22,https://db-engines.com/en/system/IDMS,,,,1973.0,,commercial,,no
Sedna,201.0,186.0,175.0,Native XML,1.13,-0.09,+0.10,https://db-engines.com/en/system/Sedna,,,,2006.0,,Open Source,Apache Version 2,no
eXist-db,202.0,203.0,192.0,Native XML,1.12,+0.05,+0.31,https://db-engines.com/en/system/eXist-db,,,,2000.0,,Open Source,L-GPL,no
Dolt,203.0,215.0,188.0,"Relational, Multi-model",1.11,+0.18,+0.24,https://db-engines.com/en/system/Dolt,"Relational DBMS,Document store",,,2018.0,,Open Source,Apache Version 2.0,no
Meilisearch,204.0,205.0,,Search engine,1.09,+0.03,,https://db-engines.com/en/system/Meilisearch,,,,2020.0,,Open Source,MIT License,no
WebSphere eXtreme Scale,205.0,216.0,216.0,Key-value,1.09,+0.16,+0.43,https://db-engines.com/en/system/WebSphere+eXtreme+Scale,,,,2009.0,,commercial,,no
Kognitio,206.0,206.0,197.0,Relational,1.08,+0.03,+0.29,https://db-engines.com/en/system/Kognitio,,,,1992.0,,commercial,,no
M3DB,207.0,214.0,280.0,Time Series,1.08,+0.13,+0.84,https://db-engines.com/en/system/M3DB,,,,,,Open Source,Apache version 2,no
Graph Engine,208.0,200.0,187.0,Multi-model,1.08,+0.01,+0.22,https://db-engines.com/en/system/Graph+Engine,"Graph DBMS,Key-value store",,,2010.0,,Open Source,MIT License,no
D3,209.0,209.0,162.0,Multivalue,1.07,+0.05,-0.09,https://db-engines.com/en/system/D3,,,,1999.0,,commercial,,no
KairosDB,210.0,213.0,214.0,Time Series,1.06,+0.09,+0.38,https://db-engines.com/en/system/KairosDB,,,,2013.0,,Open Source,Apache 2.0,no
FrontBase,211.0,207.0,186.0,Relational,1.05,+0.02,+0.18,https://db-engines.com/en/system/FrontBase,,,,1993.0,,commercial,free licenses,no
Splice Machine,212.0,212.0,189.0,Relational,1.03,+0.06,+0.18,https://db-engines.com/en/system/Splice+Machine,,,,2014.0,,Open Source,"AGPL 3.0, commercial license available",no
Northgate Reality,213.0,221.0,225.0,Multivalue,1.02,+0.14,+0.44,https://db-engines.com/en/system/Northgate+Reality,,,,1973.0,,commercial,,no
TDSQL for MySQL,214.0,225.0,239.0,"Relational, Multi-model",1.02,+0.17,+0.51,https://db-engines.com/en/system/TDSQL+for+MySQL,"Relational DBMS,Document store,Spatial DBMS",,,2013.0,,commercial,,yes
DBISAM,215.0,204.0,200.0,Relational,1.02,-0.04,+0.25,https://db-engines.com/en/system/DBISAM,,,,1998.0,,commercial,,no
SciDB,216.0,222.0,217.0,Multivalue,1.02,+0.15,+0.36,https://db-engines.com/en/system/SciDB,,,,2008.0,,Open Source,,no
Vitess,217.0,,,"Relational, Multi-model",1.01,,,https://db-engines.com/en/system/Vitess,"Relational DBMS,Document store,Spatial DBMS",,,2015.0,,Open Source,"Apache Version 2.0, commercial licenses available",no
OpenBase,218.0,229.0,212.0,Relational,1.0,+0.18,+0.32,https://db-engines.com/en/system/OpenBase,,,,1991.0,,commercial,,no
VictoriaMetrics,219.0,202.0,215.0,Time Series,0.99,-0.08,+0.33,https://db-engines.com/en/system/VictoriaMetrics,,,,2018.0,,Open Source,Apache Version 2.0,no
MapDB,220.0,224.0,238.0,Key-value,0.99,+0.13,+0.47,https://db-engines.com/en/system/MapDB,,,,2002.0,,Open Source,Apache Version 2,no
Apache IoTDB,221.0,231.0,253.0,Time Series,0.99,+0.19,+0.56,https://db-engines.com/en/system/Apache+IoTDB,,Apache Software Foundation,"An IoT native database with high performance for data management and analysis, deployable on the edge and the cloud and integrated with Hadoop, Spark and Flink",2018.0,,Open Source,Apache Version 2.0,no
NexusDB,222.0,223.0,223.0,Relational,0.98,+0.13,+0.38,https://db-engines.com/en/system/NexusDB,,,,2003.0,,commercial,,no
Rockset,223.0,217.0,233.0,"Document, Multi-model",0.95,+0.04,+0.40,https://db-engines.com/en/system/Rockset,"Document store,Relational DBMS,Search engine",Rockset,"A scalable, reliable search and analytics service in the cloud, built on,RocksDB",2019.0,,commercial,,yes
BigchainDB,224.0,201.0,196.0,Document,0.94,-0.13,+0.15,https://db-engines.com/en/system/BigchainDB,,,"BigchainDB is scalable blockchain database offering decentralization, immutability and native assets",2016.0,,Open Source,AGPL v3,no
GeoMesa,225.0,208.0,198.0,Spatial DBMS,0.94,-0.08,+0.14,https://db-engines.com/en/system/GeoMesa,,CCRi and others,GeoMesa is a distributed spatio-temporal DBMS based on various systems as storage layer.,2014.0,,Open Source,Apache License 2.0,no
PlanetScale,226.0,,,"Relational, Multi-model",0.93,,,https://db-engines.com/en/system/PlanetScale,"Relational DBMS,Document store,Spatial DBMS",PlanetScale,"Scalable, distributed, serverless,MySQL,database platform built on top of,Vitess",2020.0,,commercial,,yes
CrateDB,227.0,211.0,177.0,Multi-model,0.91,-0.08,-0.05,https://db-engines.com/en/system/CrateDB,"Document store,Object oriented DBMS,Time Series DBMS,Relational DBMS,Search engine",Crate,Distributed Database based on Lucene,2013.0,,Open Source,,no
Amazon Keyspaces,228.0,226.0,234.0,Wide column,0.91,+0.06,+0.35,https://db-engines.com/en/system/Amazon+Keyspaces,,Amazon,"A scalable, highly available,Cassandra,–compatible database service",2019.0,,commercial,,yes
ScaleArc,229.0,234.0,228.0,Relational,0.91,+0.15,+0.34,https://db-engines.com/en/system/ScaleArc,,"DevFactory, formerly Ignite","A layer on top of standard MySQL, SQL Server or Oracle instances for data distribution and sharding",2009.0,,commercial,limited edition free,no
ObjectDB,230.0,218.0,222.0,Object oriented,0.9,-0.01,+0.30,https://db-engines.com/en/system/ObjectDB,,,,2010.0,,commercial,,no
SQream DB,231.0,227.0,231.0,Relational,0.9,+0.05,+0.33,https://db-engines.com/en/system/SQream+DB,,SQream Technologies,"a GPU-based, columnar RDBMS for big data analytics workloads",2017.0,,commercial,,no
VistaDB,232.0,238.0,224.0,Relational,0.87,+0.14,+0.28,https://db-engines.com/en/system/VistaDB,,Gibraltar Software,,2008.0,,commercial,,no
BoltDB,233.0,220.0,227.0,Key-value,0.87,-0.01,+0.29,https://db-engines.com/en/system/BoltDB,,,"An embedded,key-value store,for Go.",2013.0,,Open Source,MIT License,no
R:BASE,234.0,219.0,207.0,Relational,0.87,-0.01,+0.15,https://db-engines.com/en/system/R%3ABASE,,,,1981.0,,commercial,,no
Yellowbrick,235.0,232.0,205.0,Relational,0.87,+0.07,+0.15,https://db-engines.com/en/system/Yellowbrick,,Yellowbrick Data,Data Warehouse appliance and cloud service,,,commercial,,no
OpenInsight,236.0,248.0,241.0,Multivalue,0.84,+0.18,+0.33,https://db-engines.com/en/system/OpenInsight,,,Development Environment with included multi-value filing system,1992.0,,commercial,,no
Scalaris,237.0,241.0,254.0,Key-value,0.82,+0.12,+0.40,https://db-engines.com/en/system/Scalaris,,,,2010.0,,Open Source,Apache Version 2,no
eXtremeDB,238.0,228.0,209.0,Multi-model,0.8,-0.04,+0.09,https://db-engines.com/en/system/eXtremeDB,"Relational DBMS,Time Series DBMS",McObject,"Natively in-memory DBMS with options for persistency, high-availability and clustering",2001.0,,commercial,,no
Datacom/DB,239.0,235.0,194.0,Relational,0.78,+0.03,-0.02,https://db-engines.com/en/system/Datacom%2FDB,,Broadcom (formerly CA),"RDBMS,for mainframes",1972.0,,commercial,,no
Milvus,240.0,246.0,249.0,Search engine,0.78,+0.10,+0.33,https://db-engines.com/en/system/Milvus,,,A DBMS designed for efficient storage of vector data and vector similarity searches,2019.0,,Open Source,Apache Version 2.0,no
Kingbase,241.0,245.0,258.0,"Relational, Multi-model",0.76,+0.08,+0.37,https://db-engines.com/en/system/Kingbase,"Relational DBMS,Document store,Spatial DBMS",BeiJing KINGBASE Information technologies inc.,"An enterprise-class,RDBMS,compatible with PostgreSQL and Oracle and widely used in China.",1999.0,"V8.0, August 2021",commercial,,no
4store,242.0,247.0,247.0,RDF,0.76,+0.09,+0.31,https://db-engines.com/en/system/4store,,,,2009.0,,Open Source,GPLv3,no
Objectivity/DB,243.0,236.0,185.0,Object oriented,0.76,+0.01,-0.11,https://db-engines.com/en/system/Objectivity%2FDB,,,,1990.0,,commercial,,no
KeyDB,244.0,243.0,264.0,Key-value,0.76,+0.06,+0.41,https://db-engines.com/en/system/KeyDB,,EQ Alpha Technology Ltd.,"An ultra-fast, open source,Key-value store,fully compatible with Redis API, modules, and protocols",2019.0,,Open Source,BSD-3,no
Apache Doris,245.0,244.0,271.0,Relational,0.75,+0.06,+0.45,https://db-engines.com/en/system/Apache+Doris,,"Apache Software Foundation, originally contributed from Baidu","An MPP-based analytics DBMS embracing the,MySQL,protocol",2017.0,"0.14, May 2021",Open Source,Apache Version 2.0,no
ModeShape,246.0,256.0,261.0,Content,0.72,+0.12,+0.35,https://db-engines.com/en/system/ModeShape,,,,2010.0,,Open Source,Apache Version 2,no
SearchBlox,247.0,251.0,262.0,Search engine,0.72,+0.09,+0.36,https://db-engines.com/en/system/SearchBlox,,,,2003.0,,commercial,,no
Tajo,248.0,242.0,255.0,Relational,0.71,+0.02,+0.31,https://db-engines.com/en/system/Tajo,,Apache Software Foundation,SQL on Hadoop,2012.0,,Open Source,Apache Version 2,no
AlaSQL,249.0,237.0,230.0,Multi-model,0.71,-0.03,+0.15,https://db-engines.com/en/system/AlaSQL,"Document store,Relational DBMS",Andrey Gershun & Mathias R. Wulff,JavaScript DBMS library,2014.0,,Open Source,MIT-License,no
Rasdaman,250.0,252.0,251.0,Multivalue,0.71,+0.09,+0.28,https://db-engines.com/en/system/Rasdaman,,,Extends standard RDBMS with efficient handling of multi-dimensional arrays,1998.0,"rasdaman v9.8.1, July 2019",Open Source,extended commercial license available,no
Postgres-XL,251.0,230.0,206.0,"Relational, Multi-model",0.71,-0.11,-0.01,https://db-engines.com/en/system/Postgres-XL,"Relational DBMS,Document store,Spatial DBMS",,Based on PostgreSQL enhanced with MPP and write-scale-out cluster features,2014.0,"10 R1, October 2018",Open Source,Mozilla public license,no
LokiJS,252.0,261.0,229.0,Document,0.7,+0.17,+0.13,https://db-engines.com/en/system/LokiJS,,,In-memory JavaScript DBMS,2014.0,,Open Source,,no
Strabon,253.0,263.0,304.0,RDF,0.68,+0.15,+0.55,https://db-engines.com/en/system/Strabon,,,,2011.0,,Open Source,Mozilla public license,no
Apache Pinot,254.0,250.0,,Relational,0.67,+0.04,,https://db-engines.com/en/system/Apache+Pinot,,Apache Software Foundation and contributors,"Realtime distributed OLAP datastore, designed to answer OLAP queries with low latency",2015.0,"0.11.0, September 2022",Open Source,Apache Version 2.0,no
Starcounter,255.0,239.0,256.0,Object oriented,0.65,-0.06,+0.25,https://db-engines.com/en/system/Starcounter,,,,2006.0,"2.3.2.930, April 2018",commercial,,no
Trafodion,256.0,233.0,244.0,Relational,0.64,-0.12,+0.17,https://db-engines.com/en/system/Trafodion,,"Apache Software Foundation, originally developed by HP",Transactional SQL-on-Hadoop DBMS,2014.0,"2.3.0, February 2019",Open Source,Apache 2.0,no
Elassandra,257.0,265.0,240.0,"Wide column, Multi-model",0.63,+0.11,+0.12,https://db-engines.com/en/system/Elassandra,"Wide column store,Search engine",,"Open source database and search engine for multi-cloud applications based on,Cassandra,and,Elasticsearch",,,Open Source,Apache Version 2.0,no
atoti,258.0,240.0,260.0,Object oriented,0.62,-0.08,+0.24,https://db-engines.com/en/system/atoti,,ActiveViam,"An in-memory,DBMS,combining transactional and analytical processing to handle the aggregation of ever-changing data.",,,commercial,free versions available,no
InfiniteGraph,259.0,254.0,245.0,Graph,0.61,+0.01,+0.15,https://db-engines.com/en/system/InfiniteGraph,,,,2010.0,,commercial,,no
Sequoiadb,260.0,255.0,250.0,Multi-model,0.59,-0.02,+0.15,https://db-engines.com/en/system/Sequoiadb,"Document store,Relational DBMS",Sequoiadb Ltd.,NewSQL database with distributed OLTP and SQL,2013.0,,Open Source,Server: AGPL; Client: Apache V2,no
OpenQM,261.0,257.0,273.0,Multivalue,0.59,+0.03,+0.31,https://db-engines.com/en/system/OpenQM,,Martin Phillips,"QpenQM is a high-performance, self-tuning, multi-value DBMS",1993.0,3.4-12,Open Source,"GPLv2, extended commercial license available",no
GemStone/S,262.0,262.0,183.0,Object oriented,0.58,+0.05,-0.31,https://db-engines.com/en/system/GemStone%2FS,,,,1986.0,64 Bit 3.3.3,commercial,,no
Tokyo Tyrant,263.0,259.0,235.0,Key-value,0.58,+0.03,+0.03,https://db-engines.com/en/system/Tokyo+Tyrant,,,,2007.0,,Open Source,GPL,no
Project Voldemort,264.0,253.0,242.0,Key-value,0.57,-0.04,+0.10,https://db-engines.com/en/system/Project+Voldemort,,,,2009.0,"1.10.25, July 2017",Open Source,Apache version 2,no
Percona Server for MongoDB,265.0,249.0,218.0,Document,0.56,-0.07,-0.06,https://db-engines.com/en/system/Percona+Server+for+MongoDB,,Percona,A drop-in replacement for MongoDB Community Edition with enterprise-grade features.,2015.0,"3.4.10-2.10, November 2017",Open Source,GPL Version 2,no
ITTIA,266.0,266.0,307.0,Relational,0.56,+0.05,+0.45,https://db-engines.com/en/system/ITTIA,,,,2000.0,,commercial,,no
HarperDB,267.0,260.0,232.0,Document,0.56,+0.02,+0.00,https://db-engines.com/en/system/HarperDB,,HarperDB,Ultra-low latency distributed database with an intuitive REST API supporting NoSQL and SQL (including joins). Deployment of functions and databases simultaneously with a consolidated node-level architecture.,2017.0,"3.1, August 2021",commercial,free community edition available,no
Actian FastObjects,268.0,283.0,289.0,Object oriented,0.56,+0.15,+0.35,https://db-engines.com/en/system/Actian+FastObjects,,Actian,,,,commercial,,no
Kinetica,269.0,267.0,208.0,"Relational, Multi-model",0.56,+0.06,-0.15,https://db-engines.com/en/system/Kinetica,"Relational DBMS,Spatial DBMS,Time Series DBMS",Kinetica,Fully vectorized database across both GPUs and CPUs,2012.0,"7.1, August 2021",commercial,,no
Comdb2,270.0,268.0,276.0,Relational,0.55,+0.05,+0.29,https://db-engines.com/en/system/Comdb2,,Bloomberg Finance L.P.,"A distributed,RDBMS,designed for geographical replication and high availability. It has been developed by Bloomberg Finance L.P. and is used as their primary DBMS.",2004.0,,Open Source,Apache 2.0,no
YDB,271.0,258.0,219.0,Multi-model,0.54,-0.01,-0.08,https://db-engines.com/en/system/YDB,"Document store,Relational DBMS",Yandex,"A distributed fault-tolerant database service, with high availability, scalability, immediate consistency and ACID transactions and providing an,Amazon DynamoDB,compatible API",2019.0,,Open Source,Apache 2.0; commercial license available,no
Lovefield,272.0,271.0,274.0,Relational,0.53,+0.04,+0.26,https://db-engines.com/en/system/Lovefield,,Google,"Embeddable,relational database,for web apps written in pure JavaScript",2014.0,"2.1.12, February 2017",Open Source,Apache 2.0,no
Raima Database Manager,273.0,272.0,220.0,Multi-model,0.52,+0.05,-0.09,https://db-engines.com/en/system/Raima+Database+Manager,"Relational DBMS,Time Series DBMS",Raima Inc.,"RDBMS with a small footprint, either embedded into an application or used as a database server",1984.0,"15, June 2021",commercial,,no
Transbase,274.0,287.0,308.0,Relational,0.52,+0.13,+0.41,https://db-engines.com/en/system/Transbase,,Transaction Software GmbH,"A resource-optimized, high-performance, universally applicable RDBMS",1987.0,"Transbase 8.3, 2022",commercial,free development license,no
Cloudflare Workers KV,275.0,275.0,300.0,Key-value,0.51,+0.06,+0.38,https://db-engines.com/en/system/Cloudflare+Workers+KV,,Cloudflare,"A global, low-latency,,key-value store,for applications on Cloudflare with exceptionally high read volumes and low-latency.",2018.0,,commercial,,yes
Brytlyt,276.0,264.0,257.0,Relational,0.51,-0.01,+0.12,https://db-engines.com/en/system/Brytlyt,,Brytlyt,"Scalable GPU-accelerated,RDBMS,for very fast analytic and streaming workloads, leveraging,PostgreSQL",2016.0,"0.9, October 2016",commercial,,no
Redland,277.0,274.0,252.0,RDF,0.51,+0.05,+0.08,https://db-engines.com/en/system/Redland,,,A set of free software C libraries that provide support for the Resource Description Framework (RDF),2000.0,,Open Source,"Multi License (LGPL, GPLv2, Apache V2)",no
SurrealDB,278.0,276.0,,Multi-model,0.51,+0.05,,https://db-engines.com/en/system/SurrealDB,"Document store,Graph DBMS",SurrealDB Ltd,"A fully ACID transactional, developer-friendly, multi-model,DBMS",2022.0,,Open Source,,no
Alibaba Cloud MaxCompute,279.0,277.0,204.0,Relational,0.5,+0.05,-0.24,https://db-engines.com/en/system/Alibaba+Cloud+MaxCompute,,Alibaba,"MaxCompute (previously known as ODPS) is a general purpose, fully managed, multi-tenancy data processing platform for large-scale data warehousing",2016.0,,commercial,,yes
EJDB,280.0,282.0,287.0,Document,0.5,+0.09,+0.27,https://db-engines.com/en/system/EJDB,,Softmotions,Embeddable document-store database library with JSON representation of queries (in MongoDB style),2012.0,,Open Source,GPLv2,no
Mulgara,281.0,301.0,303.0,RDF,0.5,+0.17,+0.37,https://db-engines.com/en/system/Mulgara,,,,2006.0,"2.1.13, January 2012",Open Source,Apache Version 2,no
FlockDB,282.0,286.0,272.0,Graph,0.5,+0.10,+0.21,https://db-engines.com/en/system/FlockDB,,,,2010.0,"1.8.5, February 2012",Open Source,Apache Version 2,no
Alibaba Cloud AnalyticDB for MySQL,283.0,269.0,211.0,"Relational, Multi-model",0.5,+0.01,-0.21,https://db-engines.com/en/system/Alibaba+Cloud+AnalyticDB+for+MySQL,"Relational DBMS,Document store",,,,,commercial,,yes
TransLattice,284.0,298.0,281.0,Relational,0.48,+0.14,+0.24,https://db-engines.com/en/system/TransLattice,,,,2007.0,,commercial,,no
Kyligence Enterprise,285.0,273.0,267.0,Relational,0.48,+0.01,+0.17,https://db-engines.com/en/system/Kyligence+Enterprise,,,,2016.0,,commercial,,no
ElevateDB,286.0,292.0,295.0,Relational,0.46,+0.08,+0.28,https://db-engines.com/en/system/ElevateDB,,,,2006.0,,commercial,,no
HugeGraph,287.0,281.0,296.0,Graph,0.45,+0.03,+0.29,https://db-engines.com/en/system/HugeGraph,,,,2018.0,0.9,Open Source,Apache Version 2.0,no
Marqo,288.0,,,Search engine,0.45,,,https://db-engines.com/en/system/Marqo,,,,2022.0,,Open Source,Apache Version 2.0,no
Mimer SQL,289.0,302.0,265.0,Relational,0.44,+0.11,+0.09,https://db-engines.com/en/system/Mimer+SQL,,,,1977.0,"11.0.7D, February 2023",commercial,,no
Jade,290.0,291.0,202.0,Object oriented,0.42,+0.05,-0.32,https://db-engines.com/en/system/Jade,,,,1996.0,,commercial,,no
PipelineDB,291.0,290.0,266.0,Relational,0.42,+0.04,+0.09,https://db-engines.com/en/system/PipelineDB,,,,2015.0,,Open Source,"BSD, GPL V3",no
FeatureBase,292.0,278.0,,Relational,0.42,-0.02,,https://db-engines.com/en/system/FeatureBase,,,,2017.0,"2022, May 2022",commercial,,no
Typesense,293.0,285.0,,Search engine,0.41,+0.01,,https://db-engines.com/en/system/Typesense,,,,2015.0,,Open Source,GPL V3,no
ArcadeDB,294.0,289.0,312.0,Multi-model,0.41,+0.03,+0.32,https://db-engines.com/en/system/ArcadeDB,"Document store,Graph DBMS,Key-value store,Time Series DBMS",,,2021.0,September 2021,Open Source,Apache Version 2.0,no
Weaviate,295.0,280.0,297.0,Search engine,0.41,-0.02,+0.26,https://db-engines.com/en/system/Weaviate,,,,2019.0,"1.17, December 2022",Open Source,commercial license available with Weaviate Enterprise,no
Riak TS,296.0,284.0,278.0,Time Series,0.41,+0.00,+0.15,https://db-engines.com/en/system/Riak+TS,,,,2015.0,,Open Source,,no
HyperGraphDB,297.0,309.0,284.0,Graph,0.41,+0.12,+0.17,https://db-engines.com/en/system/HyperGraphDB,,,,2007.0,,Open Source,L-GPL,no
Axibase,298.0,294.0,270.0,Time Series,0.41,+0.05,+0.11,https://db-engines.com/en/system/Axibase,,,,2013.0,15585,commercial,"Community Edition (single node) is free, Enterprise Edition (distributed) is paid",no
Valentina Server,299.0,279.0,285.0,Relational,0.4,-0.04,+0.17,https://db-engines.com/en/system/Valentina+Server,,,,1999.0,5.7.5,commercial,,no
Skytable,300.0,322.0,,Key-value,0.4,+0.16,,https://db-engines.com/en/system/Skytable,,,,2020.0,,Open Source,GNU AGPL 3.0,no
Fluree,301.0,288.0,292.0,Graph,0.39,+0.00,+0.19,https://db-engines.com/en/system/Fluree,,"Fluree, PBC","A,Graph DBMS,built with blockchain technology",2018.0,,Open Source,open-sourced in October 2020,no
Ultipa,302.0,319.0,,Graph,0.39,+0.12,,https://db-engines.com/en/system/Ultipa,,Ultipa,"High performance,Graph DBMS,supporting HTAP high availability cluster deployment",2019.0,,commercial,,no
TinkerGraph,303.0,270.0,305.0,Graph,0.38,-0.10,+0.26,https://db-engines.com/en/system/TinkerGraph,,,"A lightweight, in-memory graph engine that serves as a reference implementation of the TinkerPop3 API",2009.0,,Open Source,Apache 2.0,no
CubicWeb,304.0,316.0,293.0,RDF,0.38,+0.11,+0.20,https://db-engines.com/en/system/CubicWeb,,,,2001.0,,Open Source,L-GPL,no
Alibaba Cloud AnalyticDB for PostgreSQL,305.0,295.0,237.0,Relational,0.38,+0.04,-0.15,https://db-engines.com/en/system/Alibaba+Cloud+AnalyticDB+for+PostgreSQL,,Alibaba / Pivotal Software Inc. / PostgreSQL Global Development Group,"An online MPP (Massively Parallel Processing) data warehousing service based on,Greenplum",2016.0,,commercial,,yes
Heroic,306.0,304.0,288.0,Time Series,0.37,+0.07,+0.16,https://db-engines.com/en/system/Heroic,,Spotify,"Time Series DBMS built at Spotify based on,Cassandra,or,Google Cloud Bigtable,, and,ElasticSearch",2014.0,,Open Source,Apache 2.0,no
XtremeData,307.0,321.0,298.0,Relational,0.37,+0.13,+0.23,https://db-engines.com/en/system/XtremeData,,,,,,commercial,limited edition free,no
GraphBase,308.0,303.0,318.0,Graph,0.37,+0.06,+0.30,https://db-engines.com/en/system/GraphBase,,,,,,commercial,,no
RedStore,309.0,313.0,341.0,RDF,0.37,+0.09,+0.34,https://db-engines.com/en/system/RedStore,,,RedStore is a lightweight RDF triplestore,2009.0,,Open Source,GPLv3,no
Machbase,310.0,307.0,336.0,Time Series,0.36,+0.06,+0.32,https://db-engines.com/en/system/Machbase,,Machbase,TimeSeries DBMS for AIoT and BigData,2013.0,,commercial,free test version available,no
GeoSpock,311.0,296.0,279.0,"Relational, Multi-model",0.36,+0.01,+0.10,https://db-engines.com/en/system/GeoSpock,"Relational DBMS,Time Series DBMS",GeoSpock,Spatial and temporal data processing engine for extreme data scale,,,commercial,,yes
LeanXcale,312.0,297.0,286.0,Multi-model,0.35,+0.01,+0.12,https://db-engines.com/en/system/LeanXcale,"Key-value store,Relational DBMS",LeanXcale,A highly scalable full ACID SQL database with fast NoSQL data ingestion and GIS capabilities,2015.0,,commercial,,no
Speedb,313.0,300.0,,Key-value,0.35,+0.02,,https://db-engines.com/en/system/Speedb,,Speedb,"An embeddable, high performance key-value store optimized for write-intensive workloads, which can be used as a drop-in replacement for,RocksDB",2020.0,,commercial,,no
Sparksee,314.0,308.0,306.0,Graph,0.34,+0.05,+0.22,https://db-engines.com/en/system/Sparksee,,,,2008.0,,commercial,,no
TerminusDB,315.0,317.0,290.0,"Graph, Multi-model",0.34,+0.07,+0.14,https://db-engines.com/en/system/TerminusDB,"Graph DBMS,Document store,RDF store",DataChemist Ltd.,"Scalable,Graph Database,platform making enterprise data available by exploiting inferred entities and relationships",2018.0,,Open Source,GPL V3,no
Bangdb,316.0,341.0,311.0,Multi-model,0.34,+0.14,+0.24,https://db-engines.com/en/system/Bangdb,"Document store,Graph DBMS,Time Series DBMS,Spatial DBMS","Sachin Sinha, BangDB","Converged and high performance database for device data, events, time series, document and graph",2012.0,,Open Source,BSD 3,no
STSdb,317.0,320.0,314.0,Key-value,0.33,+0.08,+0.25,https://db-engines.com/en/system/STSdb,,STS Soft SC,Key-Value Store with special method for indexing,2011.0,,Open Source,"GPLv2, commercial license available",no
Alibaba Cloud ApsaraDB for PolarDB,318.0,299.0,221.0,Relational,0.33,0.00,-0.28,https://db-engines.com/en/system/Alibaba+Cloud+ApsaraDB+for+PolarDB,,Alibaba,"A cloud-native relational database compatible with MySQL, PostgreSQL, and Oracle. Designed for business critical applications.",,,commercial,,yes
NEventStore,319.0,314.0,294.0,Event,0.33,+0.06,+0.16,https://db-engines.com/en/system/NEventStore,,,A persistence agnostic Event Store for .NET,2011.0,,Open Source,MIT-License,no
Upscaledb,320.0,326.0,343.0,Key-value,0.33,+0.11,+0.30,https://db-engines.com/en/system/Upscaledb,,,"An embedded,key-value store,with SQL-style analytical functions",2007.0,,Open Source,Apache Version 2,no
RDFox,321.0,305.0,325.0,Multi-model,0.33,+0.02,+0.27,https://db-engines.com/en/system/RDFox,"Graph DBMS,RDF store,Relational DBMS",Oxford Semantic Technologies,High performance knowledge graph and semantic reasoning engine,2017.0,"6.0, Septermber 2022",commercial,,no
Alibaba Cloud Log Service,322.0,293.0,226.0,Search engine,0.31,-0.05,-0.26,https://db-engines.com/en/system/Alibaba+Cloud+Log+Service,,AlibabaCloud Inc.,"A complete real-time data logging service that supports collection, consumption, shipping, search, and analysis of logs.",2016.0,,commercial,,yes
Immudb,323.0,312.0,291.0,"Key-value, Multi-model",0.31,+0.04,+0.11,https://db-engines.com/en/system/Immudb,"Key-value store,Relational DBMS",Codenotary,An open source immutable (append-only) database with cryptographic verification which makes it tamper-resistant and fully auditable.,2020.0,"1.2.3, April 2022",Open Source,Apache Version 2.0,no
Exorbyte,324.0,326.0,350.0,Search engine,0.31,+0.09,+0.29,https://db-engines.com/en/system/Exorbyte,,,,2000.0,,commercial,,no
Transwarp KunDB,325.0,318.0,,Relational,0.31,+0.04,,https://db-engines.com/en/system/Transwarp+KunDB,,Transwarp,"OLTP DBMS based on a distributed architecture and highly compatible with,MySQL,and,Oracle",,,commercial,,no
Actian PSQL,326.0,306.0,302.0,Relational,0.3,0.00,+0.17,https://db-engines.com/en/system/Actian+PSQL,,,RDBMS used for embedded databases,1982.0,"v14.11, May 2020",commercial,,no
Manticore Search,327.0,310.0,309.0,"Search engine, Multi-model",0.3,+0.02,+0.19,https://db-engines.com/en/system/Manticore+Search,"Search engine,Time Series DBMS",Manticore Software,"Multi-storage database for search, including full-text search.",2017.0,"4.2, December 2021",Open Source,GPL version 2,no
Elliptics,328.0,342.0,347.0,Key-value,0.3,+0.11,+0.27,https://db-engines.com/en/system/Elliptics,,,Distributed Key-value Store,2009.0,,Open Source,,no
Tigris,329.0,,,Multi-model,0.3,,,https://db-engines.com/en/system/Tigris,"Document store,Key-value store,Search engine,Time Series DBMS","Tigris Data, Inc.","A horizontally scalable, ACID transactional, document database available both as a fully managed cloud service and for deployment on self-managed infrastructure",2022.0,,Open Source,Apache Version 2.0,no
GreptimeDB,330.0,,,Time Series,0.3,,,https://db-engines.com/en/system/GreptimeDB,,Greptime Inc.,"An open source,Time Series DBMS,built for increased scalability, high performance and efficiency",2022.0,,Open Source,Apache Version 2.0,no
BrightstarDB,331.0,338.0,333.0,RDF,0.27,+0.07,+0.23,https://db-engines.com/en/system/BrightstarDB,,,,2012.0,,Open Source,,no
SiteWhere,332.0,346.0,338.0,Time Series,0.27,+0.08,+0.23,https://db-engines.com/en/system/SiteWhere,,SiteWhere,M2M integration platform for persisting/querying time series data,2010.0,,Open Source,Common Public Attribution License Version 1.0,no
Tibco ComputeDB,333.0,324.0,268.0,Relational,0.26,+0.03,-0.04,https://db-engines.com/en/system/Tibco+ComputeDB,,Tibco,Distributed in-memory data store for real-time operational analytics based on Apache Spark,2015.0,,Open Source,Apache 2.0,no
ToroDB,334.0,340.0,334.0,Document,0.26,+0.06,+0.22,https://db-engines.com/en/system/ToroDB,,8Kdata,"A MongoDB-compatible JSON document store, built on top of PostgreSQL",2016.0,,Open Source,AGPL-V3,no
Acebase,335.0,328.0,,Document,0.26,+0.04,,https://db-engines.com/en/system/Acebase,,,"A fast, low memory, transactional,Document Store,, inspired by,Firebase Realtime Database",2018.0,,Open Source,MIT License,no
Dydra,336.0,332.0,328.0,RDF,0.25,+0.05,+0.20,https://db-engines.com/en/system/Dydra,,,,2010.0,,commercial,,no
Edge Intelligence,337.0,334.0,359.0,Relational,0.25,+0.04,+0.25,https://db-engines.com/en/system/Edge+Intelligence,,,A Big Data Analytics Platform,2012.0,,commercial,,no
HyperLevelDB,337.0,334.0,359.0,Key-value,0.25,+0.04,+0.25,https://db-engines.com/en/system/HyperLevelDB,,,"A fork of Google's,LevelDB",2010.0,,Open Source,,no
iBoxDB,337.0,323.0,356.0,Document,0.25,+0.01,+0.24,https://db-engines.com/en/system/iBoxDB,,,Transactional embedded database for desktop and mobile applications.,2013.0,,Open Source,,no
IRONdb,337.0,334.0,339.0,Time Series,0.25,+0.04,+0.21,https://db-engines.com/en/system/IRONdb,,Circonus LLC.,"A distributed,Time Series DBMS,with a focus on scalability, fault tolerance and operational simplicity",2017.0,"V0.10.20, January 2018",commercial,,no
OrigoDB,337.0,334.0,348.0,Multi-model,0.25,+0.04,+0.22,https://db-engines.com/en/system/OrigoDB,"Document store,Object oriented DBMS",Robert Friberg et al,A fully ACID in-memory object graph database,2009.0,,Open Source,,no
TerarkDB,337.0,339.0,349.0,Key-value,0.25,+0.04,+0.22,https://db-engines.com/en/system/TerarkDB,,Terark,"A,key-value store,forked from,RocksDB,with advanced compression algorithms. It can be used standalone or as a storage engine for,MySQL,and,MongoDB",2016.0,,commercial,restricted open source version available,no
RaptorDB,343.0,347.0,359.0,Document,0.24,+0.06,+0.24,https://db-engines.com/en/system/RaptorDB,,,,,,Open Source,Apache Version 2,no
AnzoGraph DB,344.0,311.0,263.0,Multi-model,0.23,-0.05,-0.12,https://db-engines.com/en/system/AnzoGraph+DB,"Graph DBMS,RDF store",Cambridge Semantics,"Scalable graph database built for online analytics and data harmonization with MPP scaling, high-performance analytical algorithms and reasoning, and virtualization",2018.0,,commercial,free trial version available,no
Eloquera,345.0,344.0,358.0,Object oriented,0.23,+0.04,+0.22,https://db-engines.com/en/system/Eloquera,,,,2008.0,,commercial,free licenses,no
Alibaba Cloud Table Store,346.0,315.0,246.0,Wide column,0.23,-0.05,-0.23,https://db-engines.com/en/system/Alibaba+Cloud+Table+Store,,Alibaba,"A fully managed,Wide Column Store,for large quantities of semi-structured data with real-time access",2016.0,,commercial,,yes
ActorDB,347.0,350.0,359.0,Relational,0.23,+0.06,+0.23,https://db-engines.com/en/system/ActorDB,,,"A distributed, consistent,RDBMS",2014.0,,Open Source,Mozilla Public License 2.0,no
NosDB,348.0,353.0,351.0,Document,0.22,+0.06,+0.20,https://db-engines.com/en/system/NosDB,,Alachisoft,"Scalable JSON based,document store,for .NET",2016.0,,Open Source,Professional and Enterprise Versions available,no
JethroData,349.0,358.0,359.0,Relational,0.21,+0.06,+0.21,https://db-engines.com/en/system/JethroData,,JethroData,SQL Query Engine for Hadoop,2013.0,,commercial,,no
Blueflood,350.0,361.0,319.0,Time Series,0.21,+0.07,+0.14,https://db-engines.com/en/system/Blueflood,,Rackspace,"Scalable TimeSeries DBMS based on,Cassandra",2013.0,,Open Source,Apache 2.0,no
H2GIS,351.0,343.0,329.0,"Spatial DBMS, Multi-model",0.2,+0.01,+0.15,https://db-engines.com/en/system/H2GIS,"Spatial DBMS,Relational DBMS",CNRS,"Spatial extension of,H2",2013.0,,Open Source,LGPL 3.0,no
Quasardb,352.0,352.0,301.0,Time Series,0.2,+0.04,+0.06,https://db-engines.com/en/system/Quasardb,,quasardb,"Distributed, high-performance timeseries database",2009.0,,commercial,"Free community edition, Non-profit organizations and non-commercial usage are eligible for free licenses",no
Hawkular Metrics,353.0,330.0,316.0,Time Series,0.2,-0.01,+0.12,https://db-engines.com/en/system/Hawkular+Metrics,,Community supported by Red Hat,"Hawkular metrics is the metric storage of the Red Hat sponsored Hawkular monitoring system. It is based on,Cassandra,.",2014.0,,Open Source,Apache 2.0,no
Siaqodb,354.0,329.0,359.0,Object oriented,0.19,-0.01,+0.19,https://db-engines.com/en/system/Siaqodb,,,,,,commercial,,no
LedisDB,355.0,365.0,330.0,Key-value,0.19,+0.08,+0.15,https://db-engines.com/en/system/LedisDB,,,,2014.0,,Open Source,MIT-License,no
BigObject,356.0,331.0,315.0,Relational,0.19,-0.01,+0.10,https://db-engines.com/en/system/BigObject,,"BigObject, Inc.",Analytic DBMS for real-time computations and queries,2015.0,,commercial,free community edition available,no
SiriDB,356.0,325.0,344.0,Time Series,0.19,-0.03,+0.16,https://db-engines.com/en/system/SiriDB,,Cesbit,"Open Source,Time Series DBMS",2017.0,,Open Source,MIT License,no
TomP2P,356.0,358.0,359.0,Key-value,0.19,+0.04,+0.19,https://db-engines.com/en/system/TomP2P,,,Distributed Key-Value store,2004.0,,Open Source,Apache Version 2,no
VelocityDB,356.0,333.0,321.0,Multi-model,0.19,-0.01,+0.13,https://db-engines.com/en/system/VelocityDB,"Graph DBMS,Object oriented DBMS",VelocityDB Inc,A .NET Object Database that can be embedded/distributed and extended to a graph data model (VelocityGraph),2011.0,,commercial,,no
WhiteDB,356.0,358.0,359.0,Document,0.19,+0.04,+0.19,https://db-engines.com/en/system/WhiteDB,,,,2008.0,,Open Source,GPL V3,no
XTDB,361.0,349.0,359.0,Document,0.18,+0.01,+0.18,https://db-engines.com/en/system/XTDB,,Juxt Ltd.,A general purpose database with bitemporal SQL and Datalog and graph queries,2019.0,"1.19, September 2021",Open Source,MIT License,no
Qdrant,362.0,366.0,337.0,Search engine,0.18,+0.08,+0.14,https://db-engines.com/en/system/Qdrant,,Qdrant,"A high-performance vector similarity,Search Engine,and vector Database with neural network or semantic-based matching",2021.0,,Open Source,Apache Version 2.0,no
EsgynDB,363.0,348.0,283.0,Relational,0.17,-0.01,-0.07,https://db-engines.com/en/system/EsgynDB,,Esgyn,"Enterprise-class SQL-on-Hadoop solution, powered by,Apache Trafodion",2015.0,,commercial,,no
Alibaba Cloud TSDB,364.0,364.0,269.0,Time Series,0.16,+0.05,-0.14,https://db-engines.com/en/system/Alibaba+Cloud+TSDB,,Alibaba,"A stable, reliable, and cost-effective online high-performance time series database service",,,commercial,,yes
IBM Db2 Event Store,365.0,345.0,236.0,Multi-model,0.15,-0.03,-0.37,https://db-engines.com/en/system/IBM+Db2+Event+Store,"Event Store,Time Series DBMS",IBM,Distributed Event Store optimized for Internet of Things use cases,2017.0,2.0,commercial,free developer edition available,no
Linter,366.0,363.0,327.0,"Relational, Multi-model",0.15,+0.02,+0.10,https://db-engines.com/en/system/Linter,"Relational DBMS,Spatial DBMS",relex.ru/en,RDBMS for high security requirements,1990.0,,commercial,,no
Faircom DB,367.0,351.0,243.0,Multi-model,0.15,-0.02,-0.33,https://db-engines.com/en/system/Faircom+DB,"Key-value store,Relational DBMS",FairCom Corporation,Native high-speed multi-model DBMS for relational and key-value store data simultaneously accessible through SQL and NoSQL APIs.,1979.0,"V12, November 2020",commercial,"Restricted, free version available",no
AntDB,368.0,,,Relational,0.14,,,https://db-engines.com/en/system/AntDB,,AsiaInfo Technologies Limited,"A scalable, multi-tenant, MPP-architectured,RDBMS,for OLTP and OLAP operations, highly compatible with,Oracle",,,commercial,"community version available at,github.com/ADBSQL/AntDB",no
HGraphDB,369.0,355.0,355.0,Graph,0.13,-0.03,+0.12,https://db-engines.com/en/system/HGraphDB,,,"HGraphDB is a client layer for using,HBase,as a graph database by implementing the Tinkerpop 3 interfaces",2016.0,,Open Source,Apache 2.0,no
Fujitsu Enterprise Postgres,370.0,356.0,,"Relational, Multi-model",0.12,-0.03,,https://db-engines.com/en/system/Fujitsu+Enterprise+Postgres,"Relational DBMS,Document store,Spatial DBMS","PostgreSQL Global Development Group, Fujitsu Australia Software Technology","Enterprise-grade,PostgreSQL,-based DBMS with security enhancements such as Transparent Data Encryption and Data Masking, plus high-availability and performance improvement features.",,"Fujitsu Enterprise Postgres 14, January 2022",commercial,,no
Badger,371.0,362.0,299.0,Key-value,0.12,-0.01,-0.01,https://db-engines.com/en/system/Badger,,DGraph Labs,"An embeddable, persistent, simple and fast,Key-Value Store,, written purely in Go.",2017.0,,Open Source,Apache 2.0,no
SenseiDB,372.0,354.0,320.0,Document,0.12,-0.04,+0.05,https://db-engines.com/en/system/SenseiDB,,,,2010.0,,Open Source,Apache Version 2,no
DataFS,373.0,382.0,,"Object oriented, Multi-model",0.09,+0.09,,https://db-engines.com/en/system/DataFS,"Object oriented DBMS,Graph DBMS",Mobiland AG,All data is stored inside objects which are linked by so-called link attributes. Objects consist of classes which can be extended and de-extended at runtime. Graphs can be defined with a struct.,2018.0,"1.1.263, October 2022",commercial,,no
OushuDB,374.0,367.0,,Relational,0.08,0.00,,https://db-engines.com/en/system/OushuDB,,Oushu,"A data warehouse powered by,Apache HAWQ,supporting descriptive analysis and advanced machine learning",,"4.0.1, August 2020",commercial,,no
AgensGraph,375.0,370.0,317.0,Multi-model,0.07,+0.00,0.00,https://db-engines.com/en/system/AgensGraph,"Graph DBMS,Relational DBMS",Bitnine Global Inc.,"Multi-model database supporting relational and graph data models and built upon,PostgreSQL",2016.0,"2.1, December 2018",Open Source,Apache License 2.0,no
Kyoto Tycoon,376.0,357.0,322.0,Key-value,0.06,-0.09,+0.00,https://db-engines.com/en/system/Kyoto+Tycoon,,,,2009.0,,Open Source,GPL,no
InfinityDB,377.0,376.0,323.0,Key-value,0.05,+0.02,0.00,https://db-engines.com/en/system/InfinityDB,,Boiler Bay Inc.,"A Java embedded,Key-Value Store,which extends the Java Map interface",2002.0,4.0,commercial,,no
Warp 10,378.0,369.0,282.0,Time Series,0.05,-0.02,-0.20,https://db-engines.com/en/system/Warp+10,,SenX,"TimeSeries DBMS specialized on timestamped geo data based on,LevelDB,or,HBase",2015.0,,Open Source,Apache License 2.0,no
SmallSQL,379.0,368.0,324.0,Relational,0.04,-0.03,-0.02,https://db-engines.com/en/system/SmallSQL,,,,2005.0,,Open Source,L-GPL,no
ScaleOut StateServer,380.0,371.0,342.0,Key-value,0.04,-0.02,+0.01,https://db-engines.com/en/system/ScaleOut+StateServer,,,,2005.0,,commercial,,no
SparkleDB,381.0,372.0,359.0,RDF,0.04,-0.02,+0.04,https://db-engines.com/en/system/SparkleDB,,,,2012.0,,commercial,,no
Resin Cache,382.0,373.0,310.0,Key-value,0.03,-0.01,-0.08,https://db-engines.com/en/system/Resin+Cache,,,,1998.0,,Open Source,"GPLv3, extended commercial license available",no
SWC-DB,383.0,375.0,326.0,"Wide column, Multi-model",0.02,-0.01,-0.03,https://db-engines.com/en/system/SWC-DB,"Wide column store,Time Series DBMS",,,2020.0,,Open Source,GPL V3,no
Sadas Engine,384.0,374.0,345.0,Relational,0.02,-0.02,-0.01,https://db-engines.com/en/system/Sadas+Engine,,,,2006.0,,commercial,free trial version available,no
Rizhiyi,385.0,377.0,359.0,"Search engine, Multi-model",0.02,0.00,+0.02,https://db-engines.com/en/system/Rizhiyi,"Search engine,Time Series DBMS",,,2014.0,,commercial,,no
WakandaDB,386.0,378.0,331.0,Object oriented,0.01,0.00,-0.04,https://db-engines.com/en/system/WakandaDB,,,,2012.0,,Open Source,"AGPLv3, extended commercial license available",no
Faircom EDGE,387.0,380.0,277.0,Multi-model,0.0,-0.01,-0.26,https://db-engines.com/en/system/Faircom+EDGE,"Key-value store,Relational DBMS",,,1979.0,,commercial,"Restricted, free version available",no
SwayDB,388.0,381.0,335.0,Key-value,0.0,0.00,-0.04,https://db-engines.com/en/system/SwayDB,,,,2018.0,,Open Source,GNU Affero GPL V3.0,no
BergDB,389.0,382.0,359.0,Key-value,0.0,±0.00,±0.00,https://db-engines.com/en/system/BergDB,,,,2013.0,,Open Source,Gnu Affero General Public License (AGPL),no
Cachelot.io,389.0,382.0,359.0,Key-value,0.0,±0.00,±0.00,https://db-engines.com/en/system/Cachelot.io,,,,2015.0,,Open Source,Simplified BSD License,no
CortexDB,389.0,382.0,359.0,Multi-model,0.0,±0.00,±0.00,https://db-engines.com/en/system/CortexDB,"Document store,Key-value store",,,2014.0,,commercial,,no
CovenantSQL,389.0,382.0,359.0,Relational,0.0,±0.00,±0.00,https://db-engines.com/en/system/CovenantSQL,,,,2018.0,,Open Source,,no
DaggerDB,389.0,382.0,359.0,Relational,0.0,±0.00,±0.00,https://db-engines.com/en/system/DaggerDB,,,,2014.0,,commercial,,no
EdgelessDB,389.0,382.0,359.0,Relational,0.0,±0.00,±0.00,https://db-engines.com/en/system/EdgelessDB,,,,2021.0,,Open Source,GPL V2,no
Galaxybase,389.0,382.0,332.0,Graph,0.0,±0.00,-0.04,https://db-engines.com/en/system/Galaxybase,,,,2017.0,,commercial,,no
Helium,389.0,382.0,359.0,Key-value,0.0,±0.00,±0.00,https://db-engines.com/en/system/Helium,,,,2013.0,,commercial,,no
Indica,389.0,382.0,359.0,Search engine,0.0,±0.00,±0.00,https://db-engines.com/en/system/Indica,,,,2014.0,,commercial,parts of it are open source,no
JaguarDB,389.0,379.0,340.0,Key-value,0.0,-0.01,-0.03,https://db-engines.com/en/system/JaguarDB,,,,2015.0,,Open Source,GPL V3.0,no
JasDB,389.0,382.0,359.0,Document,0.0,±0.00,±0.00,https://db-engines.com/en/system/JasDB,,,,2014.0,,Open Source,,no
K-DB,389.0,382.0,359.0,Relational,0.0,±0.00,±0.00,https://db-engines.com/en/system/K-DB,,,,,,commercial,,no
Newts,389.0,382.0,352.0,Time Series,0.0,±0.00,-0.01,https://db-engines.com/en/system/Newts,,OpenNMS Group,"Time Series DBMS based on,Cassandra",2014.0,,Open Source,Apache 2.0,no
NSDb,389.0,382.0,353.0,Time Series,0.0,±0.00,-0.01,https://db-engines.com/en/system/NSDb,,,"Scalable, High-performance,Time Series DBMS,designed for Real-time Analytics on top of Kubernetes",2017.0,,Open Source,Apache Version 2.0,no
PieCloudDB,389.0,,,Relational,0.0,,,https://db-engines.com/en/system/PieCloudDB,,OpenPie,A cloud-native analytic database platform with new technologoy for elastic MPP,,,commercial,,yes
searchxml,389.0,382.0,359.0,Multi-model,0.0,±0.00,±0.00,https://db-engines.com/en/system/searchxml,"Native XML DBMS,Search engine",informationpartners gmbh,DBMS for structured and unstructured content wrapped with an application server,2015.0,,commercial,,no
SpaceTime,389.0,382.0,359.0,"Spatial DBMS, Multi-model",0.0,±0.00,±0.00,https://db-engines.com/en/system/SpaceTime,"Spatial DBMS,Relational DBMS",Mireo,SpaceTime is a spatio-temporal DBMS with a focus on performance.,2020.0,,commercial,,no
Tkrzw,389.0,382.0,346.0,Key-value,0.0,±0.00,-0.03,https://db-engines.com/en/system/Tkrzw,,Mikio Hirabayashi,"A concept of libraries, allowing an application program to store and query key-value pairs in a file. Successor of,Tokyo Cabinet,and,Kyoto Cabinet",2020.0,,Open Source,Apache Version 2.0,no
Transwarp ArgoDB,389.0,382.0,,"Relational, Multi-model",0.0,±0.00,,https://db-engines.com/en/system/Transwarp+ArgoDB,"Relational DBMS,Search engine",Transwarp,Distributed Analytical Database to replace Hadoop+MPP hybrid architecture,,,commercial,,no
Transwarp StellarDB,389.0,382.0,,Graph,0.0,±0.00,,https://db-engines.com/en/system/Transwarp+StellarDB,,Transwarp,A distributed graph DBMS built for enterprise-level graph applications,,,commercial,,no
Yaacomo,389.0,382.0,357.0,Relational,0.0,±0.00,-0.01,https://db-engines.com/en/system/Yaacomo,,Q2WEB GmbH,"OpenCL based in-memory,RDBMS,, designed for efficiently utilizing the hardware via parallel computing",2009.0,,commercial,,no
Yanza,389.0,382.0,359.0,Time Series,0.0,±0.00,±0.00,https://db-engines.com/en/system/Yanza,,Yanza,Time Series DBMS for IoT Applications,2015.0,,commercial,free version available,no
