DBMS,Rank_May-2023,Rank_Apr-2023,Rank_May-2022,Database Model,Score_May-2023,Score_Apr-2023,Score_May-2022,DBMS_insitelink,Multi_model_info,Developer,Description,Initial release,Current release,License,License_info,Cloud-based only,initial_release_recalc,current_release_recalc,license_recalc,cloud_based_only_recalc
Oracle,1.0,1.0,1.0,"Relational, Multi-model",1232.64,+4.36,-30.18,https://db-engines.com/en/system/Oracle,"Relational DBMS,Document store,Graph DBMS,RDF store,Spatial DBMS",Oracle,"Widely used,RDBMS",1980.0,"21c, January 2021",commercial,restricted free version is available,no,1980,2021,N,N
MySQL,2.0,2.0,2.0,"Relational, Multi-model",1172.46,+14.68,-29.64,https://db-engines.com/en/system/MySQL,"Relational DBMS,Document store,Spatial DBMS",Oracle,"Widely used open source,RDBMS",1995.0,"8.0.33, April 2023",Open Source,GPL version 2. Commercial licenses with extended functionallity are available,no,1995,2023,Y,N
Microsoft SQL Server,3.0,3.0,3.0,"Relational, Multi-model",920.09,+1.57,-21.11,https://db-engines.com/en/system/Microsoft+SQL+Server,"Relational DBMS,Document store,Graph DBMS,Spatial DBMS",Microsoft,Microsofts flagship relational DBMS,1989.0,"SQL Server 2022, November 2022",commercial,restricted free version is available,no,1989,2022,N,N
PostgreSQL,4.0,4.0,4.0,"Relational, Multi-model",617.9,+9.49,+2.61,https://db-engines.com/en/system/PostgreSQL,"Relational DBMS,Document store,Spatial DBMS",PostgreSQL Global Development Group,"Widely used open source,RDBMS",1989.0,"15.2, February 2023",Open Source,BSD,no,1989,2023,Y,N
MongoDB,5.0,5.0,5.0,"Document, Multi-model",436.61,-5.29,-41.63,https://db-engines.com/en/system/MongoDB,"Document store,Spatial DBMS,Search engine,Time Series DBMS","MongoDB, Inc",One of the most popular document stores available both as a fully managed cloud service and for deployment on self-managed infrastructure,2009.0,"6.0.5, March 2023",Open Source,MongoDB Inc.'s Server Side Public License v1. Prior versions were published under GNU AGPL v3.0. Commercial licenses are also available.,no,2009,2023,Y,N
Redis,6.0,6.0,6.0,"Key-value, Multi-model",168.13,-5.42,-10.89,https://db-engines.com/en/system/Redis,"Key-value store,Document store,Graph DBMS,Spatial DBMS,Search engine,Time Series DBMS","Redis project core team, inspired by Salvatore Sanfilippo","Popular in-memory data platform used as a cache, message broker, and database that can be deployed on-premises, across clouds, and hybrid environments",2009.0,"7.0.10, March 2023",Open Source,"source-available extensions (modules), commercial licenses for Redis Enterprise",no,2009,2023,Y,N
IBM Db2,7.0,7.0,7.0,"Relational, Multi-model",143.02,-2.48,-17.31,https://db-engines.com/en/system/IBM+Db2,"Relational DBMS,Document store,RDF store,Spatial DBMS",IBM,"Common in IBM host environments, 2 different versions for host and Windows/Linux",1983.0,"12.1, October 2016",commercial,free version is available,no,1983,2016,N,N
Elasticsearch,8.0,8.0,8.0,"Search engine, Multi-model",141.63,+0.56,-16.06,https://db-engines.com/en/system/Elasticsearch,"Search engine,Document store,Spatial DBMS",Elastic,"A distributed, RESTful modern search and analytics engine based on,Apache Lucene",2010.0,"8.6, January 2023",Open Source,Elastic License,no,2010,2023,Y,N
SQLite,9.0,9.0,10.0,Relational,133.86,-0.68,-0.87,https://db-engines.com/en/system/SQLite,,Dwayne Richard Hipp,"Widely used embeddable, in-process,RDBMS",2000.0,"3.41.2  (22 March 2023), March 2023",Open Source,Public Domain,no,2000,2023,Y,N
Microsoft Access,10.0,10.0,9.0,Relational,131.17,-0.20,-12.27,https://db-engines.com/en/system/Microsoft+Access,,Microsoft,Microsoft Access combines a backend RDBMS (JET / ACE Engine) with a GUI frontend for data manipulation and queries.,1992.0,"1902 (16.0.11328.20222), March 2019",commercial,Bundled with Microsoft Office,no,1992,2019,N,N
Snowflake,11.0,12.0,14.0,Relational,111.73,+0.60,+18.22,https://db-engines.com/en/system/Snowflake,,Snowflake Computing Inc.,Cloud-based data warehousing service for structured and semi-structured data,2014.0,,commercial,,yes,2014,,N,Y
Cassandra,12.0,11.0,11.0,Wide column,111.14,-0.67,-6.88,https://db-engines.com/en/system/Cassandra,,Apache Software Foundation,Wide-column store based on ideas of BigTable and DynamoDB,2008.0,"4.1.0, December 2022",Open Source,Apache version 2,no,2008,2022,Y,N
MariaDB,13.0,13.0,12.0,"Relational, Multi-model",96.87,+0.93,-14.26,https://db-engines.com/en/system/MariaDB,"Relational DBMS,Document store,Graph DBMS,Spatial DBMS","MariaDB Corporation Ab (MariaDB Enterprise),,MariaDB Foundation (community MariaDB Server)","MySQL,application compatible open source RDBMS, enhanced with high availability, security, interoperability and performance capabilities. MariaDB ColumnStore provides a column-oriented storage engine and MariaDB Xpand supports distributed SQL.",2009.0,"10.10.3, February 2023",Open Source,"GPL version 2, commercial enterprise subscription available",no,2009,2023,Y,N
Splunk,14.0,14.0,13.0,Search engine,86.64,+1.20,-9.71,https://db-engines.com/en/system/Splunk,,Splunk Inc.,Analytics Platform for Big Data,2003.0,,commercial,Limited free edition and free developer edition available,no,2003,,N,N
Amazon DynamoDB,15.0,16.0,16.0,Multi-model,81.11,+3.66,-3.35,https://db-engines.com/en/system/Amazon+DynamoDB,"Document store,Key-value store",Amazon,"Hosted, scalable database service by Amazon with the data stored in Amazons cloud",2012.0,,commercial,free tier for a limited amount of database operations,yes,2012,,N,Y
Microsoft Azure SQL Database,16.0,15.0,15.0,"Relational, Multi-model",79.19,+0.13,-6.14,https://db-engines.com/en/system/Microsoft+Azure+SQL+Database,"Relational DBMS,Document store,Graph DBMS,Spatial DBMS",Microsoft,"Database as a Service offering with high compatibility to,Microsoft SQL Server",2010.0,V12,commercial,,yes,2010,,N,Y
Hive,17.0,17.0,17.0,Relational,73.61,+1.96,-8.00,https://db-engines.com/en/system/Hive,,Apache Software Foundation,"data warehouse software for querying and managing large distributed datasets, built on Hadoop",2012.0,"3.1.3, April 2022",Open Source,Apache Version 2,no,2012,2022,Y,N
Databricks,18.0,19.0,24.0,Multi-model,63.94,+2.98,+16.09,https://db-engines.com/en/system/Databricks,"Document store,Relational DBMS",Databricks,The Databricks Lakehouse Platform combines elements of data lakes and data warehouses to provide a unified view onto structured and unstructured data. It is based on Apache Spark.,2013.0,,Open Source,,yes,2013,,Y,Y
Teradata,19.0,18.0,18.0,"Relational, Multi-model",62.71,+1.12,-5.67,https://db-engines.com/en/system/Teradata,"Relational DBMS,Document store,Graph DBMS,Spatial DBMS,Time Series DBMS",Teradata,A hybrid cloud data analytics software platform (Teradata Vantage),1984.0,"Teradata Vantage 1.0 MU2, January 2019",commercial,,no,1984,2019,N,N
Google BigQuery,20.0,20.0,23.0,Relational,54.87,+1.55,+6.26,https://db-engines.com/en/system/Google+BigQuery,,Google,Large scale data warehouse service with append-only tables,2010.0,,commercial,,yes,2010,,N,Y
FileMaker,21.0,23.0,22.0,Relational,52.0,+1.99,-0.27,https://db-engines.com/en/system/FileMaker,,FileMaker,"FileMaker is a cross-platform,RDBMS,that includes a GUI frontend.",1983.0,,commercial,,no,1983,,N,N
Neo4j,22.0,21.0,19.0,Graph,51.1,-0.50,-9.04,https://db-engines.com/en/system/Neo4j,,"Neo4j, Inc.","Scalable, ACID-compliant graph database designed with a high-performance distributed cluster architecture, available in self-hosted and cloud offerings",2007.0,,Open Source,"GPL version3, commercial licenses available",no,2007,,Y,N
SAP HANA,23.0,22.0,21.0,"Relational, Multi-model",50.36,-0.72,-4.73,https://db-engines.com/en/system/SAP+HANA,"Relational DBMS,Document store,Graph DBMS,Spatial DBMS",SAP,"In-memory, column based data store. Available as appliance or cloud service",2010.0,,commercial,,no,2010,,N,N
Solr,24.0,24.0,20.0,"Search engine, Multi-model",49.76,+1.54,-7.50,https://db-engines.com/en/system/Solr,"Search engine,Spatial DBMS",Apache Software Foundation,"A widely used distributed, scalable,search engine,based on,Apache Lucene",2006.0,,Open Source,Apache Version 2,no,2006,,Y,N
SAP Adaptive Server,25.0,25.0,25.0,"Relational, Multi-model",43.09,+0.22,-4.69,https://db-engines.com/en/system/SAP+Adaptive+Server,"Relational DBMS,Spatial DBMS","SAP, Sybase","The SAP (Sybase) Adaptive Server Enterprise (ASE) is an enterprise-class,RDBMS",1987.0,,commercial,,no,1987,,N,N
HBase,26.0,26.0,26.0,Wide column,38.59,+0.80,-4.60,https://db-engines.com/en/system/HBase,,Apache Software Foundation,Wide-column store based on Apache Hadoop and on concepts of BigTable,2008.0,,Open Source,Apache version 2,no,2008,,Y,N
Microsoft Azure Cosmos DB,27.0,27.0,27.0,Multi-model,35.99,+0.92,-4.22,https://db-engines.com/en/system/Microsoft+Azure+Cosmos+DB,"Document store,Graph DBMS,Key-value store,Wide column store,Spatial DBMS",Microsoft,"Globally distributed, horizontally scalable, multi-model database service",2014.0,,commercial,,yes,2014,,N,Y
PostGIS,28.0,28.0,28.0,"Spatial DBMS, Multi-model",30.9,+1.49,-0.92,https://db-engines.com/en/system/PostGIS,"Spatial DBMS,Relational DBMS",,"Spatial extension of,PostgreSQL",2005.0,,Open Source,GPL v2.0,no,2005,,Y,N
InfluxDB,29.0,29.0,29.0,"Time Series, Multi-model",29.9,+1.31,+0.35,https://db-engines.com/en/system/InfluxDB,"Time Series DBMS,Spatial DBMS",,"DBMS for storing time series, events and metrics",2013.0,,Open Source,MIT-License; commercial enterprise version available,no,2013,,Y,N
Firebird,30.0,31.0,32.0,Relational,24.55,+1.22,-1.17,https://db-engines.com/en/system/Firebird,,Firebird Foundation,"Firebird is an open source,RDBMS,forked from Borland's,InterBase",2000.0,,Open Source,Initial Developer's Public License,no,2000,,Y,N
Couchbase,31.0,30.0,30.0,"Document, Multi-model",24.42,+0.66,-3.96,https://db-engines.com/en/system/Couchbase,"Document store,Key-value store,Spatial DBMS","Couchbase, Inc.","A distributed,document store,with a powerful search engine and in-built operational and analytical capabilities",2011.0,,Open Source,Apache version 2; Commercial licenses also available,no,2011,,Y,N
Microsoft Azure Synapse Analytics,32.0,34.0,36.0,Relational,23.28,+2.20,+2.62,https://db-engines.com/en/system/Microsoft+Azure+Synapse+Analytics,,Microsoft,"Elastic, large scale data warehouse service leveraging the broad eco-system of SQL Server",2016.0,,commercial,,yes,2016,,N,Y
Memcached,33.0,32.0,33.0,Key-value,22.19,+0.20,-2.76,https://db-engines.com/en/system/Memcached,,Danga Interactive,"In-memory key-value store, originally intended for caching",2003.0,,Open Source,BSD license,no,2003,,Y,N
Informix,34.0,33.0,34.0,"Relational, Multi-model",22.02,+0.53,-1.36,https://db-engines.com/en/system/Informix,"Relational DBMS,Document store,Spatial DBMS,Time Series DBMS","IBM, HCL Technologies","A secure embeddable database from IBM, positioned besides,IBM Db2,as a relatively low-cost product optimized for OLTP and Internet of Things data",1984.0,,commercial,free developer edition available,no,1984,,N,N
Spark SQL,35.0,35.0,35.0,Relational,20.09,+0.47,-2.77,https://db-engines.com/en/system/Spark+SQL,,Apache Software Foundation,Spark SQL is a component on top of 'Spark Core' for structured data processing,2014.0,,Open Source,Apache 2.0,no,2014,,Y,N
Amazon Redshift,36.0,36.0,31.0,Relational,19.46,+0.01,-6.47,https://db-engines.com/en/system/Amazon+Redshift,,"Amazon (based on,PostgreSQL,)",Large scale data warehouse service for use with business intelligence tools,2012.0,,commercial,,yes,2012,,N,Y
Impala,37.0,38.0,40.0,"Relational, Multi-model",18.66,+1.08,+0.63,https://db-engines.com/en/system/Impala,"Relational DBMS,Document store",Cloudera,Analytic DBMS for Hadoop,2013.0,,Open Source,Apache Version 2,no,2013,,Y,N
Firebase Realtime Database,38.0,37.0,39.0,Document,18.58,+0.37,-0.34,https://db-engines.com/en/system/Firebase+Realtime+Database,,Google,"Cloud-hosted realtime,document store,. iOS, Android, and JavaScript clients share one Realtime Database instance and automatically receive updates with the newest data.",2012.0,,commercial,,yes,2012,,N,Y
CouchDB,39.0,42.0,41.0,"Document, Multi-model",16.09,+1.47,-0.88,https://db-engines.com/en/system/CouchDB,"Document store,Spatial DBMS",Apache Software Foundation,"A native JSON -,document store,inspired by Lotus Notes, scalable from globally distributed server-clusters down to mobile phones.",2005.0,,Open Source,Apache version 2,no,2005,,Y,N
Vertica,40.0,39.0,38.0,"Relational, Multi-model",15.98,+0.00,-3.31,https://db-engines.com/en/system/Vertica,"Relational DBMS,Spatial DBMS,Time Series DBMS",OpenText,"Cloud or off-cloud analytical database and query engine for structured and semi-structured streaming and batch data. Machine learning platform with built-in algorithms, data preparation capabilities, and model evaluation and management via SQL or Python.",2005.0,,commercial,Limited community edition free,no,2005,,N,N
Netezza,41.0,40.0,37.0,Relational,15.83,+0.89,-3.55,https://db-engines.com/en/system/Netezza,,IBM,Data warehouse and analytics appliance part of IBM PureSystems,2000.0,,commercial,,no,2000,,N,N
dBASE,42.0,41.0,42.0,Relational,15.63,+0.93,+1.30,https://db-engines.com/en/system/dBASE,,Asthon Tate,"dBase was one of the first databases with a development environment on PC's. Its latest version dBase V is still sold as dBase classic, which needs a DOS Emulation. The up-to-date product is dBase plus.",1979.0,"dBASE 2019, 2019",commercial,,no,1979,2019,N,N
Presto,43.0,43.0,43.0,Relational,15.09,+0.97,+1.61,https://db-engines.com/en/system/Presto,,Facebook; Presto Foundation,Distributed SQL Query Engine for Big Data,2013.0,,Open Source,Apache 2.0,no,2013,,Y,N
ClickHouse,44.0,44.0,46.0,"Relational, Multi-model",14.39,+0.52,+2.07,https://db-engines.com/en/system/ClickHouse,"Relational DBMS,Time Series DBMS",Clickhouse Inc.,"Column-oriented,Relational DBMS,powering Yandex",2016.0,"v23.3.1.2823-lts, March 2023",Open Source,Apache 2.0,no,2016,2023,Y,N
Apache Flink,45.0,45.0,,Relational,13.54,-0.13,,https://db-engines.com/en/system/Apache+Flink,,Apache Software Foundation and contributors,"A framework and distributed processing engine for stateful computations over unbounded and bounded data streams, delivering full database capabilities with the addition of Table Store.",,"1.17.0, March 2023",Open Source,,no,,2023,Y,N
OpenSearch,46.0,47.0,68.0,Search engine,12.09,+1.00,+5.96,https://db-engines.com/en/system/OpenSearch,,Amazon Web Services,"A distributed, RESTful search and analytics engine forked from,Elasticsearch,and based on,Apache Lucene",2021.0,"2.5.0, January 2023",Open Source,Apache Version 2.0,no,2021,2023,Y,N
Google Cloud Firestore,47.0,46.0,52.0,Document,11.54,+0.44,+2.22,https://db-engines.com/en/system/Google+Cloud+Firestore,,Google,"Cloud Firestore is an auto-scaling document database for storing, syncing, and querying data for mobile and web apps. It offers seamless integration with other Firebase and Google Cloud Platform products.",2017.0,,commercial,,yes,2017,,N,Y
Greenplum,48.0,48.0,44.0,"Relational, Multi-model",10.97,+0.72,-2.39,https://db-engines.com/en/system/Greenplum,"Relational DBMS,Document store,Spatial DBMS",Pivotal Software Inc.,"Analytic Database platform built on,PostgreSQL,. Full name is Pivotal Greenplum Database",2005.0,"6.7.1, April 2020",Open Source,Apache 2.0,no,2005,2020,Y,N
Amazon Aurora,49.0,49.0,45.0,"Relational, Multi-model",9.89,+0.46,-2.56,https://db-engines.com/en/system/Amazon+Aurora,"Relational DBMS,Document store",Amazon,MySQL and PostgreSQL compatible cloud service by Amazon,2015.0,,commercial,,yes,2015,,N,Y
Oracle Essbase,50.0,50.0,55.0,Relational,9.56,+0.71,+0.70,https://db-engines.com/en/system/Oracle+Essbase,,Oracle,Multidimensional database platform for analytic applications,1998.0,"21.1, December 2020",commercial,,no,1998,2020,N,N
etcd,51.0,51.0,47.0,Key-value,9.18,+0.55,-1.70,https://db-engines.com/en/system/etcd,,,"A distributed reliable,key-value store",,"3.4, August 2019",Open Source,Apache Version 2.0,no,,2019,Y,N
H2,52.0,53.0,51.0,"Relational, Multi-model",8.86,+0.45,-0.97,https://db-engines.com/en/system/H2,"Relational DBMS,Spatial DBMS",Thomas Mueller,"Full-featured RDBMS with a small footprint, either embedded into a Java application or used as a database server.",2005.0,"2.1.210, January 2022",Open Source,"dual-licence (Mozilla public license, Eclipse public license)",no,2005,2022,Y,N
MarkLogic,53.0,54.0,50.0,Multi-model,8.68,+0.34,-1.17,https://db-engines.com/en/system/MarkLogic,"Document store,Native XML DBMS,RDF store,Search engine",MarkLogic Corp.,Operational and transactional Enterprise NoSQL database,2001.0,"11.0, December 2022",commercial,restricted free version is available,no,2001,2022,N,N
Realm,54.0,55.0,49.0,Document,8.6,+0.32,-1.29,https://db-engines.com/en/system/Realm,,"Realm, acquired by MongoDB in May 2019","A DBMS built for use on mobile devices that’s a fast, easy to use alternative to,SQLite,and Core Data",2014.0,,Open Source,,no,2014,,Y,N
Hazelcast,55.0,56.0,48.0,"Key-value, Multi-model",8.11,+0.34,-1.97,https://db-engines.com/en/system/Hazelcast,"Key-value store,Document store",Hazelcast,A widely adopted in-memory data grid,2008.0,"5.2.2, February 2023",Open Source,Apache Version 2; commercial licenses available,no,2008,2023,Y,N
Kdb,56.0,52.0,54.0,"Time Series, Multi-model",8.03,-0.44,-0.95,https://db-engines.com/en/system/Kdb,"Time Series DBMS,Relational DBMS","Kx Systems, a division of First Derivatives plc","High performance,Time Series DBMS",2000.0,"3.6, May 2018",commercial,free 32-bit version,no,2000,2018,N,N
Algolia,57.0,57.0,56.0,Search engine,7.7,+0.29,-0.38,https://db-engines.com/en/system/Algolia,,,"Fully customizable, hosted Search API",2012.0,,commercial,,yes,2012,,N,Y
Prometheus,58.0,58.0,67.0,Time Series,7.43,+0.44,+1.29,https://db-engines.com/en/system/Prometheus,,,Open-source TimeSeries DBMS and monitoring system,2015.0,,Open Source,Apache 2.0,no,2015,,Y,N
Datastax Enterprise,59.0,60.0,53.0,"Wide column, Multi-model",7.19,+0.40,-2.10,https://db-engines.com/en/system/Datastax+Enterprise,"Wide column store,Document store,Graph DBMS,Spatial DBMS,Search engine",DataStax,"DataStax Enterprise (DSE) is the always-on, scalable data platform built on,Apache Cassandra,and designed for hybrid Cloud. DSE integrates graph, search, analytics, administration, developer tooling, and monitoring into a unified platform.",2011.0,"6.8, April 2020",commercial,,no,2011,2020,N,N
Jackrabbit,60.0,67.0,65.0,Content,6.92,+0.53,+0.30,https://db-engines.com/en/system/Jackrabbit,,Apache Software Foundation,,2006.0,,Open Source,,no,2006,,Y,N
Derby,61.0,63.0,78.0,Relational,6.86,+0.27,+1.69,https://db-engines.com/en/system/Derby,,Apache Software Foundation,,1997.0,,Open Source,Apache version 2,no,1997,,Y,N
Ehcache,62.0,71.0,66.0,Key-value,6.81,+0.67,+0.34,https://db-engines.com/en/system/Ehcache,,"Terracotta Inc, owned by Software AG",,2009.0,,Open Source,Apache Version 2; commercial licenses available,no,2009,,Y,N
Microsoft Azure Search,63.0,61.0,59.0,Search engine,6.79,+0.10,-0.74,https://db-engines.com/en/system/Microsoft+Azure+Search,,Microsoft,,2015.0,,commercial,,yes,2015,,N,Y
CockroachDB,64.0,64.0,57.0,Relational,6.69,+0.16,-1.15,https://db-engines.com/en/system/CockroachDB,,Cockroach Labs,,2015.0,,Open Source,"Apache 2.0, commercial license available",no,2015,,Y,N
Sphinx,65.0,59.0,63.0,Search engine,6.69,-0.11,-0.03,https://db-engines.com/en/system/Sphinx,,Sphinx Technologies Inc.,,2001.0,,Open Source,"GPL version 2, commercial licence available",no,2001,,Y,N
SingleStore,66.0,62.0,61.0,"Relational, Multi-model",6.56,-0.04,-0.48,https://db-engines.com/en/system/SingleStore,"Relational DBMS,Document store,Spatial DBMS,Time Series DBMS",SingleStore Inc.,,2013.0,,commercial,free developer edition available,no,2013,,N,N
Aerospike,67.0,66.0,70.0,Multi-model,6.4,+0.01,+0.31,https://db-engines.com/en/system/Aerospike,"Document store,Key-value store,Spatial DBMS",Aerospike,,2012.0,,Open Source,Apache and AGPL Licenses; open sourced in June 2014; commercial Enterprise Edition available,no,2012,,Y,N
Graphite,68.0,68.0,75.0,Time Series,6.26,-0.05,+0.80,https://db-engines.com/en/system/Graphite,,Chris Davis,,2006.0,,Open Source,Apache 2.0,no,2006,,Y,N
Google Cloud Datastore,69.0,73.0,74.0,Document,6.21,+0.31,+0.72,https://db-engines.com/en/system/Google+Cloud+Datastore,,Google,,2008.0,,commercial,,yes,2008,,N,Y
Interbase,70.0,65.0,62.0,Relational,6.17,-0.24,-0.57,https://db-engines.com/en/system/Interbase,,Embarcadero,,1984.0,,commercial,,no,1984,,N,N
ScyllaDB,71.0,74.0,90.0,"Wide column, Multi-model",6.16,+0.31,+2.42,https://db-engines.com/en/system/ScyllaDB,"Wide column store,Key-value store",ScyllaDB,,2015.0,,Open Source,"Open Source (AGPL), commercial license available",no,2015,,Y,N
Microsoft Azure Data Explorer,72.0,72.0,58.0,"Relational, Multi-model",6.1,+0.19,-1.44,https://db-engines.com/en/system/Microsoft+Azure+Data+Explorer,"Relational DBMS,Document store,Event Store,Spatial DBMS,Search engine,Time Series DBMS",Microsoft,,2019.0,,commercial,,yes,2019,,N,Y
Trino,73.0,77.0,100.0,"Relational, Multi-model",5.89,+0.49,+2.82,https://db-engines.com/en/system/Trino,"Relational DBMS,Document store,Key-value store,Spatial DBMS,Search engine,Time Series DBMS,Wide column store",Trino Software Foundation,,2012.0,,Open Source,Apache Version 2.0,no,2012,,Y,N
Riak KV,74.0,79.0,64.0,Key-value,5.88,+0.69,-0.76,https://db-engines.com/en/system/Riak+KV,,Basho Technologies,,2009.0,,Open Source,"Apache version 2, commercial enterprise edition",no,2009,,Y,N
Ingres,75.0,69.0,69.0,Relational,5.81,-0.46,-0.29,https://db-engines.com/en/system/Ingres,,Actian Corporation,,1974.0,,commercial,,no,1974,,N,N
Apache Jena - TDB,76.0,83.0,102.0,RDF,5.73,+0.66,+2.71,https://db-engines.com/en/system/Apache+Jena+-+TDB,,Apache Software Foundation,,2000.0,,Open Source,"Apache License, Version 2.0",no,2000,,Y,N
SAP SQL Anywhere,77.0,76.0,72.0,Relational,5.7,+0.31,+0.09,https://db-engines.com/en/system/SAP+SQL+Anywhere,,SAP,,1992.0,,commercial,,no,1992,,N,N
Microsoft Azure Table Storage,78.0,75.0,77.0,Wide column,5.68,+0.00,+0.33,https://db-engines.com/en/system/Microsoft+Azure+Table+Storage,,Microsoft,,2012.0,,commercial,,yes,2012,,N,Y
Adabas,79.0,82.0,81.0,Multivalue,5.58,+0.49,+0.80,https://db-engines.com/en/system/Adabas,,Software AG,,1971.0,,commercial,,no,1971,,N,N
Virtuoso,80.0,70.0,71.0,Multi-model,5.57,-0.67,-0.44,https://db-engines.com/en/system/Virtuoso,"Document store,Graph DBMS,Native XML DBMS,Relational DBMS,RDF store,Search engine,Spatial DBMS",OpenLink Software,,1998.0,,Open Source,"GPLv2, extended commercial license available",no,1998,,Y,N
Accumulo,81.0,80.0,88.0,Wide column,5.41,+0.23,+1.44,https://db-engines.com/en/system/Accumulo,,,,2008.0,"2.0.1 (December 24, 2020), 2020",Open Source,,no,2008,2020,Y,N
HyperSQL,82.0,81.0,76.0,Relational,5.24,+0.09,-0.12,https://db-engines.com/en/system/HyperSQL,,,"Multithreaded, transactional,RDBMS,written in Java",2001.0,"2.7.1, October 2022",Open Source,based on BSD license,no,2001,2022,Y,N
Ignite,83.0,78.0,60.0,Multi-model,5.14,-0.18,-1.94,https://db-engines.com/en/system/Ignite,"Key-value store,Relational DBMS",Apache Software Foundation,"Apache Ignite is a memory-centric distributed database, caching, and processing platform for transactional, analytical, and streaming workloads, delivering in-memory speeds at petabyte scale.",2015.0,Apache Ignite 2.6,Open Source,Apache 2.0,no,2015,,Y,N
Google Cloud Bigtable,84.0,84.0,86.0,Multi-model,5.13,+0.22,+0.87,https://db-engines.com/en/system/Google+Cloud+Bigtable,"Key-value store,Wide column store",Google,"Google's NoSQL Big Data database service. It's the same database that powers many core Google services, including Search, Analytics, Maps, and Gmail.",2015.0,,commercial,,yes,2015,,N,Y
ArangoDB,85.0,85.0,73.0,Multi-model,4.88,+0.08,-0.67,https://db-engines.com/en/system/ArangoDB,"Document store,Graph DBMS,Key-value store,Search engine",ArangoDB Inc.,"Native multi-model DBMS for graph, document, key/value and search. All in one engine and accessible with one query language.",2012.0,"3.10.5.1, March 2023",Open Source,Apache Version 2; Commercial license (Enterprise) available,no,2012,2023,Y,N
TimescaleDB,86.0,87.0,83.0,"Time Series, Multi-model",4.73,+0.36,+0.03,https://db-engines.com/en/system/TimescaleDB,"Time Series DBMS,Relational DBMS",Timescale,"A,time series DBMS,optimized for fast ingest and complex queries, based on,PostgreSQL",2017.0,"2.6.0, February 2022",Open Source,Apache 2.0,no,2017,2022,Y,N
SAP IQ,87.0,90.0,80.0,Relational,4.68,+0.55,-0.14,https://db-engines.com/en/system/SAP+IQ,,"SAP, formerly Sybase",Columnar RDBMS optimized for Big Data analytics,1994.0,"16.1 SPS04, April 2019",commercial,,no,1994,2019,N,N
OrientDB,88.0,92.0,79.0,Multi-model,4.5,+0.43,-0.64,https://db-engines.com/en/system/OrientDB,"Document store,Graph DBMS,Key-value store",OrientDB LTD; CallidusCloud; SAP,"Multi-model DBMS (Document, Graph, Key/Value)",2010.0,"3.2.17, March 2023",Open Source,Apache version 2,no,2010,2023,Y,N
OpenEdge,89.0,88.0,85.0,Relational,4.44,+0.11,-0.01,https://db-engines.com/en/system/OpenEdge,,Progress Software Corporation,Application development environment with integrated database management system,1984.0,"OpenEdge 12.2, March 2020",commercial,,no,1984,2020,N,N
RavenDB,90.0,94.0,94.0,"Document, Multi-model",4.37,+0.40,+0.90,https://db-engines.com/en/system/RavenDB,"Document store,Graph DBMS,Spatial DBMS,Time Series DBMS",Hibernating Rhinos,Open Source Operational and Transactional Enterprise NoSQL Document Database,2010.0,"5.4, July 2022",Open Source,"AGPL version 3, commercial license available",no,2010,2022,Y,N
Google Cloud Spanner,91.0,93.0,92.0,Relational,4.37,+0.36,+0.69,https://db-engines.com/en/system/Google+Cloud+Spanner,,Google,"A horizontally scalable, globally consistent, relational database service. It is the externalization of the core Google database that runs the biggest aspects of Google, like Ads and Google Play.",2017.0,,commercial,,yes,2017,,N,Y
RocksDB,92.0,89.0,89.0,Key-value,4.31,+0.01,+0.40,https://db-engines.com/en/system/RocksDB,,"Facebook, Inc.",Embeddable persistent key-value store optimized for fast storage (flash and RAM),2013.0,"7.10.2, March 2023",Open Source,BSD,no,2013,2023,Y,N
IBM Cloudant,93.0,91.0,95.0,Document,4.29,+0.20,+0.83,https://db-engines.com/en/system/IBM+Cloudant,,"IBM, Apache Software Foundation","Database as a Service offering based on,Apache CouchDB",2010.0,,commercial,,yes,2010,,N,Y
"UniData,UniVerse",94.0,86.0,84.0,Multivalue,4.28,-0.26,-0.20,https://db-engines.com/en/system/UniData%2CUniVerse,,Rocket Software,MultiValue database and application server with SQL mapping layer and meta database capabilities,1985.0,,commercial,,no,1985,,N,N
GemFire,95.0,95.0,,"Key-value, Multi-model",4.24,+0.28,,https://db-engines.com/en/system/GemFire,"Key-value store,Document store",VMware,"An enterprise grade, high speed in-memory data and compute grid for high-performance, low latency applications where data must be consistent across multiple data centers",2004.0,"9.15, June 2022",commercial,,no,2004,2022,N,N
RethinkDB,96.0,97.0,99.0,"Document, Multi-model",4.16,+0.41,+1.07,https://db-engines.com/en/system/RethinkDB,"Document store,Spatial DBMS",The Linux Foundation,DBMS for the Web with a mechanism to push updated query results to applications in realtime.,2009.0,"2.4.1, August 2020",Open Source,Apache Version 2,no,2009,2020,Y,N
YugabyteDB,97.0,98.0,112.0,"Relational, Multi-model",3.97,+0.43,+1.29,https://db-engines.com/en/system/YugabyteDB,"Relational DBMS,Document store,Wide column store",Yugabyte Inc.,"High-performance distributed SQL database for global, internet-scale applications. Wire and feature compatible with,PostgreSQL,.",2017.0,"2.17, December 2022",Open Source,Apache 2.0,no,2017,2022,Y,N
Infinispan,98.0,99.0,96.0,Key-value,3.9,+0.45,+0.56,https://db-engines.com/en/system/Infinispan,,,,2009.0,"14.0.7.Final, March 2023",Open Source,Apache Version 2,no,2009,2023,Y,N
MaxDB,99.0,100.0,87.0,Relational,3.89,+0.47,-0.17,https://db-engines.com/en/system/MaxDB,,"SAP, acquired from Software AG (Adabas-D) in 1997","A robust and reliable,RDBMS,optimized to run all major SAP solutions",1984.0,"7.9.10 (January 2020), 2020",commercial,Limited community edition free,no,1984,2020,N,N
Oracle NoSQL,100.0,96.0,82.0,Multi-model,3.79,-0.01,-0.96,https://db-engines.com/en/system/Oracle+NoSQL,"Document store,Key-value store,Relational DBMS",Oracle,"A multi-model, scalable, distributed NoSQL database, designed to provide highly reliable, flexible, and available data management across a configurable set of storage nodes",2011.0,"22.3, December 2022",Open Source,"Proprietary for Enterprise Edition (Oracle Database EE license has Oracle NoSQL database EE covered:,details,)",no,2011,2022,Y,N
Oracle Berkeley DB,101.0,102.0,109.0,Multi-model,3.71,+0.42,+0.94,https://db-engines.com/en/system/Oracle+Berkeley+DB,"Key-value store,Native XML DBMS",Oracle,Widely used in-process key-value store,1994.0,"18.1.40, May 2020",Open Source,commercial license available,no,1994,2020,Y,N
EDB Postgres,102.0,107.0,124.0,"Relational, Multi-model",3.63,+0.47,+1.56,https://db-engines.com/en/system/EDB+Postgres,"Relational DBMS,Document store,Spatial DBMS",EnterpriseDB,"The EDB Postgres Platform is an enterprise-class data management platform based on the open source database,PostgreSQL,with flexible deployment options and,Oracle,compatibility features, complemented by tool kits for management, integration, and migration.",2005.0,"14, December 2021",commercial,BSD for PostgreSQL-components,no,2005,2021,N,N
RRDtool,103.0,106.0,115.0,Time Series,3.61,+0.42,+1.11,https://db-engines.com/en/system/RRDtool,,Tobias Oetiker,Industry standard data logging and graphing tool for time series data. RRD is an acronym for round-robin database.,1999.0,"1.8.0, 2022",Open Source,GPL V2 and FLOSS,no,1999,2022,Y,N
LevelDB,104.0,101.0,101.0,Key-value,3.58,+0.21,+0.53,https://db-engines.com/en/system/LevelDB,,Google,"Embeddable fast,key-value storage,library that provides an ordered mapping from string keys to string values",2011.0,"1.23, February 2021",Open Source,BSD,no,2011,2021,Y,N
PouchDB,105.0,103.0,98.0,Document,3.57,+0.30,+0.48,https://db-engines.com/en/system/PouchDB,,Apache Software Foundation,"JavaScript DBMS with an API inspired by,CouchDB",2012.0,"7.1.1, June 2019",Open Source,,no,2012,2019,Y,N
DolphinDB,106.0,123.0,140.0,"Time Series, Multi-model",3.42,+0.81,+1.77,https://db-engines.com/en/system/DolphinDB,"Time Series DBMS,Relational DBMS","DolphinDB, Inc","DolphinDB is a high performance,Time Series DBMS,. It is integrated with an easy-to-use fully featured programming language and a high-volume high-velocity streaming analytics system. It offers operational simplicity, scalability, fault tolerance, and concurrency.",2018.0,"v2.00.4, January 2022",commercial,free community version available,no,2018,2022,N,N
Percona Server for MySQL,107.0,109.0,116.0,Relational,3.34,+0.22,+0.84,https://db-engines.com/en/system/Percona+Server+for+MySQL,,Percona,"Enhanced drop-in replacement for,MySQL,based on XtraDB or TokuDB storage engines with improved performance and additional diagnostic and management features.",2008.0,"8.0.32-24, 2023",Open Source,GPL version 2,no,2008,2023,Y,N
InterSystems IRIS,108.0,104.0,119.0,Multi-model,3.29,+0.10,+1.05,https://db-engines.com/en/system/InterSystems+IRIS,"Document store,Key-value store,Object oriented DBMS,Relational DBMS",InterSystems,"A containerised multi-model DBMS, interoperability and analytics data platform with wide capabilities for vertical and horizontal scalability",2018.0,"2021.1, June 2021",commercial,,no,2018,2021,N,N
LMDB,109.0,113.0,117.0,Key-value,3.29,+0.31,+0.86,https://db-engines.com/en/system/LMDB,,Symas,"A high performant, light-weight, embedded key-value database library",2011.0,"0.9.29, March 2021",Open Source,,no,2011,2021,Y,N
HEAVY.AI,110.0,108.0,153.0,"Relational, Multi-model",3.24,+0.09,+1.95,https://db-engines.com/en/system/HEAVY.AI,"Relational DBMS,Spatial DBMS","HEAVY.AI, Inc.","A high performance, column-oriented,RDBMS,, specifically developed to harness the massive parallelism of modern CPU and GPU hardware",2016.0,"5.10, January 2022",Open Source,Apache Version 2; enterprise edition available,no,2016,2022,Y,N
InterSystems Caché,111.0,105.0,104.0,Multi-model,3.21,+0.02,+0.21,https://db-engines.com/en/system/InterSystems+Cach%C3%A9,"Key-value store,Object oriented DBMS,Relational DBMS,Document store",InterSystems,A multi-model DBMS and application server,1997.0,"2018.1.4, May 2020",commercial,,no,1997,2020,N,N
TiDB,112.0,115.0,93.0,"Relational, Multi-model",3.19,+0.31,-0.35,https://db-engines.com/en/system/TiDB,"Relational DBMS,Document store","PingCAP, Inc.","TiDB is an open source distributed SQL database that supports Hybrid Transactional/Analytical Processing (HTAP) workloads. It is MySQL compatible and features horizontal scalability, strong consistency, and high availability.",2016.0,"7.0.0, March 2023",Open Source,Apache 2.0,no,2016,2023,Y,N
Geode,113.0,120.0,134.0,Key-value,3.16,+0.43,+1.38,https://db-engines.com/en/system/Geode,,Originally developed by Gemstone. They outsourced the project to Apache in 2015 but still deliver a commercial version as Gemfire.,"Geode is a distributed data container, pooling memory, CPU, network resources, and optionally local disk across multiple processes",2002.0,"1.1, February 2017",Open Source,Apache Version 2; commercial licenses available as Gemfire,no,2002,2017,Y,N
CloudKit,114.0,116.0,114.0,Document,3.15,+0.37,+0.57,https://db-engines.com/en/system/CloudKit,,,,2016.0,,commercial,,yes,2016,,N,Y
IMS,115.0,112.0,110.0,Navigational,3.12,+0.09,+0.41,https://db-engines.com/en/system/IMS,,IBM,,1966.0,"15, October 2017",commercial,,no,1966,2017,N,N
Apache Druid,116.0,117.0,105.0,Multi-model,3.07,+0.31,+0.06,https://db-engines.com/en/system/Apache+Druid,"Relational DBMS,Time Series DBMS",Apache Software Foundation and contributors,Open-source analytics data store designed for sub-second OLAP queries on high dimensionality and high cardinality data,2012.0,"25.0.0, January 2023",Open Source,Apache license v2,no,2012,2023,Y,N
Citus,117.0,122.0,135.0,"Relational, Multi-model",3.05,+0.39,+1.29,https://db-engines.com/en/system/Citus,"Relational DBMS,Document store",,Scalable hybrid operational and analytics RDBMS for big data use cases based on PostgreSQL,2010.0,"8.1, December 2018",Open Source,"AGPL, commercial license also available",no,2010,2018,Y,N
Apache Phoenix,118.0,110.0,103.0,Relational,3.01,-0.08,0.00,https://db-engines.com/en/system/Apache+Phoenix,,Apache Software Foundation,"A scale-out RDBMS with evolutionary schema built on,Apache HBase",2014.0,"5.0-HBase2, July 2018 and 4.15-HBase1, December 2019",Open Source,Apache Version 2.0,no,2014,2019,Y,N
4D,119.0,118.0,107.0,Relational,2.97,+0.22,+0.08,https://db-engines.com/en/system/4D,,"4D, Inc",Application development environment with integrated database management system,1984.0,"v18 R5, January 2021",commercial,,no,1984,2021,N,N
SAP Advantage Database Server,120.0,114.0,91.0,Relational,2.97,+0.07,-0.72,https://db-engines.com/en/system/SAP+Advantage+Database+Server,,"Sybase, SAP","Low-cost,RDBMS,with access to ISAM and FoxPro data structures",1993.0,,commercial,,no,1993,,N,N
Apache Drill,121.0,111.0,106.0,Multi-model,2.96,-0.12,+0.07,https://db-engines.com/en/system/Apache+Drill,"Document store,Relational DBMS",Apache Software Foundation,"Schema-free SQL Query Engine for Hadoop, NoSQL and Cloud Storage",2012.0,,Open Source,Apache Version 2,no,2012,,Y,N
TDengine,122.0,124.0,183.0,"Time Series, Multi-model",2.95,+0.34,+2.04,https://db-engines.com/en/system/TDengine,"Time Series DBMS,Relational DBMS","TDEngine, previously Taos Data",Time Series DBMS and big data platform,2019.0,,Open Source,"GPL V3, also commercial editions available",no,2019,,Y,N
Amazon SimpleDB,123.0,125.0,123.0,Key-value,2.94,+0.37,+0.83,https://db-engines.com/en/system/Amazon+SimpleDB,,Amazon,"Hosted simple database service by Amazon, with the data stored in the Amazon Cloud.",2007.0,,commercial,,yes,2007,,N,Y
DuckDB,124.0,126.0,267.0,Relational,2.92,+0.35,+2.58,https://db-engines.com/en/system/DuckDB,,,"An embeddable, in-process, column-oriented SQL OLAP,RDBMS",2018.0,,Open Source,MIT License,no,2018,,Y,N
Amazon Neptune,125.0,121.0,108.0,Multi-model,2.9,+0.21,+0.08,https://db-engines.com/en/system/Amazon+Neptune,"Graph DBMS,RDF store",Amazon,"Fast, reliable graph database built for the cloud",2017.0,,commercial,,yes,2017,,N,Y
OceanBase,126.0,131.0,,"Relational, Multi-model",2.85,+0.53,,https://db-engines.com/en/system/OceanBase,"Relational DBMS,Document store,Wide column store",OceanBase,"A distributed, high available,RDBMS,compatible with,Oracle,and,MySQL",2011.0,,Open Source,Commercial license available,no,2011,,Y,N
Oracle Coherence,127.0,127.0,113.0,Key-value,2.84,+0.33,+0.23,https://db-engines.com/en/system/Oracle+Coherence,,Oracle,Oracles in-memory data grid solution,2007.0,,commercial,,no,2007,,N,N
EXASOL,128.0,119.0,97.0,Relational,2.73,-0.02,-0.54,https://db-engines.com/en/system/EXASOL,,Exasol,"High-performance, in-memory, MPP database specifically designed for in-memory analytics.",2000.0,,commercial,,no,2000,,N,N
JanusGraph,129.0,128.0,118.0,Graph,2.68,+0.24,+0.26,https://db-engines.com/en/system/JanusGraph,,"Linux Foundation; originally developed as,Titan,by Aurelius",A Graph DBMS optimized for distributed clusters,2017.0,,Open Source,Apache 2.0,no,2017,,Y,N
Memgraph,130.0,143.0,261.0,Graph,2.64,+0.52,+2.27,https://db-engines.com/en/system/Memgraph,,Memgraph Ltd,An open source graph database built for real-time streaming and compatible with Neo4j,2017.0,,commercial,Free license available,no,2017,,N,N
NebulaGraph,131.0,141.0,169.0,Graph,2.61,+0.44,+1.51,https://db-engines.com/en/system/NebulaGraph,,Vesoft Inc.,"A distributed, linear scalable, high perfomant,Graph DBMS",2019.0,,Open Source,Apache Version 2.0 + Common Clause 1.0,no,2019,,Y,N
Amazon CloudSearch,132.0,130.0,120.0,Search engine,2.59,+0.26,+0.35,https://db-engines.com/en/system/Amazon+CloudSearch,,Amazon,A hosted search engine service by Amazon with the data stored in Amazons cloud,2012.0,,commercial,,yes,2012,,N,Y
MonetDB,133.0,136.0,131.0,"Relational, Multi-model",2.57,+0.31,+0.76,https://db-engines.com/en/system/MonetDB,"Relational DBMS,Document store,Spatial DBMS",MonetDB BV,A relational database management system that stores data in columns,2004.0,,Open Source,Mozilla Public License 2.0,no,2004,,Y,N
jBASE,134.0,133.0,133.0,Multivalue,2.51,+0.24,+0.71,https://db-engines.com/en/system/jBASE,,Zumasys,A robust multi-value DBMS comprising development tools and middleware,1991.0,,commercial,,no,1991,,N,N
OpenTSDB,135.0,140.0,130.0,Time Series,2.5,+0.32,+0.67,https://db-engines.com/en/system/OpenTSDB,,currently maintained by Yahoo and other contributors,"Scalable Time Series DBMS based on,HBase",2011.0,,Open Source,LGPL,no,2011,,Y,N
SpatiaLite,136.0,138.0,127.0,"Spatial DBMS, Multi-model",2.49,+0.31,+0.61,https://db-engines.com/en/system/SpatiaLite,"Spatial DBMS,Relational DBMS",Alessandro Furieri,"Spatial extension of,SQLite",2008.0,,Open Source,"MPL 1.1, GPL v2.0 or LGPL v2.1",no,2008,,Y,N
GraphDB,137.0,129.0,111.0,Multi-model,2.48,+0.15,-0.21,https://db-engines.com/en/system/GraphDB,"Graph DBMS,RDF store",Ontotext,"Enterprise-ready RDF and graph database with efficient reasoning, cluster and external index synchronization support. It supports also SQL JDBC access to Knowledge Graph and GraphQL over SPARQL.",2000.0,,commercial,Some plugins of GraphDB Workbench are open sourced,no,2000,,N,N
Coveo,138.0,132.0,122.0,Search engine,2.47,+0.19,+0.29,https://db-engines.com/en/system/Coveo,,Coveo,"AI-powered hosted search, recommendation and personalization platform providing tools for both low-code and full-code development",2012.0,,commercial,,yes,2012,,N,Y
GridGain,139.0,134.0,125.0,Multi-model,2.46,+0.20,+0.40,https://db-engines.com/en/system/GridGain,"Key-value store,Relational DBMS","GridGain Systems, Inc.","GridGain is an in-memory computing platform, built on,Apache Ignite",2007.0,,commercial,,no,2007,,N,N
VoltDB,140.0,142.0,142.0,Relational,2.44,+0.30,+0.83,https://db-engines.com/en/system/VoltDB,,VoltDB Inc.,"Distributed In-Memory NewSQL,RDBMS",2010.0,,Open Source,"AGPL for Community Edition, commercial license for Enterprise, AWS, and Pro Editions",no,2010,,Y,N
Tibero,141.0,139.0,126.0,Relational,2.41,+0.23,+0.46,https://db-engines.com/en/system/Tibero,,TmaxSoft,"A secure RDBMS, designed for easy portability from Oracle",2003.0,"6, April 2015",commercial,,no,2003,2015,N,N
GridDB,142.0,147.0,159.0,"Time Series, Multi-model",2.37,+0.35,+1.14,https://db-engines.com/en/system/GridDB,"Time Series DBMS,Key-value store,Relational DBMS",Toshiba Corporation,Scalable in-memory time series database optimized for IoT and Big Data,2013.0,"5.1, August 2022",Open Source,"AGPL version 3 and Apache License, version 2.0 , commercial license (standard and advanced editions) also available",no,2013,2022,Y,N
Db4o,143.0,144.0,141.0,Object oriented,2.34,+0.30,+0.72,https://db-engines.com/en/system/Db4o,,,,2001.0,8.0,Open Source,commercial license available for existing customers only,no,2001,,Y,N
Datomic,144.0,145.0,138.0,Relational,2.31,+0.28,+0.61,https://db-engines.com/en/system/Datomic,,Cognitect,"Datomic builds on immutable values, supports point-in-time queries and uses 3rd party systems for durability",2012.0,"1.0.6362, January 2022",commercial,limited edition free,no,2012,2022,N,N
TimesTen,145.0,135.0,137.0,Relational,2.25,-0.01,+0.54,https://db-engines.com/en/system/TimesTen,,"Oracle, TimesTen Performance Software, HP","In-Memory,RDBMS,compatible to Oracle",1998.0,11 Release 2 (11.2.2.8.0),commercial,,no,1998,,N,N
QuestDB,146.0,137.0,161.0,"Time Series, Multi-model",2.24,0.00,+1.05,https://db-engines.com/en/system/QuestDB,"Time Series DBMS,Relational DBMS",QuestDB Limited,"A high performance open source SQL database for,time series data",2014.0,,Open Source,Apache 2.0,no,2014,,Y,N
BaseX,147.0,150.0,139.0,Native XML,2.23,+0.27,+0.57,https://db-engines.com/en/system/BaseX,,BaseX GmbH,"Light-weight,Native XML DBMS,with support for XQuery 3.0 and interactive GUI.",2007.0,"10.5, March 2023",Open Source,BSD license,no,2007,2023,Y,N
Empress,148.0,152.0,174.0,Relational,2.16,+0.24,+1.15,https://db-engines.com/en/system/Empress,,,,1981.0,"v10.20-E, January 2010",commercial,,no,1981,2010,N,N
ObjectStore,149.0,151.0,150.0,Object oriented,2.13,+0.18,+0.78,https://db-engines.com/en/system/ObjectStore,,Ignite Technologies,,1988.0,"2013 Update 1, April 2014",commercial,,no,1988,2014,N,N
SQLBase,150.0,155.0,157.0,Relational,2.13,+0.32,+0.89,https://db-engines.com/en/system/SQLBase,,,,1985.0,,commercial,,no,1985,,N,N
Amazon DocumentDB,151.0,154.0,132.0,Document,2.08,+0.25,+0.28,https://db-engines.com/en/system/Amazon+DocumentDB,,,"Fast, scalable, highly available, and fully managed,MongoDB,-compatible database service",2019.0,,commercial,,yes,2019,,N,Y
Mnesia,152.0,148.0,144.0,Document,2.04,+0.03,+0.58,https://db-engines.com/en/system/Mnesia,,,,1999.0,"4.15.4, June 2018",Open Source,proprietary license,no,1999,2018,Y,N
IBM Db2 warehouse,153.0,149.0,129.0,Relational,2.04,+0.04,+0.18,https://db-engines.com/en/system/IBM+Db2+warehouse,,IBM,Cloud-based data warehousing service,2014.0,,commercial,,yes,2014,,N,Y
TigerGraph,154.0,146.0,121.0,Graph,2.03,+0.00,-0.21,https://db-engines.com/en/system/TigerGraph,,,"A complete, distributed, parallel graph computing platform supporting web-scale data analytics in real-time",2017.0,,commercial,,no,2017,,N,N
Cubrid,155.0,159.0,160.0,Relational,2.0,+0.28,+0.80,https://db-engines.com/en/system/Cubrid,,"CUBRID Corporation, CUBRID Foundation",CUBRID is an open-source SQL-based relational database management system with object extensions for OLTP,2008.0,"11.0, January 2021",Open Source,Apache Version 2.0,no,2008,2021,Y,N
Firebolt,156.0,161.0,,Relational,1.98,+0.27,,https://db-engines.com/en/system/Firebolt,,Firebolt Analytics Inc.,Highly scalable cloud data warehouse and analytics product,2020.0,,commercial,,yes,2020,,N,Y
Tarantool,157.0,156.0,151.0,"Key-value, Multi-model",1.97,+0.17,+0.63,https://db-engines.com/en/system/Tarantool,"Key-value store,Document store,Relational DBMS,Spatial DBMS",VK,In-memory computing platform with a flexible data schema for efficiently building high-performance applications,2008.0,"2.10.0, May 2022",Open Source,BSD,no,2008,2022,Y,N
NonStop SQL,158.0,157.0,171.0,Relational,1.95,+0.17,+0.87,https://db-engines.com/en/system/NonStop+SQL,,"HP, originally by Tandem",,1987.0,,commercial,,no,1987,,N,N
Stardog,159.0,160.0,128.0,Multi-model,1.91,+0.19,+0.03,https://db-engines.com/en/system/Stardog,"Graph DBMS,RDF store",Stardog-Union,"Enterprise Knowledge Graph platform and graph DBMS with high availability, high performance reasoning, and virtualization",2010.0,"7.3.0, May 2020",commercial,60-day fully-featured trial license; 1-year fully-featured non-commercial use license for academics/students,no,2010,2020,N,N
Actian NoSQL Database,160.0,153.0,145.0,Object oriented,1.9,+0.03,+0.44,https://db-engines.com/en/system/Actian+NoSQL+Database,,Actian,,1988.0,"9.3, April 2017",commercial,,no,1988,2017,N,N
Fauna,161.0,158.0,147.0,Multi-model,1.88,+0.14,+0.52,https://db-engines.com/en/system/Fauna,"Document store,Graph DBMS,Relational DBMS,Time Series DBMS","Fauna, Inc.",,2014.0,,commercial,,yes,2014,,N,Y
LiteDB,162.0,169.0,148.0,Document,1.88,+0.29,+0.52,https://db-engines.com/en/system/LiteDB,,Mauricio David,,2014.0,,Open Source,MIT License,no,2014,,Y,N
Dgraph,163.0,164.0,143.0,Graph,1.87,+0.22,+0.33,https://db-engines.com/en/system/Dgraph,,"Dgraph Labs, Inc.",,2016.0,,Open Source,Apache 2.0,no,2016,,Y,N
Datameer,164.0,167.0,156.0,Document,1.87,+0.27,+0.60,https://db-engines.com/en/system/Datameer,,,,2009.0,,commercial,,no,2009,,N,N
Matisse,165.0,162.0,201.0,Object oriented,1.84,+0.14,+1.08,https://db-engines.com/en/system/Matisse,,Matisse Software Inc.,,1986.0,,commercial,free developer license available,no,1986,,N,N
Oracle Rdb,166.0,165.0,162.0,Relational,1.84,+0.19,+0.66,https://db-engines.com/en/system/Oracle+Rdb,,"Oracle, originally developed by Digital Equipment Corporation (DEC)",,1984.0,"7.4.1.1, 2021",commercial,,no,1984,2021,N,N
ObjectBox,167.0,163.0,177.0,"Object oriented, Multi-model",1.82,+0.16,+0.85,https://db-engines.com/en/system/ObjectBox,"Object oriented DBMS,Time Series DBMS",ObjectBox Limited,,2017.0,,Open Source,Apache License 2.0,no,2017,,Y,N
Pinecone,168.0,177.0,,Search engine,1.82,+0.35,,https://db-engines.com/en/system/Pinecone,,"Pinecone Systems, Inc",,2019.0,,commercial,,yes,2019,,N,Y
DataEase,169.0,170.0,168.0,Relational,1.77,+0.22,+0.65,https://db-engines.com/en/system/DataEase,,,,1981.0,,commercial,,no,1981,,N,N
MatrixOne,170.0,173.0,188.0,Relational,1.76,+0.25,+0.87,https://db-engines.com/en/system/MatrixOne,,,,2021.0,,Open Source,Apache Version 2.0,no,2021,,Y,N
Altibase,171.0,174.0,180.0,Relational,1.76,+0.25,+0.81,https://db-engines.com/en/system/Altibase,,Altibase,,1999.0,"v7.1.0.5.3, March 2021",commercial,Open source edition discontinued with March 2023,no,1999,2021,N,N
Apache Kylin,172.0,166.0,154.0,Relational,1.75,+0.11,+0.47,https://db-engines.com/en/system/Apache+Kylin,,"Apache Software Foundation, originally contributed from eBay Inc",,2015.0,"3.1.0, July 2020",Open Source,Apache Version 2.0,no,2015,2020,Y,N
GT.M,173.0,168.0,152.0,Key-value,1.74,+0.14,+0.40,https://db-engines.com/en/system/GT.M,,,,1986.0,"7.0-000, February 2021",commercial,,no,1986,2021,N,N
GigaSpaces,174.0,178.0,175.0,Multi-model,1.73,+0.27,+0.76,https://db-engines.com/en/system/GigaSpaces,"Document store,Object oriented DBMS,Graph DBMS,Search engine",Gigaspaces Technologies,,2000.0,"15.5, September 2020",Open Source,Apache Version 2; Commercial licenses available,no,2000,2020,Y,N
ZODB,175.0,171.0,187.0,Key-value,1.69,+0.17,+0.80,https://db-engines.com/en/system/ZODB,,,,2009.0,"5.6.0, June 2020",Open Source,,no,2009,2020,Y,N
FoundationDB,176.0,175.0,146.0,Multi-model,1.68,+0.20,+0.24,https://db-engines.com/en/system/FoundationDB,"Document store,Key-value store,Relational DBMS",FoundationDB,,2013.0,"6.2.28, November 2020",Open Source,Apache 2.0,no,2013,2020,Y,N
Giraph,177.0,183.0,158.0,Graph,1.65,+0.27,+0.42,https://db-engines.com/en/system/Giraph,,,,2013.0,"1.3.0, June 2020",Open Source,Apache Version 2,no,2013,2020,Y,N
EventStoreDB,178.0,181.0,181.0,Event,1.63,+0.24,+0.72,https://db-engines.com/en/system/EventStoreDB,,Event Store Limited,,2012.0,"21.2, February 2021",Open Source,,no,2012,2021,Y,N
Apache HAWQ,179.0,172.0,172.0,Relational,1.62,+0.11,+0.57,https://db-engines.com/en/system/Apache+HAWQ,,Pivotal Software; Apache,,2012.0,,Open Source,,no,2012,,Y,N
mSQL,180.0,176.0,136.0,Relational,1.58,+0.12,-0.14,https://db-engines.com/en/system/mSQL,,Hughes Technologies,,1994.0,"4.4, October 2021",commercial,free licenses can be provided,no,1994,2021,N,N
NuoDB,181.0,185.0,179.0,Relational,1.58,+0.23,+0.62,https://db-engines.com/en/system/NuoDB,,"NuoDB, Inc.",NuoDB is a webscale distributed database that supports SQL and ACID transactions,2013.0,,commercial,limited edition free,no,2013,,N,N
Infobright,182.0,188.0,173.0,Relational,1.56,+0.26,+0.55,https://db-engines.com/en/system/Infobright,,Ignite Technologies Inc.; formerly InfoBright Inc.,High performant column-oriented DBMS for analytic workloads using MySQL or PostgreSQL as a frontend,2005.0,,commercial,The open source (GPLv2) version did not support inserts/updates/deletes and was discontinued with July 2016,no,2005,,N,N
openGauss,183.0,187.0,217.0,"Relational, Multi-model",1.55,+0.23,+0.92,https://db-engines.com/en/system/openGauss,"Relational DBMS,Document store,Spatial DBMS",Huawei and openGauss community,"An enterprise-class,RDBMS,compatible with high-performance, high-availability and high-performance originally developed by Huawei",2019.0,"3.0, March 2022",Open Source,,no,2019,2022,Y,N
Xapian,184.0,184.0,198.0,Search engine,1.52,+0.15,+0.74,https://db-engines.com/en/system/Xapian,,,Open Source search engine library,1986.0,"1.4.22, February 2023",Open Source,GPLv2,no,1986,2023,Y,N
Perst,185.0,196.0,191.0,Object oriented,1.51,+0.28,+0.68,https://db-engines.com/en/system/Perst,,,,2003.0,,Open Source,commercial license available,no,2003,,Y,N
Model 204,186.0,180.0,167.0,Multivalue,1.49,+0.08,+0.35,https://db-engines.com/en/system/Model+204,,,,1972.0,,commercial,,no,1972,,N,N
SQL.JS,187.0,206.0,170.0,Relational,1.48,+0.37,+0.40,https://db-engines.com/en/system/SQL.JS,,Alon Zakai,"Port of,SQLite,to JavaScript",2012.0,,Open Source,,no,2012,,Y,N
AllegroGraph,188.0,191.0,166.0,Multi-model,1.48,+0.20,+0.34,https://db-engines.com/en/system/AllegroGraph,"Document store,Graph DBMS,RDF store,Spatial DBMS",Franz Inc.,"High performance, persistent RDF store with additional support for Graph DBMS",2004.0,"7.2.0, October 2021",commercial,Limited community edition free,no,2004,2021,N,N
NCache,189.0,186.0,196.0,"Key-value, Multi-model",1.47,+0.14,+0.68,https://db-engines.com/en/system/NCache,"Key-value store,Document store,Search engine",Alachisoft,"Open-Source and Enterprise in-memory,Key-Value Store",2005.0,"5.3, September 2022",Open Source,Enterprise Edition available,no,2005,2022,Y,N
Sedna,190.0,190.0,164.0,Native XML,1.46,+0.17,+0.29,https://db-engines.com/en/system/Sedna,,,,2006.0,,Open Source,Apache Version 2,no,2006,,Y,N
Dolt,191.0,207.0,218.0,"Relational, Multi-model",1.44,+0.33,+0.82,https://db-engines.com/en/system/Dolt,"Relational DBMS,Document store",DoltHub Inc,"A,MySQL,compatible,DBMS,with Git-like versioning of data and schema",2018.0,,Open Source,Apache Version 2.0,no,2018,,Y,N
Hibari,192.0,202.0,248.0,Key-value,1.43,+0.29,+0.97,https://db-engines.com/en/system/Hibari,,,,2005.0,,Open Source,Apache Version 2,no,2005,,Y,N
Northgate Reality,193.0,193.0,220.0,Multivalue,1.4,+0.12,+0.80,https://db-engines.com/en/system/Northgate+Reality,,,,1973.0,,commercial,,no,1973,,N,N
DBISAM,194.0,201.0,213.0,Relational,1.4,+0.24,+0.75,https://db-engines.com/en/system/DBISAM,,"Elevate Software, Inc.",RDBMS mainly geared to Delphi and C++Builder application developers,1998.0,,commercial,,no,1998,,N,N
TypeDB,195.0,194.0,210.0,Multi-model,1.4,+0.15,+0.73,https://db-engines.com/en/system/TypeDB,"Graph DBMS,Relational DBMS",Vaticle (formerly Grakn Labs),TypeDB is a strongly-typed database with a rich and logical type system and TypeQL as its query language,2016.0,"2.16.1, March 2023",Open Source,"GPL Version 3, commercial licenses available",no,2016,2023,Y,N
HPE Ezmeral Data Fabric,196.0,197.0,189.0,Multi-model,1.4,+0.18,+0.53,https://db-engines.com/en/system/HPE+Ezmeral+Data+Fabric,"Document store,Wide column store","HPE, MapR Technologies, Inc","A unified data platform to ingest, store, manage, process, apply, and analyze all data types from any data source, and a variety of different ingestion mechanisms at an exabyte scale",2009.0,,commercial,,no,2009,,N,N
solidDB,197.0,198.0,202.0,Relational,1.38,+0.22,+0.62,https://db-engines.com/en/system/solidDB,,"Unicom Systems, Inc; IBM",,1992.0,,commercial,,no,1992,,N,N
IDMS,198.0,182.0,186.0,Navigational,1.38,-0.01,+0.47,https://db-engines.com/en/system/IDMS,,,,1973.0,18.5,commercial,,no,1973,,N,N
RDF4J,199.0,195.0,204.0,RDF,1.37,+0.13,+0.64,https://db-engines.com/en/system/RDF4J,,"Since 2016 officially forked into an Eclipse project, former developer was Aduna Software.","RDF4J is a Java framework for processing RDF data, supporting both memory-based and a disk-based storage.",2004.0,,Open Source,"Eclipse Distribution License (EDL), v1.0.",no,2004,,Y,N
PlanetScale,200.0,208.0,,"Relational, Multi-model",1.36,+0.26,,https://db-engines.com/en/system/PlanetScale,"Relational DBMS,Document store,Spatial DBMS",PlanetScale,"Scalable, distributed, serverless,MySQL,database platform built on top of,Vitess",2020.0,,commercial,,yes,2020,,N,Y
1010data,201.0,203.0,163.0,Relational,1.35,+0.22,+0.18,https://db-engines.com/en/system/1010data,,,,2000.0,,commercial,,no,2000,,N,N
HFSQL,202.0,189.0,149.0,Relational,1.34,+0.04,-0.02,https://db-engines.com/en/system/HFSQL,,PC Soft,"RDBMS included in the development environments WINDEV, WINDEV Mobile and WEBDEV",,,commercial,,no,,,N,N
GBase,203.0,179.0,165.0,Relational,1.3,-0.13,+0.14,https://db-engines.com/en/system/GBase,,,An analytical database for business intelligence with large customers in China.,,,commercial,,no,,,N,N
D3,204.0,199.0,155.0,Multivalue,1.3,+0.14,+0.04,https://db-engines.com/en/system/D3,,,,1999.0,,commercial,,no,1999,,N,N
TDSQL for MySQL,205.0,209.0,239.0,"Relational, Multi-model",1.29,+0.20,+0.77,https://db-engines.com/en/system/TDSQL+for+MySQL,"Relational DBMS,Document store,Spatial DBMS",Tencent,"A high-performance distributed database management system with features such as automatic sharding, intelligent operation and maintenance, elastic scalability without downtime, and enterprise-grade security. It is highly compatible with MySQL.",2013.0,,commercial,,yes,2013,,N,Y
Actian Vector,206.0,212.0,195.0,Relational,1.28,+0.23,+0.48,https://db-engines.com/en/system/Actian+Vector,,,,,,commercial,,no,,,N,N
Amazon Timestream,207.0,211.0,176.0,Time Series,1.27,+0.23,+0.30,https://db-engines.com/en/system/Amazon+Timestream,,,"Fast, scalable, fully managed time series database service for IoT and operational applications",2018.0,,commercial,,yes,2018,,N,Y
WebSphere eXtreme Scale,208.0,210.0,224.0,Key-value,1.27,+0.21,+0.69,https://db-engines.com/en/system/WebSphere+eXtreme+Scale,,,An elastic highly scalable in-memory data grid,2009.0,,commercial,,no,2009,,N,N
Meilisearch,209.0,192.0,222.0,Search engine,1.26,-0.02,+0.67,https://db-engines.com/en/system/Meilisearch,,,"A powerful, fast, open-source and highly customizable,Search Engine",2020.0,,Open Source,MIT License,no,2020,,Y,N
OpenBase,210.0,218.0,205.0,Relational,1.23,+0.23,+0.50,https://db-engines.com/en/system/OpenBase,,,,1991.0,,commercial,,no,1991,,N,N
GeoMesa,211.0,213.0,199.0,Spatial DBMS,1.22,+0.20,+0.45,https://db-engines.com/en/system/GeoMesa,,CCRi and others,GeoMesa is a distributed spatio-temporal DBMS based on various systems as storage layer.,2014.0,,Open Source,Apache License 2.0,no,2014,,Y,N
VictoriaMetrics,212.0,205.0,223.0,Time Series,1.21,+0.10,+0.63,https://db-engines.com/en/system/VictoriaMetrics,,VictoriaMetrics,"A fast, cost-effective and scalable,Time Series DBMS,and monitoring solution",2018.0,,Open Source,Apache Version 2.0,no,2018,,Y,N
Kognitio,213.0,220.0,194.0,Relational,1.19,+0.21,+0.39,https://db-engines.com/en/system/Kognitio,,,,1992.0,,commercial,,no,1992,,N,N
M3DB,214.0,217.0,263.0,Time Series,1.18,+0.19,+0.83,https://db-engines.com/en/system/M3DB,,,A distributed time series database created for Uber,,,Open Source,Apache version 2,no,,,Y,N
SciDB,215.0,221.0,216.0,Multivalue,1.16,+0.21,+0.52,https://db-engines.com/en/system/SciDB,,Paradigm4,DBMS built upon a multi-dimensional array data model,2008.0,,Open Source,,no,2008,,Y,N
Blazegraph,216.0,200.0,185.0,Multi-model,1.15,-0.01,+0.25,https://db-engines.com/en/system/Blazegraph,"Graph DBMS,RDF store",Blazegraph,"High-performance graph database supporting Semantic Web (RDF/SPARQL) and Graph Database (tinkerpop3, blueprints, vertex-centric) APIs with scale-out and High Availability.",2006.0,,Open Source,extended commercial license available,no,2006,,Y,N
eXist-db,217.0,222.0,182.0,Native XML,1.14,+0.19,+0.23,https://db-engines.com/en/system/eXist-db,,,,2000.0,,Open Source,L-GPL,no,2000,,Y,N
BigchainDB,218.0,204.0,200.0,Document,1.13,+0.00,+0.36,https://db-engines.com/en/system/BigchainDB,,,"BigchainDB is scalable blockchain database offering decentralization, immutability and native assets",2016.0,,Open Source,AGPL v3,no,2016,,Y,N
Vitess,219.0,216.0,,"Relational, Multi-model",1.12,+0.11,,https://db-engines.com/en/system/Vitess,"Relational DBMS,Document store,Spatial DBMS","The Linux Foundation, PlanetScale","Scalable, distributed, cloud-native DBMS, extending,MySQL",2013.0,,Open Source,"Apache Version 2.0, commercial licenses available",no,2013,,Y,N
FrontBase,220.0,215.0,190.0,Relational,1.1,+0.08,+0.26,https://db-engines.com/en/system/FrontBase,,,,1993.0,,commercial,free licenses,no,1993,,N,N
NexusDB,221.0,225.0,227.0,Relational,1.1,+0.20,+0.52,https://db-engines.com/en/system/NexusDB,,,,2003.0,"4.50.26, February 2021",commercial,,no,2003,2021,N,N
ObjectDB,222.0,226.0,225.0,Object oriented,1.09,+0.21,+0.51,https://db-engines.com/en/system/ObjectDB,,,,2010.0,"2.8.8, October 2022",commercial,,no,2010,2022,N,N
Milvus,223.0,240.0,259.0,Search engine,1.06,+0.31,+0.69,https://db-engines.com/en/system/Milvus,,,,2019.0,"2.2, November 2022",Open Source,Apache Version 2.0,no,2019,2022,Y,N
Yellowbrick,224.0,214.0,207.0,Relational,1.05,+0.03,+0.35,https://db-engines.com/en/system/Yellowbrick,,,,,,commercial,,no,,,N,N
KairosDB,225.0,230.0,214.0,Time Series,1.05,+0.20,+0.41,https://db-engines.com/en/system/KairosDB,,,,2013.0,"1.2.2, November 2018",Open Source,Apache 2.0,no,2013,2018,Y,N
Rockset,226.0,233.0,233.0,"Document, Multi-model",1.05,+0.21,+0.51,https://db-engines.com/en/system/Rockset,"Document store,Relational DBMS,Search engine",,,2019.0,,commercial,,yes,2019,,N,Y
MapDB,227.0,223.0,234.0,Key-value,1.05,+0.11,+0.51,https://db-engines.com/en/system/MapDB,,,,2002.0,,Open Source,Apache Version 2,no,2002,,Y,N
OpenInsight,228.0,231.0,245.0,Multivalue,1.02,+0.18,+0.55,https://db-engines.com/en/system/OpenInsight,,,,1992.0,"10.0.1, April 2018",commercial,,no,1992,2018,N,N
Graph Engine,229.0,229.0,184.0,Multi-model,1.02,+0.15,+0.11,https://db-engines.com/en/system/Graph+Engine,"Graph DBMS,Key-value store",,,2010.0,,Open Source,MIT License,no,2010,,Y,N
CrateDB,230.0,224.0,178.0,Multi-model,1.01,+0.08,+0.04,https://db-engines.com/en/system/CrateDB,"Document store,Time Series DBMS,Relational DBMS,Search engine",,,2013.0,,Open Source,,no,2013,,Y,N
ScaleArc,231.0,235.0,235.0,Relational,0.99,+0.19,+0.47,https://db-engines.com/en/system/ScaleArc,,,,2009.0,,commercial,limited edition free,no,2009,,N,N
BoltDB,232.0,228.0,232.0,Key-value,0.99,+0.13,+0.44,https://db-engines.com/en/system/BoltDB,,,,2013.0,,Open Source,MIT License,no,2013,,Y,N
R:BASE,233.0,232.0,208.0,Relational,0.99,+0.15,+0.31,https://db-engines.com/en/system/R%3ABASE,,,,1981.0,,commercial,,no,1981,,N,N
StarRocks,234.0,237.0,,Relational,0.98,+0.19,,https://db-engines.com/en/system/StarRocks,,,,2020.0,"2.5.3, March 2023",Open Source,Apache Version 2.0,no,2020,2023,Y,N
SQream DB,235.0,234.0,221.0,Relational,0.97,+0.16,+0.38,https://db-engines.com/en/system/SQream+DB,,,,2017.0,"2022.1.6, December 2022",commercial,,no,2017,2022,N,N
Amazon Keyspaces,236.0,242.0,231.0,Wide column,0.97,+0.23,+0.42,https://db-engines.com/en/system/Amazon+Keyspaces,,,,2019.0,,commercial,,yes,2019,,N,Y
atoti,237.0,238.0,265.0,Object oriented,0.95,+0.16,+0.60,https://db-engines.com/en/system/atoti,,,,,,commercial,free versions available,no,,,N,N
Splice Machine,238.0,219.0,193.0,Relational,0.93,-0.05,+0.13,https://db-engines.com/en/system/Splice+Machine,,,,2014.0,"3.1, March 2021",Open Source,"AGPL 3.0, commercial license available",no,2014,2021,Y,N
Scalaris,239.0,236.0,254.0,Key-value,0.93,+0.12,+0.51,https://db-engines.com/en/system/Scalaris,,,,2010.0,,Open Source,Apache Version 2,no,2010,,Y,N
Strabon,240.0,249.0,301.0,RDF,0.92,+0.24,+0.78,https://db-engines.com/en/system/Strabon,,,,2011.0,,Open Source,Mozilla public license,no,2011,,Y,N
VistaDB,241.0,245.0,229.0,Relational,0.92,+0.19,+0.34,https://db-engines.com/en/system/VistaDB,,,,2008.0,,commercial,,no,2008,,N,N
Postgres-XL,242.0,244.0,206.0,"Relational, Multi-model",0.91,+0.17,+0.21,https://db-engines.com/en/system/Postgres-XL,"Relational DBMS,Document store,Spatial DBMS",,,2014.0,,Open Source,Mozilla public license,no,2014,,Y,N
eXtremeDB,243.0,243.0,209.0,Multi-model,0.9,+0.17,+0.22,https://db-engines.com/en/system/eXtremeDB,"Relational DBMS,Time Series DBMS",,,2001.0,,commercial,,no,2001,,N,N
Datacom/DB,244.0,227.0,197.0,Relational,0.89,+0.02,+0.11,https://db-engines.com/en/system/Datacom%2FDB,,,,1972.0,,commercial,,no,1972,,N,N
4store,245.0,256.0,236.0,RDF,0.88,+0.22,+0.36,https://db-engines.com/en/system/4store,,,,2009.0,,Open Source,GPLv3,no,2009,,Y,N
Weaviate,246.0,274.0,295.0,Search engine,0.86,+0.33,+0.69,https://db-engines.com/en/system/Weaviate,,,,2019.0,,Open Source,commercial license available with Weaviate Enterprise,no,2019,,Y,N
Starcounter,247.0,247.0,247.0,Object oriented,0.85,+0.16,+0.39,https://db-engines.com/en/system/Starcounter,,,,2006.0,,commercial,,no,2006,,N,N
AlaSQL,248.0,259.0,230.0,Multi-model,0.85,+0.21,+0.30,https://db-engines.com/en/system/AlaSQL,"Document store,Relational DBMS",,,2014.0,,Open Source,MIT-License,no,2014,,Y,N
ModeShape,249.0,257.0,264.0,Content,0.85,+0.19,+0.50,https://db-engines.com/en/system/ModeShape,,,,2010.0,,Open Source,Apache Version 2,no,2010,,Y,N
KeyDB,250.0,252.0,270.0,Key-value,0.85,+0.18,+0.53,https://db-engines.com/en/system/KeyDB,,,,2019.0,,Open Source,BSD-3,no,2019,,Y,N
SearchBlox,251.0,246.0,272.0,Search engine,0.85,+0.15,+0.55,https://db-engines.com/en/system/SearchBlox,,,,2003.0,,commercial,,no,2003,,N,N
LokiJS,252.0,254.0,228.0,Document,0.85,+0.18,+0.27,https://db-engines.com/en/system/LokiJS,,,,2014.0,,Open Source,,no,2014,,Y,N
Kinetica,253.0,248.0,212.0,"Relational, Multi-model",0.84,+0.15,+0.18,https://db-engines.com/en/system/Kinetica,"Relational DBMS,Spatial DBMS,Time Series DBMS",,,2012.0,,commercial,,no,2012,,N,N
ITTIA,254.0,265.0,317.0,"Time Series, Multi-model",0.84,+0.28,+0.75,https://db-engines.com/en/system/ITTIA,"Time Series DBMS,Relational DBMS",,,2007.0,,commercial,,no,2007,,N,N
SurrealDB,255.0,266.0,,Multi-model,0.81,+0.26,,https://db-engines.com/en/system/SurrealDB,"Document store,Graph DBMS",,,2022.0,,Open Source,,no,2022,,Y,N
Lovefield,256.0,268.0,283.0,Relational,0.8,+0.25,+0.56,https://db-engines.com/en/system/Lovefield,,,,2014.0,,Open Source,Apache 2.0,no,2014,,Y,N
Objectivity/DB,257.0,239.0,203.0,Object oriented,0.79,+0.04,+0.03,https://db-engines.com/en/system/Objectivity%2FDB,,,,1990.0,,commercial,,no,1990,,N,N
Apache IoTDB,258.0,241.0,253.0,Time Series,0.79,+0.04,+0.37,https://db-engines.com/en/system/Apache+IoTDB,,,,2018.0,,Open Source,Apache Version 2.0,no,2018,,Y,N
InfiniteGraph,259.0,262.0,257.0,Graph,0.77,+0.16,+0.36,https://db-engines.com/en/system/InfiniteGraph,,,,2010.0,,commercial,,no,2010,,N,N
Redland,260.0,253.0,251.0,RDF,0.77,+0.09,+0.33,https://db-engines.com/en/system/Redland,,,,2000.0,,Open Source,"Multi License (LGPL, GPLv2, Apache V2)",no,2000,,Y,N
Trafodion,261.0,263.0,252.0,Relational,0.76,+0.16,+0.33,https://db-engines.com/en/system/Trafodion,,,Transactional SQL-on-Hadoop DBMS,2014.0,,Open Source,Apache 2.0,no,2014,,Y,N
Rasdaman,262.0,261.0,249.0,Multivalue,0.75,+0.14,+0.30,https://db-engines.com/en/system/Rasdaman,,,Extends standard RDBMS with efficient handling of multi-dimensional arrays,1998.0,,Open Source,extended commercial license available,no,1998,,Y,N
Kingbase,263.0,267.0,260.0,"Relational, Multi-model",0.73,+0.18,+0.36,https://db-engines.com/en/system/Kingbase,"Relational DBMS,Document store,Spatial DBMS",,"An enterprise-class,RDBMS,compatible with PostgreSQL and Oracle and widely used in China.",1999.0,,commercial,,no,1999,,N,N
Apache Doris,264.0,255.0,279.0,Relational,0.73,+0.07,+0.48,https://db-engines.com/en/system/Apache+Doris,,,"An MPP-based analytics DBMS embracing the,MySQL,protocol",2017.0,,Open Source,Apache Version 2.0,no,2017,,Y,N
Sequoiadb,265.0,272.0,256.0,Multi-model,0.73,+0.19,+0.31,https://db-engines.com/en/system/Sequoiadb,"Document store,Relational DBMS",,NewSQL database with distributed OLTP and SQL,2013.0,,Open Source,Server: AGPL; Client: Apache V2,no,2013,,Y,N
Typesense,266.0,275.0,,Search engine,0.73,+0.20,,https://db-engines.com/en/system/Typesense,,,"A typo-tolerant, in-memory search engine optimized for instant search-as-you-type experiences and developer productivity",2015.0,,Open Source,GPL V3,no,2015,,Y,N
Transbase,267.0,264.0,325.0,Relational,0.73,+0.15,+0.65,https://db-engines.com/en/system/Transbase,,,"A resource-optimized, high-performance, universally applicable RDBMS",1987.0,,commercial,free development license,no,1987,,N,N
Raima Database Manager,268.0,260.0,241.0,Multi-model,0.72,+0.09,+0.22,https://db-engines.com/en/system/Raima+Database+Manager,"Relational DBMS,Time Series DBMS",,"RDBMS with a small footprint, either embedded into an application or used as a database server",1984.0,,commercial,,no,1984,,N,N
Databend,269.0,,,Relational,0.7,,,https://db-engines.com/en/system/Databend,,,"An open-source, elastic, and workload-aware cloud data warehouse designed to meet businesses' massive-scale analytics needs at low cost and with low complexity",2021.0,,Open Source,Apache Version 2.0,no,2021,,Y,N
Apache Pinot,270.0,251.0,271.0,Relational,0.7,+0.02,+0.39,https://db-engines.com/en/system/Apache+Pinot,,,"Realtime distributed OLAP datastore, designed to answer OLAP queries with low latency",2015.0,,Open Source,Apache Version 2.0,no,2015,,Y,N
OpenQM,271.0,258.0,284.0,Multivalue,0.68,+0.03,+0.45,https://db-engines.com/en/system/OpenQM,,,"QpenQM is a high-performance, self-tuning, multi-value DBMS",1993.0,,Open Source,"GPLv2, extended commercial license available",no,1993,,Y,N
GemStone/S,272.0,271.0,192.0,Object oriented,0.68,+0.14,-0.14,https://db-engines.com/en/system/GemStone%2FS,,,,1986.0,,commercial,,no,1986,,N,N
Jade,273.0,277.0,226.0,Object oriented,0.67,+0.16,+0.09,https://db-engines.com/en/system/Jade,,,,1996.0,,commercial,,no,1996,,N,N
Percona Server for MongoDB,274.0,279.0,215.0,Document,0.67,+0.17,+0.02,https://db-engines.com/en/system/Percona+Server+for+MongoDB,,,A drop-in replacement for MongoDB Community Edition with enterprise-grade features.,2015.0,,Open Source,GPL Version 2,no,2015,,Y,N
Project Voldemort,275.0,278.0,255.0,Key-value,0.67,+0.16,+0.25,https://db-engines.com/en/system/Project+Voldemort,,,,2009.0,,Open Source,Apache version 2,no,2009,,Y,N
Elassandra,276.0,269.0,262.0,"Wide column, Multi-model",0.66,+0.12,+0.30,https://db-engines.com/en/system/Elassandra,"Wide column store,Search engine",,"Open source database and search engine for multi-cloud applications based on,Cassandra,and,Elasticsearch",,,Open Source,Apache Version 2.0,no,,,Y,N
Alibaba Cloud MaxCompute,277.0,270.0,211.0,Relational,0.66,+0.12,+0.00,https://db-engines.com/en/system/Alibaba+Cloud+MaxCompute,,,"MaxCompute (previously known as ODPS) is a general purpose, fully managed, multi-tenancy data processing platform for large-scale data warehousing",2016.0,,commercial,,yes,2016,,N,Y
HyperGraphDB,278.0,292.0,296.0,Graph,0.65,+0.23,+0.48,https://db-engines.com/en/system/HyperGraphDB,,,,2007.0,,Open Source,L-GPL,no,2007,,Y,N
EJDB,279.0,282.0,314.0,Document,0.65,+0.16,+0.55,https://db-engines.com/en/system/EJDB,,,Embeddable document-store database library with JSON representation of queries (in MongoDB style),2012.0,,Open Source,GPLv2,no,2012,,Y,N
Actian FastObjects,280.0,250.0,287.0,Object oriented,0.64,-0.03,+0.43,https://db-engines.com/en/system/Actian+FastObjects,,,,,,commercial,,no,,,N,N
Tajo,281.0,276.0,244.0,Relational,0.64,+0.12,+0.16,https://db-engines.com/en/system/Tajo,,Apache Software Foundation,,,,Open Source,Apache Version 2,no,,,Y,N
Alibaba Cloud AnalyticDB for MySQL,282.0,288.0,219.0,"Relational, Multi-model",0.64,+0.17,+0.03,https://db-engines.com/en/system/Alibaba+Cloud+AnalyticDB+for+MySQL,"Relational DBMS,Document store",Alibaba,,,,commercial,,yes,,,N,Y
Heroic,283.0,273.0,285.0,Time Series,0.64,+0.10,+0.41,https://db-engines.com/en/system/Heroic,,Spotify,,,,Open Source,Apache 2.0,no,,,Y,N
HarperDB,284.0,284.0,238.0,Document,0.64,+0.16,+0.11,https://db-engines.com/en/system/HarperDB,,HarperDB,,,,commercial,free community edition available,no,,,N,N
Kyligence Enterprise,285.0,293.0,282.0,Relational,0.62,+0.20,+0.38,https://db-engines.com/en/system/Kyligence+Enterprise,,"Kyligence, Inc.",,,,commercial,,no,,,N,N
Tokyo Tyrant,286.0,283.0,243.0,Key-value,0.6,+0.11,+0.12,https://db-engines.com/en/system/Tokyo+Tyrant,,,,,,Open Source,GPL,no,,,Y,N
FlockDB,287.0,299.0,276.0,Graph,0.59,+0.23,+0.33,https://db-engines.com/en/system/FlockDB,,Twitter,,,,Open Source,Apache Version 2,no,,,Y,N
Fluree,288.0,297.0,303.0,Graph,0.59,+0.22,+0.45,https://db-engines.com/en/system/Fluree,,"Fluree, PBC",,,,Open Source,open-sourced in October 2020,no,,,Y,N
Brytlyt,289.0,280.0,269.0,Relational,0.58,+0.09,+0.26,https://db-engines.com/en/system/Brytlyt,,Brytlyt,,,,commercial,,no,,,N,N
Mulgara,290.0,289.0,316.0,RDF,0.58,+0.13,+0.49,https://db-engines.com/en/system/Mulgara,,,,,,Open Source,Apache Version 2,no,,,Y,N
Comdb2,291.0,281.0,274.0,Relational,0.58,+0.09,+0.32,https://db-engines.com/en/system/Comdb2,,Bloomberg Finance L.P.,,,,Open Source,Apache 2.0,no,,,Y,N
CubicWeb,292.0,300.0,293.0,RDF,0.57,+0.23,+0.40,https://db-engines.com/en/system/CubicWeb,,,,,,Open Source,L-GPL,no,,,Y,N
Mimer SQL,293.0,285.0,278.0,Relational,0.56,+0.09,+0.31,https://db-engines.com/en/system/Mimer+SQL,,,,,,commercial,,no,,,N,N
PipelineDB,294.0,301.0,273.0,Relational,0.55,+0.21,+0.28,https://db-engines.com/en/system/PipelineDB,,,,,,Open Source,"BSD, GPL V3",no,,,Y,N
Axibase,295.0,286.0,280.0,Time Series,0.54,+0.07,+0.29,https://db-engines.com/en/system/Axibase,,Axibase Corporation,,,,commercial,"Community Edition (single node) is free, Enterprise Edition (distributed) is paid",no,,,N,N
RedStore,296.0,316.0,313.0,RDF,0.53,+0.24,+0.42,https://db-engines.com/en/system/RedStore,,,,,,Open Source,GPLv3,no,,,Y,N
HugeGraph,297.0,294.0,286.0,Graph,0.51,+0.12,+0.29,https://db-engines.com/en/system/HugeGraph,,Baidu,,,,Open Source,Apache Version 2.0,no,,,Y,N
GraphBase,298.0,291.0,324.0,Graph,0.5,+0.08,+0.43,https://db-engines.com/en/system/GraphBase,,,,,,commercial,,no,,,N,N
FeatureBase,299.0,290.0,,Relational,0.5,+0.05,,https://db-engines.com/en/system/FeatureBase,,Molecula and Pilosa Open Source Contributors,,,,commercial,,no,,,N,N
TransLattice,300.0,309.0,275.0,Relational,0.49,+0.19,+0.24,https://db-engines.com/en/system/TransLattice,,,,,,commercial,,no,,,N,N
NEventStore,301.0,330.0,294.0,Event,0.49,+0.25,+0.32,https://db-engines.com/en/system/NEventStore,,,,2011.0,,Open Source,MIT-License,no,2011,,Y,N
YDB,302.0,287.0,240.0,Multi-model,0.49,+0.02,-0.02,https://db-engines.com/en/system/YDB,"Document store,Relational DBMS",,,2019.0,,Open Source,Apache 2.0; commercial license available,no,2019,,Y,N
Alibaba Cloud AnalyticDB for PostgreSQL,303.0,298.0,250.0,Relational,0.48,+0.12,+0.03,https://db-engines.com/en/system/Alibaba+Cloud+AnalyticDB+for+PostgreSQL,,,,2016.0,,commercial,,yes,2016,,N,Y
AnzoGraph DB,304.0,317.0,297.0,Multi-model,0.48,+0.20,+0.32,https://db-engines.com/en/system/AnzoGraph+DB,"Graph DBMS,RDF store",,,2018.0,,commercial,free trial version available,no,2018,,N,N
Qdrant,305.0,314.0,354.0,Search engine,0.48,+0.19,+0.48,https://db-engines.com/en/system/Qdrant,,,,2021.0,,Open Source,Apache Version 2.0,no,2021,,Y,N
ElevateDB,306.0,305.0,298.0,Relational,0.48,+0.15,+0.32,https://db-engines.com/en/system/ElevateDB,,,,2006.0,,commercial,,no,2006,,N,N
Elliptics,307.0,321.0,354.0,Key-value,0.47,+0.20,+0.47,https://db-engines.com/en/system/Elliptics,,,,2009.0,,Open Source,,no,2009,,Y,N
Marqo,308.0,296.0,,Search engine,0.46,+0.09,,https://db-engines.com/en/system/Marqo,,,,2022.0,,Open Source,Apache Version 2.0,no,2022,,Y,N
Speedb,309.0,302.0,,Key-value,0.46,+0.12,,https://db-engines.com/en/system/Speedb,,,,2020.0,,Open Source,Apache Version 2.0; commercial license available,no,2020,,Y,N
Alibaba Cloud Log Service,310.0,310.0,246.0,Search engine,0.45,+0.14,-0.02,https://db-engines.com/en/system/Alibaba+Cloud+Log+Service,,,,2016.0,,commercial,,yes,2016,,N,Y
Dydra,311.0,319.0,346.0,RDF,0.44,+0.17,+0.43,https://db-engines.com/en/system/Dydra,,,,2010.0,,commercial,,no,2010,,N,N
Alibaba Cloud ApsaraDB for PolarDB,312.0,306.0,237.0,Relational,0.44,+0.12,-0.08,https://db-engines.com/en/system/Alibaba+Cloud+ApsaraDB+for+PolarDB,,,,,,commercial,,yes,,,N,Y
Riak TS,313.0,318.0,281.0,Time Series,0.44,+0.16,+0.19,https://db-engines.com/en/system/Riak+TS,,,,2015.0,,Open Source,,no,2015,,Y,N
RDFox,314.0,326.0,327.0,Multi-model,0.43,+0.19,+0.37,https://db-engines.com/en/system/RDFox,"Graph DBMS,RDF store,Relational DBMS",,,2017.0,,commercial,,no,2017,,N,N
STSdb,315.0,324.0,345.0,Key-value,0.43,+0.18,+0.42,https://db-engines.com/en/system/STSdb,,,,2011.0,,Open Source,"GPLv2, commercial license available",no,2011,,Y,N
GeoSpock,316.0,315.0,299.0,"Relational, Multi-model",0.42,+0.14,+0.26,https://db-engines.com/en/system/GeoSpock,"Relational DBMS,Time Series DBMS",,,,,commercial,,yes,,,N,Y
LeanXcale,317.0,320.0,292.0,Multi-model,0.42,+0.15,+0.25,https://db-engines.com/en/system/LeanXcale,"Key-value store,Relational DBMS",,,2015.0,,commercial,,no,2015,,N,N
CnosDB,318.0,312.0,,Time Series,0.41,+0.12,,https://db-engines.com/en/system/CnosDB,,,,2022.0,,Open Source,AGPL 3.0,no,2022,,Y,N
Exorbyte,319.0,343.0,354.0,Search engine,0.41,+0.21,+0.41,https://db-engines.com/en/system/Exorbyte,,,,2000.0,,commercial,,no,2000,,N,N
Machbase,320.0,313.0,348.0,Time Series,0.4,+0.11,+0.39,https://db-engines.com/en/system/Machbase,,,,2013.0,,commercial,free test version available,no,2013,,N,N
TinkerGraph,321.0,295.0,289.0,Graph,0.4,+0.01,+0.21,https://db-engines.com/en/system/TinkerGraph,,,"A lightweight, in-memory graph engine that serves as a reference implementation of the TinkerPop3 API",2009.0,,Open Source,Apache 2.0,no,2009,,Y,N
Cloudflare Workers KV,322.0,304.0,305.0,Key-value,0.4,+0.06,+0.27,https://db-engines.com/en/system/Cloudflare+Workers+KV,,Cloudflare,"A global, low-latency,,key-value store,for applications on Cloudflare with exceptionally high read volumes and low-latency.",2018.0,,commercial,,yes,2018,,N,Y
Actian PSQL,323.0,307.0,315.0,Relational,0.38,+0.07,+0.28,https://db-engines.com/en/system/Actian+PSQL,,,RDBMS used for embedded databases,1982.0,"v15 SP2 (15.20), August 2021",commercial,,no,1982,2021,N,N
Valentina Server,324.0,308.0,290.0,Relational,0.38,+0.07,+0.20,https://db-engines.com/en/system/Valentina+Server,,Paradigma Software,Object-relational database and reports server,1999.0,5.7.5,commercial,,no,1999,,N,N
Bangdb,325.0,334.0,332.0,Multi-model,0.38,+0.15,+0.34,https://db-engines.com/en/system/Bangdb,"Document store,Graph DBMS,Time Series DBMS,Spatial DBMS","Sachin Sinha, BangDB","Converged and high performance database for device data, events, time series, document and graph",2012.0,"BangDB 2.0, October 2021",Open Source,BSD 3,no,2012,2021,Y,N
Manticore Search,326.0,342.0,326.0,"Search engine, Multi-model",0.37,+0.16,+0.30,https://db-engines.com/en/system/Manticore+Search,"Search engine,Time Series DBMS",Manticore Software,"Multi-storage database for search, including full-text search.",2017.0,"6.0, February 2023",Open Source,GPL version 2,no,2017,2023,Y,N
IRONdb,327.0,327.0,354.0,Time Series,0.37,+0.12,+0.37,https://db-engines.com/en/system/IRONdb,,Circonus LLC.,"A distributed,Time Series DBMS,with a focus on scalability, fault tolerance and operational simplicity",2017.0,"V0.10.20, January 2018",commercial,,no,2017,2018,N,N
XtremeData,328.0,370.0,307.0,Relational,0.37,+0.21,+0.25,https://db-engines.com/en/system/XtremeData,,,,,,commercial,limited edition free,no,,,N,N
Ultipa,329.0,329.0,,Graph,0.37,+0.13,,https://db-engines.com/en/system/Ultipa,,Ultipa,"High performance,Graph DBMS,supporting HTAP high availability cluster deployment",2019.0,,commercial,,no,2019,,N,N
BrightstarDB,330.0,333.0,349.0,RDF,0.37,+0.14,+0.36,https://db-engines.com/en/system/BrightstarDB,,,,2012.0,,Open Source,,no,2012,,Y,N
Immudb,331.0,349.0,321.0,"Key-value, Multi-model",0.36,+0.16,+0.29,https://db-engines.com/en/system/Immudb,"Key-value store,Relational DBMS",Codenotary,An open source immutable (append-only) database with cryptographic verification which makes it tamper-resistant and fully auditable.,2020.0,"1.2.3, April 2022",Open Source,Apache Version 2.0,no,2020,2022,Y,N
ArcadeDB,332.0,303.0,300.0,Multi-model,0.36,+0.02,+0.21,https://db-engines.com/en/system/ArcadeDB,"Document store,Graph DBMS,Key-value store,Time Series DBMS",Arcade Data,"Fast and scalable multi-model DBMS, originally forked from,OrientDB,but most of the code has been rewritten",2021.0,September 2021,Open Source,Apache Version 2.0,no,2021,2021,Y,N
Upscaledb,333.0,322.0,354.0,Key-value,0.36,+0.09,+0.36,https://db-engines.com/en/system/Upscaledb,,,"An embedded,key-value store,with SQL-style analytical functions",2007.0,,Open Source,Apache Version 2,no,2007,,Y,N
TerminusDB,334.0,311.0,302.0,"Graph, Multi-model",0.36,+0.06,+0.22,https://db-engines.com/en/system/TerminusDB,"Graph DBMS,Document store,RDF store",DataChemist Ltd.,"Scalable,Graph Database,platform making enterprise data available by exploiting inferred entities and relationships",2018.0,"11.0.0, January 2023",Open Source,GPL V3,no,2018,2023,Y,N
Kyoto Tycoon,335.0,358.0,330.0,Key-value,0.36,+0.18,+0.31,https://db-engines.com/en/system/Kyoto+Tycoon,,,,2009.0,,Open Source,GPL,no,2009,,Y,N
Sparksee,336.0,336.0,311.0,Graph,0.35,+0.13,+0.25,https://db-engines.com/en/system/Sparksee,,,,2008.0,"v6.0, 2021",commercial,,no,2008,2021,N,N
Siaqodb,337.0,338.0,351.0,Object oriented,0.35,+0.13,+0.34,https://db-engines.com/en/system/Siaqodb,,,,,,commercial,,no,,,N,N
Quasardb,338.0,351.0,310.0,Time Series,0.35,+0.15,+0.24,https://db-engines.com/en/system/Quasardb,,quasardb,"Distributed, high-performance timeseries database",2009.0,"3.13.3, April 2022",commercial,"Free community edition, Non-profit organizations and non-commercial usage are eligible for free licenses",no,2009,2022,N,N
Eloquera,339.0,337.0,354.0,Object oriented,0.33,+0.11,+0.33,https://db-engines.com/en/system/Eloquera,,,,2008.0,6.3.3; January 2014,commercial,free licenses,no,2008,2014,N,N
Tigris,340.0,323.0,,Multi-model,0.33,+0.07,,https://db-engines.com/en/system/Tigris,"Document store,Key-value store,Search engine,Time Series DBMS","Tigris Data, Inc.","A horizontally scalable, ACID transactional, document database available both as a fully managed cloud service and for deployment on self-managed infrastructure",2022.0,,Open Source,Apache Version 2.0,no,2022,,Y,N
BigObject,341.0,345.0,329.0,Relational,0.32,+0.12,+0.27,https://db-engines.com/en/system/BigObject,,"BigObject, Inc.",Analytic DBMS for real-time computations and queries,2015.0,,commercial,free community edition available,no,2015,,N,N
TomP2P,342.0,371.0,354.0,Key-value,0.31,+0.16,+0.31,https://db-engines.com/en/system/TomP2P,,,Distributed Key-Value store,2004.0,,Open Source,Apache Version 2,no,2004,,Y,N
HyperLevelDB,343.0,335.0,354.0,Key-value,0.31,+0.09,+0.31,https://db-engines.com/en/system/HyperLevelDB,,,"A fork of Google's,LevelDB",2010.0,,Open Source,,no,2010,,Y,N
H2GIS,344.0,339.0,335.0,"Spatial DBMS, Multi-model",0.31,+0.09,+0.28,https://db-engines.com/en/system/H2GIS,"Spatial DBMS,Relational DBMS",CNRS,"Spatial extension of,H2",2013.0,,Open Source,LGPL 3.0,no,2013,,Y,N
Linter,345.0,348.0,309.0,"Relational, Multi-model",0.29,+0.09,+0.18,https://db-engines.com/en/system/Linter,"Relational DBMS,Spatial DBMS",relex.ru/en,RDBMS for high security requirements,1990.0,,commercial,,no,1990,,N,N
Blueflood,346.0,345.0,344.0,Time Series,0.29,+0.09,+0.28,https://db-engines.com/en/system/Blueflood,,Rackspace,"Scalable TimeSeries DBMS based on,Cassandra",2013.0,,Open Source,Apache 2.0,no,2013,,Y,N
SenseiDB,347.0,362.0,331.0,Document,0.29,+0.12,+0.25,https://db-engines.com/en/system/SenseiDB,,,,2010.0,,Open Source,Apache Version 2,no,2010,,Y,N
Alibaba Cloud Table Store,348.0,332.0,258.0,Wide column,0.28,+0.05,-0.11,https://db-engines.com/en/system/Alibaba+Cloud+Table+Store,,Alibaba,"A fully managed,Wide Column Store,for large quantities of semi-structured data with real-time access",2016.0,,commercial,,yes,2016,,N,Y
Fujitsu Enterprise Postgres,349.0,375.0,,"Relational, Multi-model",0.28,+0.15,,https://db-engines.com/en/system/Fujitsu+Enterprise+Postgres,"Relational DBMS,Document store,Spatial DBMS","PostgreSQL Global Development Group, Fujitsu Australia Software Technology","Enterprise-grade,PostgreSQL,-based DBMS with security enhancements such as Transparent Data Encryption and Data Masking, plus high-availability and performance improvement features.",,,commercial,,no,,,N,N
Tibco ComputeDB,350.0,325.0,268.0,Relational,0.27,+0.03,-0.06,https://db-engines.com/en/system/Tibco+ComputeDB,,Tibco,Distributed in-memory data store for real-time operational analytics based on Apache Spark,2015.0,,Open Source,Apache 2.0,no,2015,,Y,N
RaptorDB,351.0,331.0,354.0,Document,0.27,+0.03,+0.27,https://db-engines.com/en/system/RaptorDB,,,,,,Open Source,Apache Version 2,no,,,Y,N
Acebase,352.0,340.0,328.0,Document,0.26,+0.05,+0.20,https://db-engines.com/en/system/Acebase,,,"A fast, low memory, transactional,Document Store,, inspired by,Firebase Realtime Database",2018.0,,Open Source,MIT License,no,2018,,Y,N
Skytable,353.0,368.0,,Key-value,0.26,+0.10,,https://db-engines.com/en/system/Skytable,,,"A free and open-source,Key-value Store,that aims to provide flexible data modeling at scale. Formerly also know as TerrabaseDB.",2020.0,,Open Source,GNU AGPL 3.0,no,2020,,Y,N
SiteWhere,354.0,376.0,354.0,Time Series,0.26,+0.14,+0.26,https://db-engines.com/en/system/SiteWhere,,SiteWhere,M2M integration platform for persisting/querying time series data,2010.0,,Open Source,Common Public Attribution License Version 1.0,no,2010,,Y,N
LedisDB,355.0,344.0,339.0,Key-value,0.26,+0.06,+0.24,https://db-engines.com/en/system/LedisDB,,,,2014.0,,Open Source,MIT-License,no,2014,,Y,N
WhiteDB,356.0,345.0,354.0,Document,0.26,+0.05,+0.26,https://db-engines.com/en/system/WhiteDB,,,,2008.0,,Open Source,GPL V3,no,2008,,Y,N
AntDB,357.0,341.0,,Relational,0.26,+0.04,,https://db-engines.com/en/system/AntDB,,AsiaInfo Technologies Limited,"A scalable, multi-tenant, MPP-architectured,RDBMS,for OLTP and OLAP operations, highly compatible with,Oracle",,,commercial,"community version available at,github.com/ADBSQL/AntDB",no,,,N,N
TerarkDB,358.0,350.0,354.0,Key-value,0.25,+0.05,+0.25,https://db-engines.com/en/system/TerarkDB,,Terark,"A,key-value store,forked from,RocksDB,with advanced compression algorithms. It can be used standalone or as a storage engine for,MySQL,and,MongoDB",2016.0,,commercial,restricted open source version available,no,2016,,N,N
ToroDB,359.0,361.0,337.0,Document,0.25,+0.08,+0.22,https://db-engines.com/en/system/ToroDB,,8Kdata,"A MongoDB-compatible JSON document store, built on top of PostgreSQL",2016.0,,Open Source,AGPL-V3,no,2016,,Y,N
Hawkular Metrics,360.0,352.0,340.0,Time Series,0.24,+0.05,+0.22,https://db-engines.com/en/system/Hawkular+Metrics,,Community supported by Red Hat,"Hawkular metrics is the metric storage of the Red Hat sponsored Hawkular monitoring system. It is based on,Cassandra,.",2014.0,,Open Source,Apache 2.0,no,2014,,Y,N
JethroData,361.0,353.0,343.0,Relational,0.24,+0.05,+0.23,https://db-engines.com/en/system/JethroData,,JethroData,SQL Query Engine for Hadoop,2013.0,,commercial,,no,2013,,N,N
VelocityDB,361.0,353.0,336.0,Multi-model,0.24,+0.05,+0.21,https://db-engines.com/en/system/VelocityDB,"Graph DBMS,Object oriented DBMS",VelocityDB Inc,A .NET Object Database that can be embedded/distributed and extended to a graph data model (VelocityGraph),2011.0,,commercial,,no,2011,,N,N
XTDB,363.0,355.0,354.0,Document,0.24,+0.06,+0.24,https://db-engines.com/en/system/XTDB,,Juxt Ltd.,A general purpose database with bitemporal SQL and Datalog and graph queries,2019.0,,Open Source,MIT License,no,2019,,Y,N
Edge Intelligence,364.0,327.0,354.0,Relational,0.24,0.00,+0.24,https://db-engines.com/en/system/Edge+Intelligence,,,A Big Data Analytics Platform,2012.0,,commercial,,no,2012,,N,N
NosDB,365.0,364.0,347.0,Document,0.24,+0.07,+0.23,https://db-engines.com/en/system/NosDB,,Alachisoft,"Scalable JSON based,document store,for .NET",2016.0,,Open Source,Professional and Enterprise Versions available,no,2016,,Y,N
Faircom DB,366.0,366.0,266.0,Multi-model,0.24,+0.07,-0.10,https://db-engines.com/en/system/Faircom+DB,"Key-value store,Relational DBMS",FairCom Corporation,Native high-speed multi-model DBMS for relational and key-value store data simultaneously accessible through SQL and NoSQL APIs.,1979.0,,commercial,"Restricted, free version available",no,1979,,N,N
Transwarp KunDB,367.0,367.0,333.0,Relational,0.24,+0.07,+0.20,https://db-engines.com/en/system/Transwarp+KunDB,,Transwarp,"OLTP DBMS based on a distributed architecture and highly compatible with,MySQL,and,Oracle",,,commercial,,no,,,N,N
GreptimeDB,368.0,357.0,,Time Series,0.24,+0.06,,https://db-engines.com/en/system/GreptimeDB,,Greptime Inc.,"An open source,Time Series DBMS,built for increased scalability, high performance and efficiency",2022.0,,Open Source,Apache Version 2.0,no,2022,,Y,N
ActorDB,369.0,359.0,354.0,Relational,0.23,+0.06,+0.23,https://db-engines.com/en/system/ActorDB,,,"A distributed, consistent,RDBMS",2014.0,,Open Source,Mozilla Public License 2.0,no,2014,,Y,N
OrigoDB,370.0,360.0,354.0,Multi-model,0.23,+0.06,+0.23,https://db-engines.com/en/system/OrigoDB,"Document store,Object oriented DBMS",Robert Friberg et al,A fully ACID in-memory object graph database,2009.0,,Open Source,,no,2009,,Y,N
IBM Db2 Event Store,371.0,373.0,242.0,Multi-model,0.22,+0.09,-0.27,https://db-engines.com/en/system/IBM+Db2+Event+Store,"Event Store,Time Series DBMS",IBM,Distributed Event Store optimized for Internet of Things use cases,2017.0,,commercial,free developer edition available,no,2017,,N,N
iBoxDB,372.0,369.0,353.0,Document,0.22,+0.06,+0.22,https://db-engines.com/en/system/iBoxDB,,,Transactional embedded database for desktop and mobile applications.,2013.0,,Open Source,,no,2013,,Y,N
EsgynDB,373.0,372.0,288.0,Relational,0.22,+0.08,+0.01,https://db-engines.com/en/system/EsgynDB,,Esgyn,"Enterprise-class SQL-on-Hadoop solution, powered by,Apache Trafodion",2015.0,,commercial,,no,2015,,N,N
Alibaba Cloud TSDB,374.0,365.0,277.0,Time Series,0.21,+0.04,-0.04,https://db-engines.com/en/system/Alibaba+Cloud+TSDB,,Alibaba,"A stable, reliable, and cost-effective online high-performance time series database service",,,commercial,,yes,,,N,Y
Dragonfly,375.0,356.0,,Key-value,0.21,+0.03,,https://db-engines.com/en/system/Dragonfly,,DragonflyDB team and community contributors,"A drop-in,Redis,replacement that scales vertically to support millions of operations per second and terabyte sized workloads, all on a single instance",2023.0,,Open Source,BSL 1.1,no,2023,,Y,N
SiriDB,376.0,362.0,354.0,Time Series,0.21,+0.04,+0.21,https://db-engines.com/en/system/SiriDB,,Cesbit,"Open Source,Time Series DBMS",2017.0,,Open Source,MIT License,no,2017,,Y,N
Badger,377.0,374.0,306.0,Key-value,0.16,+0.03,+0.04,https://db-engines.com/en/system/Badger,,DGraph Labs,"An embeddable, persistent, simple and fast,Key-Value Store,, written purely in Go.",2017.0,,Open Source,Apache 2.0,no,2017,,Y,N
NSDb,378.0,392.0,354.0,Time Series,0.16,+0.16,+0.16,https://db-engines.com/en/system/NSDb,,,"Scalable, High-performance,Time Series DBMS,designed for Real-time Analytics on top of Kubernetes",2017.0,,Open Source,Apache Version 2.0,no,2017,,Y,N
Indica,379.0,379.0,354.0,Search engine,0.15,+0.08,+0.15,https://db-engines.com/en/system/Indica,,,Enterprise Search Engine,2014.0,,commercial,parts of it are open source,no,2014,,N,N
InfinityDB,380.0,378.0,338.0,Key-value,0.12,+0.05,+0.10,https://db-engines.com/en/system/InfinityDB,,Boiler Bay Inc.,"A Java embedded,Key-Value Store,which extends the Java Map interface",2002.0,,commercial,,no,2002,,N,N
Warp 10,381.0,382.0,291.0,Time Series,0.1,+0.06,-0.09,https://db-engines.com/en/system/Warp+10,,SenX,"TimeSeries DBMS specialized on timestamped geo data based on,LevelDB,or,HBase",2015.0,,Open Source,Apache License 2.0,no,2015,,Y,N
OushuDB,382.0,380.0,320.0,Relational,0.1,+0.03,+0.02,https://db-engines.com/en/system/OushuDB,,Oushu,"A data warehouse powered by,Apache HAWQ,supporting descriptive analysis and advanced machine learning",,"4.0.1, August 2020",commercial,,no,,2020,N,N
DataFS,383.0,377.0,,"Object oriented, Multi-model",0.09,0.00,,https://db-engines.com/en/system/DataFS,"Object oriented DBMS,Graph DBMS",Mobiland AG,All data is stored inside objects which are linked by so-called link attributes. Objects consist of classes which can be extended and de-extended at runtime. Graphs can be defined with a struct.,2018.0,"1.1.263, October 2022",commercial,,no,2018,2022,N,N
Cachelot.io,384.0,392.0,354.0,Key-value,0.09,+0.09,+0.09,https://db-engines.com/en/system/Cachelot.io,,,In-memory caching system,2015.0,,Open Source,Simplified BSD License,no,2015,,Y,N
PieCloudDB,385.0,392.0,,Relational,0.07,+0.07,,https://db-engines.com/en/system/PieCloudDB,,OpenPie,A cloud-native analytic database platform with new technologoy for elastic MPP,,"2.1, January 2023",commercial,,yes,,2023,N,Y
AgensGraph,386.0,381.0,322.0,Multi-model,0.06,0.00,-0.01,https://db-engines.com/en/system/AgensGraph,"Graph DBMS,Relational DBMS",Bitnine Global Inc.,"Multi-model database supporting relational and graph data models and built upon,PostgreSQL",2016.0,"2.1, December 2018",Open Source,Apache License 2.0,no,2016,2018,Y,N
WakandaDB,387.0,388.0,342.0,Object oriented,0.05,+0.04,+0.03,https://db-engines.com/en/system/WakandaDB,,Wakanda SAS,WakandaDB is embedded in a server that provides a REST API and a server-side javascript engine to access data,2012.0,"2.7.0 (April 29, 2019), April 2019",Open Source,"AGPLv3, extended commercial license available",no,2012,2019,Y,N
Galaxybase,388.0,392.0,354.0,Graph,0.04,+0.04,+0.04,https://db-engines.com/en/system/Galaxybase,,"Chuanglin(Createlink) Technology Co., Ltd 浙江创邻科技有限公司","Scalable, ACID-compliant native distributed parallel graph platform",2017.0,"Nov 20, November 2021",commercial,,no,2017,2021,N,N
ScaleOut StateServer,389.0,384.0,312.0,Key-value,0.03,+0.01,-0.08,https://db-engines.com/en/system/ScaleOut+StateServer,,,,2005.0,,commercial,,no,2005,,N,N
Faircom EDGE,390.0,390.0,304.0,Multi-model,0.03,+0.03,-0.10,https://db-engines.com/en/system/Faircom+EDGE,"Key-value store,Relational DBMS",FairCom Corporation,"FairCom EDGE is an Industry 4.0 solution built to integrate, collect, aggregate and synchronize mission-critical data in edge computing environments",1979.0,"V3, October 2020",commercial,"Restricted, free version available",no,1979,2020,N,N
SmallSQL,391.0,383.0,308.0,Relational,0.03,+0.01,-0.09,https://db-engines.com/en/system/SmallSQL,,,,2005.0,,Open Source,L-GPL,no,2005,,Y,N
Newts,392.0,392.0,354.0,Time Series,0.02,+0.02,+0.02,https://db-engines.com/en/system/Newts,,OpenNMS Group,"Time Series DBMS based on,Cassandra",2014.0,,Open Source,Apache 2.0,no,2014,,Y,N
SparkleDB,393.0,385.0,323.0,RDF,0.02,+0.00,-0.06,https://db-engines.com/en/system/SparkleDB,,,,2012.0,,commercial,,no,2012,,N,N
Resin Cache,394.0,386.0,354.0,Key-value,0.01,+0.00,+0.01,https://db-engines.com/en/system/Resin+Cache,,,Distributed cache as part of an application server,1998.0,"4.0.65, July 2020",Open Source,"GPLv3, extended commercial license available",no,1998,2020,Y,N
SWC-DB,395.0,387.0,350.0,"Wide column, Multi-model",0.01,+0.00,+0.01,https://db-engines.com/en/system/SWC-DB,"Wide column store,Time Series DBMS",Alex Kashirin,"A high performance, scalable,Wide Column DBMS",2020.0,"0.5, April 2021",Open Source,GPL V3,no,2020,2021,Y,N
JaguarDB,396.0,389.0,354.0,Key-value,0.01,+0.01,+0.01,https://db-engines.com/en/system/JaguarDB,,"DataJaguar, Inc.","Performant, highly scalable DBMS for AI and IoT applications",2015.0,2.9.4 September 2018,Open Source,GPL V3.0,no,2015,2018,Y,N
SwayDB,397.0,391.0,341.0,Key-value,0.0,+0.00,-0.02,https://db-engines.com/en/system/SwayDB,,Simer Plaha,"An embeddable, non-blocking, type-safe,key-value store,for single or multiple disks and in-memory storage",2018.0,,Open Source,GNU Affero GPL V3.0,no,2018,,Y,N
BergDB,398.0,392.0,354.0,Key-value,0.0,±0.00,±0.00,https://db-engines.com/en/system/BergDB,,,BergDB is a Java/.NET in-process time-key-value store.,2013.0,,Open Source,Gnu Affero General Public License (AGPL),no,2013,,Y,N
CortexDB,398.0,392.0,354.0,Multi-model,0.0,±0.00,±0.00,https://db-engines.com/en/system/CortexDB,"Document store,Key-value store",,,2014.0,,commercial,,no,2014,,N,N
CovenantSQL,398.0,392.0,354.0,Relational,0.0,±0.00,±0.00,https://db-engines.com/en/system/CovenantSQL,,,"A decentralized blockchain,relational DBMS,, built with,SQLite",2018.0,,Open Source,,no,2018,,Y,N
DaggerDB,398.0,392.0,354.0,Relational,0.0,±0.00,±0.00,https://db-engines.com/en/system/DaggerDB,,,Simple olap analytics DBMS built for high performance querying in real time,2014.0,,commercial,,no,2014,,N,N
EdgelessDB,398.0,392.0,354.0,Relational,0.0,±0.00,±0.00,https://db-engines.com/en/system/EdgelessDB,,,"A,MariaDB,-based, confidential,RDBMS,that runs entirely inside runtime-encrypted Intel SGX enclaves",2021.0,,Open Source,GPL V2,no,2021,,Y,N
Helium,398.0,392.0,354.0,Key-value,0.0,±0.00,±0.00,https://db-engines.com/en/system/Helium,,,Cost efficient key-value store,2013.0,,commercial,,no,2013,,N,N
HGraphDB,398.0,392.0,318.0,Graph,0.0,±0.00,-0.09,https://db-engines.com/en/system/HGraphDB,,,"HGraphDB is a client layer for using,HBase,as a graph database by implementing the Tinkerpop 3 interfaces",2016.0,,Open Source,Apache 2.0,no,2016,,Y,N
JasDB,398.0,392.0,352.0,Document,0.0,±0.00,-0.01,https://db-engines.com/en/system/JasDB,,,,2014.0,,Open Source,,no,2014,,Y,N
K-DB,398.0,392.0,354.0,Relational,0.0,±0.00,±0.00,https://db-engines.com/en/system/K-DB,,,"Oracle compatible DBMS for Inspur's own K1 mainframe, available in China",,,commercial,,no,,,N,N
Rizhiyi,398.0,392.0,354.0,"Search engine, Multi-model",0.0,±0.00,±0.00,https://db-engines.com/en/system/Rizhiyi,"Search engine,Time Series DBMS",,"Used for unified collecting, indexing, and searching of log file data",2014.0,,commercial,,no,2014,,N,N
Sadas Engine,398.0,392.0,354.0,Relational,0.0,±0.00,±0.00,https://db-engines.com/en/system/Sadas+Engine,,,SADAS Engine is a columnar DBMS specifically designed for high performance in Data warehouse environments,2006.0,,commercial,free trial version available,no,2006,,N,N
searchxml,398.0,392.0,354.0,Multi-model,0.0,±0.00,±0.00,https://db-engines.com/en/system/searchxml,"Native XML DBMS,Search engine",,DBMS for structured and unstructured content wrapped with an application server,2015.0,,commercial,,no,2015,,N,N
SpaceTime,398.0,392.0,354.0,"Spatial DBMS, Multi-model",0.0,±0.00,±0.00,https://db-engines.com/en/system/SpaceTime,"Spatial DBMS,Relational DBMS",,SpaceTime is a spatio-temporal DBMS with a focus on performance.,2020.0,,commercial,,no,2020,,N,N
Tkrzw,398.0,392.0,354.0,Key-value,0.0,±0.00,±0.00,https://db-engines.com/en/system/Tkrzw,,,"A concept of libraries, allowing an application program to store and query key-value pairs in a file. Successor of,Tokyo Cabinet,and,Kyoto Cabinet",2020.0,,Open Source,Apache Version 2.0,no,2020,,Y,N
Transwarp ArgoDB,398.0,392.0,334.0,"Relational, Multi-model",0.0,±0.00,-0.03,https://db-engines.com/en/system/Transwarp+ArgoDB,"Relational DBMS,Search engine",,Distributed Analytical Database to replace Hadoop+MPP hybrid architecture,,,commercial,,no,,,N,N
Transwarp StellarDB,398.0,392.0,354.0,Graph,0.0,±0.00,±0.00,https://db-engines.com/en/system/Transwarp+StellarDB,,,A distributed graph DBMS built for enterprise-level graph applications,,,commercial,,no,,,N,N
Yaacomo,398.0,392.0,354.0,Relational,0.0,±0.00,±0.00,https://db-engines.com/en/system/Yaacomo,,,"OpenCL based in-memory,RDBMS,, designed for efficiently utilizing the hardware via parallel computing",2009.0,,commercial,,no,2009,,N,N
Yanza,398.0,392.0,354.0,Time Series,0.0,±0.00,±0.00,https://db-engines.com/en/system/Yanza,,,Time Series DBMS for IoT Applications,2015.0,,commercial,free version available,no,2015,,N,N
