id,category_label,Multi_model_info,DBMS,DBMS_insitelink,has_open_source_github_repo,has_company,github_repo_link,Score_Nov-2022,Rank_Nov-2022,org_name,repo_name,Developer,initial_release_recalc,current_release_recalc,open_source_license,License_info,cloud_based_only_recalc,Content,Document,Event,Graph,Key-value,Multivalue,Native XML,Navigational,Object oriented,RDF,Relational,Search engine,Spatial DBMS,Time Series,Wide column
0 ,Relational,"Relational DBMS,Document store,Graph DBMS,RDF  store,Spatial DBMS",Oracle,https://db-engines.com/en/system/Oracle,N,Y,-,1245.17 ,1 ,-,-,Oracle,1980 ,2021 ,N,restricted free version is available,N,0 ,1 ,0 ,1 ,0 ,0 ,0 ,0 ,0 ,1 ,1 ,0 ,1 ,0 ,0 
1 ,Relational,"Relational DBMS,Document store,Spatial DBMS",MySQL,https://db-engines.com/en/system/MySQL,Y,Y,mysql/mysql-server,1211.96 ,2 ,mysql,mysql-server,Oracle,1995 ,2022 ,Y,GPL version 2. Commercial licenses with extended  functionallity are available,N,0 ,1 ,0 ,0 ,0 ,0 ,0 ,0 ,0 ,0 ,1 ,0 ,1 ,0 ,0 
2 ,Relational,"Relational  DBMS,Document store,Graph DBMS,Spatial DBMS",Microsoft SQL  Server,https://db-engines.com/en/system/Microsoft+SQL+Server,N,Y,-,919.39 ,3 ,-,-,Microsoft,1989 ,2022 ,N,restricted free  version is available,N,0 ,1 ,0 ,1 ,0 ,0 ,0 ,0 ,0 ,0 ,1 ,0 ,1 ,0 ,0 
3 ,Relational,"Relational DBMS,Document store,Spatial DBMS",PostgreSQL,https://db-engines.com/en/system/PostgreSQL,Y,N,postgres/postgres,614.85 ,4 ,postgres,postgres,PostgreSQL Global Development Group,1989 ,2022 ,Y,BSD,N,0 ,1 ,0 ,0 ,0 ,0 ,0 ,0 ,0 ,0 ,1 ,0 ,1 ,0 ,0 
4 ,Document,"Document  store,Spatial DBMS,Search engine,Time Series DBMS",MongoDB,https://db-engines.com/en/system/MongoDB,Y,Y,mongodb/mongo,455.18 ,5 ,mongodb,mongo,"MongoDB, Inc",2009 ,2022 ,Y,MongoDB Inc.'s  Server Side Public License v1. Prior versions were published under GNU AGPL  v3.0. Commercial licenses are also available.,N,0 ,1 ,0 ,0 ,0 ,0 ,0 ,0 ,0 ,0 ,0 ,1 ,1 ,1 ,0 
5 ,Key-value,"Key-value store,Document store,Graph DBMS,Spatial  DBMS,Search engine,Time Series DBMS",Redis,https://db-engines.com/en/system/Redis,Y,Y,redis/redis,177.56 ,6 ,redis,redis,"Redis project core team, inspired by Salvatore Sanfilippo",2009 ,2022 ,Y,"source-available extensions (modules), commercial licenses  for Redis Enterprise",N,0 ,1 ,0 ,1 ,1 ,0 ,0 ,0 ,0 ,0 ,0 ,1 ,1 ,1 ,0 
6 ,Relational,"Relational  DBMS,Document store,RDF store,Spatial DBMS",IBM Db2,https://db-engines.com/en/system/IBM+Db2,N,Y,-,143.57 ,7 ,-,-,IBM,1983 ,2016 ,N,free version is  available,N,0 ,1 ,0 ,0 ,0 ,0 ,0 ,0 ,0 ,1 ,1 ,0 ,1 ,0 ,0 
7 ,Search engine,"Search engine,Document store,Spatial DBMS",Elasticsearch,https://db-engines.com/en/system/Elasticsearch,Y,Y,elastic/elasticsearch,141.16 ,8 ,elastic,elasticsearch,Elastic,2010 ,2020 ,Y,Elastic License,N,0 ,1 ,0 ,0 ,0 ,0 ,0 ,0 ,0 ,0 ,0 ,1 ,1 ,0 ,0 
8 ,Relational,Relational DBMS,Microsoft  Access,https://db-engines.com/en/system/Microsoft+Access,N,Y,-,133.36 ,9 ,-,-,Microsoft,1992 ,2019 ,N,Bundled with  Microsoft Office,N,0 ,0 ,0 ,0 ,0 ,0 ,0 ,0 ,0 ,0 ,1 ,0 ,0 ,0 ,0 
9 ,Relational,Relational DBMS,SQLite,https://db-engines.com/en/system/SQLite,Y,N,sqlite/sqlite,131.49 ,10 ,sqlite,sqlite,Dwayne Richard Hipp,2000 ,2022 ,Y,Public Domain,N,0 ,0 ,0 ,0 ,0 ,0 ,0 ,0 ,0 ,0 ,1 ,0 ,0 ,0 ,0 
10 ,Relational,Relational DBMS,Snowflake,https://db-engines.com/en/system/Snowflake,Y_archivedas_twitter-archive/snowflake,Y,twitter-archive/snowflake,117.26 ,11 ,twitter-archive,snowflake,Snowflake  Computing Inc.,2014 ,,N,,Y,0 ,0 ,0 ,0 ,0 ,0 ,0 ,0 ,0 ,0 ,1 ,0 ,0 ,0 ,0 
11 ,Wide column,Wide column store,Cassandra,https://db-engines.com/en/system/Cassandra,Y,N,apache/cassandra,116.31 ,12 ,apache,cassandra,Apache Software Foundation,2008 ,2022 ,Y,Apache version 2,N,0 ,0 ,0 ,0 ,0 ,0 ,0 ,0 ,0 ,0 ,0 ,0 ,0 ,0 ,1 
12 ,Relational,"Relational  DBMS,Document store,Graph DBMS,Spatial DBMS",MariaDB,https://db-engines.com/en/system/MariaDB,Y,Y_借壳上市,MariaDB/server,99.35 ,13 ,MariaDB,server,"MariaDB  Corporation Ab (MariaDB Enterprise),,MariaDB Foundation (community MariaDB  Server)",2009 ,2022 ,Y,"GPL version 2,  commercial enterprise subscription available",N,0 ,1 ,0 ,1 ,0 ,0 ,0 ,0 ,0 ,0 ,1 ,0 ,1 ,0 ,0 
13 ,Search engine,Search engine,Splunk,https://db-engines.com/en/system/Splunk,N,,-,88.41 ,14 ,-,-,Splunk Inc.,2003 ,,N,Limited free edition and free developer edition available,N,0 ,0 ,0 ,0 ,0 ,0 ,0 ,0 ,0 ,0 ,0 ,1 ,0 ,0 ,0 
14 ,Document,"Document  store,Key-value store",Amazon DynamoDB,https://db-engines.com/en/system/Amazon+DynamoDB,N,,-,81.55 ,15 ,-,-,Amazon,2012 ,,N,free tier for a  limited amount of database operations,Y,0 ,1 ,0 ,0 ,1 ,0 ,0 ,0 ,0 ,0 ,0 ,0 ,0 ,0 ,0 
15 ,Relational,"Relational DBMS,Document store,Graph DBMS,Spatial DBMS",Microsoft Azure SQL Database,https://db-engines.com/en/system/Microsoft+Azure+SQL+Database,N,,-,80.37 ,16 ,-,-,Microsoft,2010 ,,N,,Y,0 ,1 ,0 ,1 ,0 ,0 ,0 ,0 ,0 ,0 ,1 ,0 ,1 ,0 ,0 
16 ,Relational,Relational DBMS,Hive,https://db-engines.com/en/system/Hive,Y,N_Facebook开源,apache/hive,74.34 ,17 ,apache,hive,Apache Software  Foundation,2012 ,2022 ,Y,Apache Version  2,N,0 ,0 ,0 ,0 ,0 ,0 ,0 ,0 ,0 ,0 ,1 ,0 ,0 ,0 ,0 
17 ,Relational,"Relational DBMS,Document store,Graph DBMS,Spatial DBMS,Time  Series DBMS",Teradata,https://db-engines.com/en/system/Teradata,N,,-,65.43 ,18 ,-,-,Teradata,1984 ,2019 ,N,,N,0 ,1 ,0 ,1 ,0 ,0 ,0 ,0 ,0 ,0 ,1 ,0 ,1 ,1 ,0 
18 ,Document,"Document  store,Relational DBMS",Databricks,https://db-engines.com/en/system/Databricks,Y_usedbms_delta-io/delta,N,databricks/dbt-databricks,60.82 ,19 ,databricks,dbt-databricks,Databricks,2013 ,,Y,,Y,0 ,1 ,0 ,0 ,0 ,0 ,0 ,0 ,0 ,0 ,1 ,0 ,0 ,0 ,0 
19 ,Graph,Graph DBMS,Neo4j,https://db-engines.com/en/system/Neo4j,Y,Y,neo4j/neo4j,55.84 ,20 ,neo4j,neo4j,"Neo4j, Inc.",2007 ,2022 ,Y,"GPL version3, commercial licenses available",N,0 ,0 ,0 ,1 ,0 ,0 ,0 ,0 ,0 ,0 ,0 ,0 ,0 ,0 ,0 
20 ,Relational,Relational DBMS,Google BigQuery,https://db-engines.com/en/system/Google+BigQuery,N_api_googleapis/python-bigquery,Y,-,54.43 ,21 ,-,-,Google,2010 ,,N,,Y,0 ,0 ,0 ,0 ,0 ,0 ,0 ,0 ,0 ,0 ,1 ,0 ,0 ,0 ,0 
21 ,Relational,Relational DBMS,FileMaker,https://db-engines.com/en/system/FileMaker,N,,-,53.08 ,22 ,-,-,FileMaker,1983 ,,N,,N,0 ,0 ,0 ,0 ,0 ,0 ,0 ,0 ,0 ,0 ,1 ,0 ,0 ,0 ,0 
22 ,Relational,"Relational  DBMS,Document store,Graph DBMS,Spatial DBMS",SAP HANA,https://db-engines.com/en/system/SAP+HANA,N,,-,51.34 ,23 ,-,-,SAP,2010 ,,N,,N,0 ,1 ,0 ,1 ,0 ,0 ,0 ,0 ,0 ,0 ,1 ,0 ,1 ,0 ,0 
23 ,Search engine,"Search engine,Spatial DBMS",Solr,https://db-engines.com/en/system/Solr,Y,N,apache/solr,46.39 ,24 ,apache,solr,Apache Software Foundation,2006 ,,Y,Apache Version 2,N,0 ,0 ,0 ,0 ,0 ,0 ,0 ,0 ,0 ,0 ,0 ,1 ,1 ,0 ,0 
24 ,Relational,"Relational  DBMS,Spatial DBMS",SAP Adaptive  Server,https://db-engines.com/en/system/SAP+Adaptive+Server,N,,-,42.84 ,25 ,-,-,"SAP, Sybase",1987 ,,N,,N,0 ,0 ,0 ,0 ,0 ,0 ,0 ,0 ,0 ,0 ,1 ,0 ,1 ,0 ,0 
25 ,Wide column,Wide column store,HBase,https://db-engines.com/en/system/HBase,Y,N,apache/hbase,39.34 ,26 ,apache,hbase,Apache Software Foundation,2008 ,,Y,Apache version 2,N,0 ,0 ,0 ,0 ,0 ,0 ,0 ,0 ,0 ,0 ,0 ,0 ,0 ,0 ,1 
26 ,Document,"Document  store,Graph DBMS,Key-value store,Wide column store,Spatial DBMS",Microsoft Azure  Cosmos DB,https://db-engines.com/en/system/Microsoft+Azure+Cosmos+DB,N,,-,37.96 ,27 ,-,-,Microsoft,2014 ,,N,,Y,0 ,1 ,0 ,1 ,1 ,0 ,0 ,0 ,0 ,0 ,0 ,0 ,1 ,0 ,1 
27 ,Time Series,"Time Series DBMS,Spatial DBMS",InfluxDB,https://db-engines.com/en/system/InfluxDB,Y,,influxdata/influxdb,29.36 ,28 ,influxdata,influxdb,,2013 ,,Y,MIT-License; commercial enterprise version available,N,0 ,0 ,0 ,0 ,0 ,0 ,0 ,0 ,0 ,0 ,0 ,0 ,1 ,1 ,0 
28 ,Spatial DBMS,"Spatial  DBMS,Relational DBMS",PostGIS,https://db-engines.com/en/system/PostGIS,Y,,postgis/postgis,29.16 ,29 ,postgis,postgis,,2005 ,,Y,GPL v2.0,N,0 ,0 ,0 ,0 ,0 ,0 ,0 ,0 ,0 ,0 ,1 ,0 ,1 ,0 ,0 
29 ,Document,"Document store,Key-value store,Spatial DBMS",Couchbase,https://db-engines.com/en/system/Couchbase,Y,Y,couchbase/couchbase-lite-ios,25.30 ,30 ,couchbase,couchbase-lite-ios,"Couchbase, Inc.",2011 ,,Y,Apache version 2; Commercial licenses also available,N,0 ,1 ,0 ,0 ,1 ,0 ,0 ,0 ,0 ,0 ,0 ,0 ,1 ,0 ,0 
30 ,Key-value,Key-value store,Memcached,https://db-engines.com/en/system/Memcached,Y,,memcached/memcached,23.75 ,31 ,memcached,memcached,Danga  Interactive,2003 ,,Y,BSD license,N,0 ,0 ,0 ,0 ,1 ,0 ,0 ,0 ,0 ,0 ,0 ,0 ,0 ,0 ,0 
31 ,Relational,Relational DBMS,Amazon Redshift,https://db-engines.com/en/system/Amazon+Redshift,N,,-,23.26 ,32 ,-,-,"Amazon (based on,PostgreSQL,)",2012 ,,N,,Y,0 ,0 ,0 ,0 ,0 ,0 ,0 ,0 ,0 ,0 ,1 ,0 ,0 ,0 ,0 
32 ,Relational,Relational DBMS,Firebird,https://db-engines.com/en/system/Firebird,Y,N,FirebirdSQL/firebird,22.88 ,33 ,FirebirdSQL,firebird,Firebird  Foundation,2000 ,,Y,Initial  Developer's Public License,N,0 ,0 ,0 ,0 ,0 ,0 ,0 ,0 ,0 ,0 ,1 ,0 ,0 ,0 ,0 
33 ,Relational,Relational DBMS,Microsoft Azure Synapse Analytics,https://db-engines.com/en/system/Microsoft+Azure+Synapse+Analytics,N,,-,21.92 ,34 ,-,-,Microsoft,2016 ,,N,,Y,0 ,0 ,0 ,0 ,0 ,0 ,0 ,0 ,0 ,0 ,1 ,0 ,0 ,0 ,0 
34 ,Relational,"Relational  DBMS,Document store,Spatial DBMS,Time Series DBMS",Informix,https://db-engines.com/en/system/Informix,N,Y,-,21.47 ,35 ,-,-,"IBM, HCL  Technologies",1984 ,,N,free developer  edition available,N,0 ,1 ,0 ,0 ,0 ,0 ,0 ,0 ,0 ,0 ,1 ,0 ,1 ,1 ,0 
35 ,Relational,Relational DBMS,Spark SQL,https://db-engines.com/en/system/Spark+SQL,Y,N,apache/spark,20.06 ,36 ,apache,spark,Apache Software Foundation,2014 ,,Y,Apache 2.0,N,0 ,0 ,0 ,0 ,0 ,0 ,0 ,0 ,0 ,0 ,1 ,0 ,0 ,0 ,0 
36 ,Document,Document store,Firebase  Realtime Database,https://db-engines.com/en/system/Firebase+Realtime+Database,N,,-,18.76 ,37 ,-,-,Google,2012 ,,N,,Y,0 ,1 ,0 ,0 ,0 ,0 ,0 ,0 ,0 ,0 ,0 ,0 ,0 ,0 ,0 
37 ,Relational,"Relational DBMS,Spatial DBMS,Time Series DBMS",Vertica,https://db-engines.com/en/system/Vertica,N,Y,-,18.01 ,38 ,-,-,Micro Focus,2005 ,,N,Limited community edition free,N,0 ,0 ,0 ,0 ,0 ,0 ,0 ,0 ,0 ,0 ,1 ,0 ,1 ,1 ,0 
38 ,Relational,"Relational  DBMS,Document store",Impala,https://db-engines.com/en/system/Impala,Y,,apache/impala,17.99 ,39 ,apache,impala,Cloudera,2013 ,,Y,Apache Version  2,N,0 ,1 ,0 ,0 ,0 ,0 ,0 ,0 ,0 ,0 ,1 ,0 ,0 ,0 ,0 
39 ,Relational,Relational DBMS,Netezza,https://db-engines.com/en/system/Netezza,N,,-,16.27 ,40 ,-,-,IBM,2000 ,,N,,N,0 ,0 ,0 ,0 ,0 ,0 ,0 ,0 ,0 ,0 ,1 ,0 ,0 ,0 ,0 
40 ,Document,"Document  store,Spatial DBMS",CouchDB,https://db-engines.com/en/system/CouchDB,Y,N,apache/couchdb,14.88 ,41 ,apache,couchdb,Apache Software  Foundation,2005 ,2022 ,Y,Apache version  2,N,0 ,1 ,0 ,0 ,0 ,0 ,0 ,0 ,0 ,0 ,0 ,0 ,1 ,0 ,0 
41 ,Relational,Relational DBMS,dBASE,https://db-engines.com/en/system/dBASE,N,,-,14.07 ,42 ,-,-,Asthon Tate,1979 ,2019 ,N,,N,0 ,0 ,0 ,0 ,0 ,0 ,0 ,0 ,0 ,0 ,1 ,0 ,0 ,0 ,0 
42 ,Relational,Relational DBMS,Presto,https://db-engines.com/en/system/Presto,Y,N_Facebook开源,prestodb/presto,13.70 ,43 ,prestodb,presto,Facebook;  Presto Foundation,2013 ,,Y,Apache 2.0,N,0 ,0 ,0 ,0 ,0 ,0 ,0 ,0 ,0 ,0 ,1 ,0 ,0 ,0 ,0 
43 ,Relational,"Relational DBMS,Time Series DBMS",ClickHouse,https://db-engines.com/en/system/ClickHouse,Y,Y_新成立,ClickHouse/ClickHouse,13.57 ,44 ,ClickHouse,ClickHouse,Clickhouse Inc.,2016 ,2022 ,Y,Apache 2.0,N,0 ,0 ,0 ,0 ,0 ,0 ,0 ,0 ,0 ,0 ,1 ,0 ,0 ,1 ,0 
44 ,Relational,"Relational  DBMS,Document store,Spatial DBMS",Greenplum,https://db-engines.com/en/system/Greenplum,Y,Y,greenplum-db/gpdb,11.20 ,45 ,greenplum-db,gpdb,Pivotal  Software Inc.,2005 ,2020 ,Y,Apache 2.0,N,0 ,1 ,0 ,0 ,0 ,0 ,0 ,0 ,0 ,0 ,1 ,0 ,1 ,0 ,0 
45 ,Document,Document store,Google Cloud Firestore,https://db-engines.com/en/system/Google+Cloud+Firestore,Y,,googleapis/python-firestore,11.10 ,46 ,googleapis,python-firestore,Google,2017 ,,N,,Y,0 ,1 ,0 ,0 ,0 ,0 ,0 ,0 ,0 ,0 ,0 ,0 ,0 ,0 ,0 
46 ,Relational,"Relational  DBMS,Document store",Amazon Aurora,https://db-engines.com/en/system/Amazon+Aurora,N,,-,10.88 ,47 ,-,-,Amazon,2015 ,,N,,Y,0 ,1 ,0 ,0 ,0 ,0 ,0 ,0 ,0 ,0 ,1 ,0 ,0 ,0 ,0 
47 ,Search engine,Search engine,OpenSearch,https://db-engines.com/en/system/OpenSearch,Y,Y,opensearch-project/OpenSearch,10.44 ,48 ,opensearch-project,OpenSearch,Amazon Web Services,2021 ,2022 ,Y,Apache Version 2.0,N,0 ,0 ,0 ,0 ,0 ,0 ,0 ,0 ,0 ,0 ,0 ,1 ,0 ,0 ,0 
48 ,Key-value,"Key-value  store,Document store",Hazelcast,https://db-engines.com/en/system/Hazelcast,Y,,hazelcast/hazelcast,9.34 ,49 ,hazelcast,hazelcast,Hazelcast,2008 ,2022 ,Y,Apache Version  2; commercial licenses available,N,0 ,1 ,0 ,0 ,1 ,0 ,0 ,0 ,0 ,0 ,0 ,0 ,0 ,0 ,0 
49 ,Document,"Document store,Native XML DBMS,RDF store,Search engine",MarkLogic,https://db-engines.com/en/system/MarkLogic,Y,,marklogic/marklogic-data-hub,8.86 ,50 ,marklogic,marklogic-data-hub,MarkLogic Corp.,2001 ,2022 ,N,restricted free version is available,N,0 ,1 ,0 ,0 ,0 ,0 ,1 ,0 ,0 ,1 ,0 ,1 ,0 ,0 ,0 
50 ,Relational,Relational DBMS,Oracle Essbase,https://db-engines.com/en/system/Oracle+Essbase,N,,-,8.65 ,51 ,-,-,Oracle,1998 ,2020 ,N,,N,0 ,0 ,0 ,0 ,0 ,0 ,0 ,0 ,0 ,0 ,1 ,0 ,0 ,0 ,0 
51 ,Key-value,Key-value store,etcd,https://db-engines.com/en/system/etcd,Y,,etcd-io/etcd,8.50 ,52 ,etcd-io,etcd,,,2019 ,Y,Apache Version 2.0,N,0 ,0 ,0 ,0 ,1 ,0 ,0 ,0 ,0 ,0 ,0 ,0 ,0 ,0 ,0 
52 ,Document,Document store,Realm,https://db-engines.com/en/system/Realm,Y,,realm/realm-cocoa,8.34 ,53 ,realm,realm-cocoa,"Realm, acquired  by MongoDB in May 2019",2014 ,,Y,,N,0 ,1 ,0 ,0 ,0 ,0 ,0 ,0 ,0 ,0 ,0 ,0 ,0 ,0 ,0 
53 ,Relational,"Relational DBMS,Spatial DBMS",H2,https://db-engines.com/en/system/H2,Y,N,h2database/h2database,8.30 ,54 ,h2database,h2database,Thomas Mueller,2005 ,2022 ,Y,"dual-licence (Mozilla public license, Eclipse public  license)",N,0 ,0 ,0 ,0 ,0 ,0 ,0 ,0 ,0 ,0 ,1 ,0 ,1 ,0 ,0 
54 ,Wide column,"Wide column  store,Document store,Graph DBMS,Spatial DBMS,Search engine",Datastax  Enterprise,https://db-engines.com/en/system/Datastax+Enterprise,N,,-,7.70 ,55 ,-,-,DataStax,2011 ,2020 ,N,,N,0 ,1 ,0 ,1 ,0 ,0 ,0 ,0 ,0 ,0 ,0 ,1 ,1 ,0 ,1 
55 ,Relational,"Relational DBMS,Document store,Spatial DBMS,Time Series  DBMS",SingleStore,https://db-engines.com/en/system/SingleStore,N,,-,7.36 ,56 ,-,-,SingleStore Inc.,2013 ,2021 ,N,free developer edition available,N,0 ,1 ,0 ,0 ,0 ,0 ,0 ,0 ,0 ,0 ,1 ,0 ,1 ,1 ,0 
56 ,Relational,Relational DBMS,CockroachDB,https://db-engines.com/en/system/CockroachDB,Y,Y,cockroachdb/cockroach,7.19 ,57 ,cockroachdb,cockroach,Cockroach Labs,2015 ,2021 ,Y,"Apache 2.0,  commercial license available",N,0 ,0 ,0 ,0 ,0 ,0 ,0 ,0 ,0 ,0 ,1 ,0 ,0 ,0 ,0 
57 ,Search engine,Search engine,Algolia,https://db-engines.com/en/system/Algolia,N,,-,7.01 ,58 ,-,-,,2012 ,,N,,Y,0 ,0 ,0 ,0 ,0 ,0 ,0 ,0 ,0 ,0 ,0 ,1 ,0 ,0 ,0 
58 ,Search engine,Search engine,Sphinx,https://db-engines.com/en/system/Sphinx,Y,Y,sphinxsearch/sphinx,6.93 ,59 ,sphinxsearch,sphinx,Sphinx  Technologies Inc.,2001 ,2021 ,Y,"GPL version 2,  commercial licence available",N,0 ,0 ,0 ,0 ,0 ,0 ,0 ,0 ,0 ,0 ,0 ,1 ,0 ,0 ,0 
59 ,Time Series,"Time Series DBMS,Relational DBMS",Kdb+,https://db-engines.com/en/system/Kdb%2B,Y,,KxSystems/kdb,6.90 ,60 ,KxSystems,kdb,"Kx Systems, a division of First Derivatives plc",2000 ,2018 ,N,free 32-bit version,N,0 ,0 ,0 ,0 ,0 ,0 ,0 ,0 ,0 ,0 ,1 ,0 ,0 ,1 ,0 
60 ,Search engine,Search engine,Microsoft Azure  Search,https://db-engines.com/en/system/Microsoft+Azure+Search,N,,-,6.78 ,61 ,-,-,Microsoft,2015 ,,N,,Y,0 ,0 ,0 ,0 ,0 ,0 ,0 ,0 ,0 ,0 ,0 ,1 ,0 ,0 ,0 
61 ,Time Series,Time Series DBMS,Prometheus,https://db-engines.com/en/system/Prometheus,Y,N,prometheus/prometheus,6.76 ,62 ,prometheus,prometheus,,2015 ,,Y,Apache 2.0,N,0 ,0 ,0 ,0 ,0 ,0 ,0 ,0 ,0 ,0 ,0 ,0 ,0 ,1 ,0 
62 ,Time Series,Time Series  DBMS,Graphite,https://db-engines.com/en/system/Graphite,Y,,graphite-project/graphite-web,6.70 ,63 ,graphite-project,graphite-web,Chris Davis,2006 ,,Y,Apache 2.0,N,0 ,0 ,0 ,0 ,0 ,0 ,0 ,0 ,0 ,0 ,0 ,0 ,0 ,1 ,0 
63 ,Document,Document store,Google Cloud Datastore,https://db-engines.com/en/system/Google+Cloud+Datastore,N,,-,6.67 ,64 ,-,-,Google,2008 ,,N,,Y,0 ,1 ,0 ,0 ,0 ,0 ,0 ,0 ,0 ,0 ,0 ,0 ,0 ,0 ,0 
64 ,Relational,"Relational  DBMS,Document store,Event Store,Spatial DBMS,Search engine,Time Series DBMS",Microsoft Azure  Data Explorer,https://db-engines.com/en/system/Microsoft+Azure+Data+Explorer,N,,-,6.54 ,65 ,-,-,Microsoft,2019 ,,N,,Y,0 ,1 ,1 ,0 ,0 ,0 ,0 ,0 ,0 ,0 ,1 ,1 ,1 ,1 ,0 
65 ,Document,"Document store,Key-value store,Spatial DBMS",Aerospike,https://db-engines.com/en/system/Aerospike,Y,,aerospike/aerospike-server,6.47 ,66 ,aerospike,aerospike-server,Aerospike,2012 ,2022 ,Y,Apache and AGPL Licenses; open sourced in June 2014;  commercial Enterprise Edition available,N,0 ,1 ,0 ,0 ,1 ,0 ,0 ,0 ,0 ,0 ,0 ,0 ,1 ,0 ,0 
66 ,Relational,Relational DBMS,Ingres,https://db-engines.com/en/system/Ingres,Y,,fosslc/Ingres,6.12 ,67 ,fosslc,Ingres,Actian  Corporation,1974 ,2017 ,N,,N,0 ,0 ,0 ,0 ,0 ,0 ,0 ,0 ,0 ,0 ,1 ,0 ,0 ,0 ,0 
67 ,Relational,Relational DBMS,Derby,https://db-engines.com/en/system/Derby,Y,N,apache/derby,6.06 ,68 ,apache,derby,Apache Software Foundation,1997 ,2022 ,Y,Apache version 2,N,0 ,0 ,0 ,0 ,0 ,0 ,0 ,0 ,0 ,0 ,1 ,0 ,0 ,0 ,0 
68 ,Key-value,Key-value store,Ehcache,https://db-engines.com/en/system/Ehcache,Y,Y,ehcache/ehcache3,6.00 ,69 ,ehcache,ehcache3,"Terracotta Inc,  owned by Software AG",2009 ,2022 ,Y,Apache Version  2; commercial licenses available,N,0 ,0 ,0 ,0 ,1 ,0 ,0 ,0 ,0 ,0 ,0 ,0 ,0 ,0 ,0 
69 ,Relational,Relational DBMS,Interbase,https://db-engines.com/en/system/Interbase,N,,-,5.98 ,70 ,-,-,Embarcadero,1984 ,2019 ,N,,N,0 ,0 ,0 ,0 ,0 ,0 ,0 ,0 ,0 ,0 ,1 ,0 ,0 ,0 ,0 
70 ,Key-value,"Key-value  store,Relational DBMS",Ignite,https://db-engines.com/en/system/Ignite,Y,N,apache/ignite,5.90 ,71 ,apache,ignite,Apache Software  Foundation,2015 ,,Y,Apache 2.0,N,0 ,0 ,0 ,0 ,1 ,0 ,0 ,0 ,0 ,0 ,1 ,0 ,0 ,0 ,0 
71 ,Content,Content stores,Jackrabbit,https://db-engines.com/en/system/Jackrabbit,Y,N,apache/jackrabbit,5.88 ,72 ,apache,jackrabbit,Apache Software Foundation,2006 ,,Y,,N,1 ,0 ,0 ,0 ,0 ,0 ,0 ,0 ,0 ,0 ,0 ,0 ,0 ,0 ,0 
72 ,Document,"Document  store,Graph DBMS,Native XML DBMS,Relational DBMS,RDF store,Search  engine,Spatial DBMS",Virtuoso,https://db-engines.com/en/system/Virtuoso,Y,,openlink/virtuoso-opensource,5.88 ,73 ,openlink,virtuoso-opensource,OpenLink  Software,1998 ,2022 ,Y,"GPLv2, extended  commercial license available",N,0 ,1 ,0 ,1 ,0 ,0 ,1 ,0 ,0 ,1 ,1 ,1 ,1 ,0 ,0 
73 ,Wide column,Wide column store,Microsoft Azure Table Storage,https://db-engines.com/en/system/Microsoft+Azure+Table+Storage,N,,-,5.82 ,74 ,-,-,Microsoft,2012 ,,N,,Y,0 ,0 ,0 ,0 ,0 ,0 ,0 ,0 ,0 ,0 ,0 ,0 ,0 ,0 ,1 
74 ,Wide column,Wide column  store,Accumulo,https://db-engines.com/en/system/Accumulo,Y,,apache/accumulo,5.70 ,75 ,apache,accumulo,,2008 ,2020 ,Y,,N,0 ,0 ,0 ,0 ,0 ,0 ,0 ,0 ,0 ,0 ,0 ,0 ,0 ,0 ,1 
75 ,Key-value,"Key-value store,Wide column store",Google Cloud Bigtable,https://db-engines.com/en/system/Google+Cloud+Bigtable,N,,-,5.47 ,76 ,-,-,Google,2015 ,,N,,Y,0 ,0 ,0 ,0 ,1 ,0 ,0 ,0 ,0 ,0 ,0 ,0 ,0 ,0 ,1 
76 ,Wide column,"Wide column  store,Key-value store",ScyllaDB,https://db-engines.com/en/system/ScyllaDB,Y,,scylladb/scylla,5.33 ,77 ,scylladb,scylla,ScyllaDB,2015 ,2022 ,Y,"Open Source  (AGPL), commercial license available",N,0 ,0 ,0 ,0 ,1 ,0 ,0 ,0 ,0 ,0 ,0 ,0 ,0 ,0 ,1 
77 ,Relational,Relational DBMS,SAP SQL Anywhere,https://db-engines.com/en/system/SAP+SQL+Anywhere,N,,-,5.26 ,78 ,-,-,SAP,1992 ,2015 ,N,,N,0 ,0 ,0 ,0 ,0 ,0 ,0 ,0 ,0 ,0 ,1 ,0 ,0 ,0 ,0 
78 ,Key-value,Key-value store,Riak KV,https://db-engines.com/en/system/Riak+KV,Y,,basho/riak_kv,5.24 ,79 ,basho,riak_kv,Basho  Technologies,2009 ,2015 ,Y,"Apache version  2, commercial enterprise edition",N,0 ,0 ,0 ,0 ,1 ,0 ,0 ,0 ,0 ,0 ,0 ,0 ,0 ,0 ,0 
79 ,Document,"Document store,Graph DBMS,Key-value store,Search engine",ArangoDB,https://db-engines.com/en/system/ArangoDB,Y,Y,arangodb/arangodb,5.07 ,80 ,arangodb,arangodb,ArangoDB Inc.,2012 ,2022 ,Y,Apache Version 2; Commercial license (Enterprise) available,N,0 ,1 ,0 ,1 ,1 ,0 ,0 ,0 ,0 ,0 ,0 ,1 ,0 ,0 ,0 
80 ,Relational,Relational DBMS,HyperSQL,https://db-engines.com/en/system/HyperSQL,Y,N,ryenus/hsqldb,5.00 ,81 ,ryenus,hsqldb,,2001 ,2022 ,Y,based on BSD  license,N,0 ,0 ,0 ,0 ,0 ,0 ,0 ,0 ,0 ,0 ,1 ,0 ,0 ,0 ,0 
81 ,Multivalue,Multivalue DBMS,Adabas,https://db-engines.com/en/system/Adabas,Y,,jrmarino/AdaBase,4.78 ,82 ,jrmarino,AdaBase,Software AG,1971 ,,N,,N,0 ,0 ,0 ,0 ,0 ,1 ,0 ,0 ,0 ,0 ,0 ,0 ,0 ,0 ,0 
82 ,Relational,Relational DBMS,SAP IQ,https://db-engines.com/en/system/SAP+IQ,N,,-,4.58 ,83 ,-,-,"SAP, formerly  Sybase",1994 ,2019 ,N,,N,0 ,0 ,0 ,0 ,0 ,0 ,0 ,0 ,0 ,0 ,1 ,0 ,0 ,0 ,0 
83 ,Relational,"Relational DBMS,Document store,Key-value store,Spatial  DBMS,Search engine,Time Series DBMS,Wide column store",Trino,https://db-engines.com/en/system/Trino,Y,,trinodb/trino,4.56 ,84 ,trinodb,trino,Trino Software Foundation,2012 ,,Y,Apache Version 2.0,N,0 ,1 ,0 ,0 ,1 ,0 ,0 ,0 ,0 ,0 ,1 ,1 ,1 ,1 ,1 
84 ,Time Series,"Time Series  DBMS,Relational DBMS",TimescaleDB,https://db-engines.com/en/system/TimescaleDB,Y,,timescale/timescaledb,4.54 ,85 ,timescale,timescaledb,Timescale,2017 ,2022 ,Y,Apache 2.0,N,0 ,0 ,0 ,0 ,0 ,0 ,0 ,0 ,0 ,0 ,1 ,0 ,0 ,1 ,0 
85 ,Relational,"Relational DBMS,Document store,Wide column store",YugabyteDB,https://db-engines.com/en/system/YugabyteDB,Y,Y,yugabyte/yugabyte-db,4.51 ,86 ,yugabyte,yugabyte-db,Yugabyte Inc.,2017 ,2022 ,Y,Apache 2.0,N,0 ,1 ,0 ,0 ,0 ,0 ,0 ,0 ,0 ,0 ,1 ,0 ,0 ,0 ,1 
86 ,RDF,RDF store,Apache Jena -  TDB,https://db-engines.com/en/system/Apache+Jena+-+TDB,Y,N,apache/jena,4.49 ,87 ,apache,jena,Apache Software  Foundation,2000 ,2022 ,Y,"Apache License,  Version 2.0",N,0 ,0 ,0 ,0 ,0 ,0 ,0 ,0 ,0 ,1 ,0 ,0 ,0 ,0 ,0 
87 ,Key-value,Key-value store,RocksDB,https://db-engines.com/en/system/RocksDB,Y,Y,facebook/rocksdb,4.48 ,88 ,facebook,rocksdb,"Facebook, Inc.",2013 ,2022 ,Y,BSD,N,0 ,0 ,0 ,0 ,1 ,0 ,0 ,0 ,0 ,0 ,0 ,0 ,0 ,0 ,0 
88 ,Document,"Document  store,Graph DBMS,Key-value store",OrientDB,https://db-engines.com/en/system/OrientDB,Y,,orientechnologies/orientdb,4.48 ,89 ,orientechnologies,orientdb,OrientDB LTD;  CallidusCloud; SAP,2010 ,2021 ,Y,Apache version  2,N,0 ,1 ,0 ,1 ,1 ,0 ,0 ,0 ,0 ,0 ,0 ,0 ,0 ,0 ,0 
89 ,Document,Document store,IBM Cloudant,https://db-engines.com/en/system/IBM+Cloudant,N,,-,4.41 ,90 ,-,-,"IBM, Apache Software Foundation",2010 ,,N,,Y,0 ,1 ,0 ,0 ,0 ,0 ,0 ,0 ,0 ,0 ,0 ,0 ,0 ,0 ,0 
90 ,Relational,Relational DBMS,Google Cloud  Spanner,https://db-engines.com/en/system/Google+Cloud+Spanner,N,,-,4.40 ,91 ,-,-,Google,2017 ,,N,,Y,0 ,0 ,0 ,0 ,0 ,0 ,0 ,0 ,0 ,0 ,1 ,0 ,0 ,0 ,0 
91 ,Key-value,Key-value store,GemFire,https://db-engines.com/en/system/GemFire,N,Y,-,4.35 ,92 ,-,-,"VMware, Inc",,,N,,N,0 ,0 ,0 ,0 ,1 ,0 ,0 ,0 ,0 ,0 ,0 ,0 ,0 ,0 ,0 
92 ,Multivalue,Multivalue DBMS,"UniData,UniVerse",https://db-engines.com/en/system/UniData%2CUniVerse,N,,-,4.32 ,93 ,-,-,Rocket Software,1985 ,,N,,N,0 ,0 ,0 ,0 ,0 ,1 ,0 ,0 ,0 ,0 ,0 ,0 ,0 ,0 ,0 
93 ,Relational,Relational DBMS,OpenEdge,https://db-engines.com/en/system/OpenEdge,N,,-,4.28 ,94 ,-,-,Progress Software Corporation,1984 ,2020 ,N,,N,0 ,0 ,0 ,0 ,0 ,0 ,0 ,0 ,0 ,0 ,1 ,0 ,0 ,0 ,0 
94 ,Document,"Document  store,Graph DBMS,Spatial DBMS,Time Series DBMS",RavenDB,https://db-engines.com/en/system/RavenDB,Y,,ravendb/ravendb,4.25 ,95 ,ravendb,ravendb,Hibernating  Rhinos,2010 ,2022 ,Y,"AGPL version 3,  commercial license available",N,0 ,1 ,0 ,1 ,0 ,0 ,0 ,0 ,0 ,0 ,0 ,0 ,1 ,1 ,0 
95 ,Document,"Document store,Key-value store,Relational DBMS",Oracle NoSQL,https://db-engines.com/en/system/Oracle+NoSQL,Y,N,oracle/nosql-go-sdk,3.97 ,96 ,oracle,nosql-go-sdk,Oracle,2011 ,2022 ,Y,"Proprietary for Enterprise Edition (Oracle Database EE  license has Oracle NoSQL database EE covered:,details,)",N,0 ,1 ,0 ,0 ,1 ,0 ,0 ,0 ,0 ,0 ,1 ,0 ,0 ,0 ,0 
96 ,Key-value,Key-value store,LevelDB,https://db-engines.com/en/system/LevelDB,Y,,google/leveldb,3.65 ,97 ,google,leveldb,Google,2011 ,2021 ,Y,BSD,N,0 ,0 ,0 ,0 ,1 ,0 ,0 ,0 ,0 ,0 ,0 ,0 ,0 ,0 ,0 
97 ,Document,"Document store,Spatial DBMS",RethinkDB,https://db-engines.com/en/system/RethinkDB,Y,,rethinkdb/rethinkdb,3.58 ,98 ,rethinkdb,rethinkdb,The Linux Foundation,2009 ,2020 ,Y,Apache Version 2,N,0 ,1 ,0 ,0 ,0 ,0 ,0 ,0 ,0 ,0 ,0 ,0 ,1 ,0 ,0 
98 ,Key-value,Key-value store,Infinispan,https://db-engines.com/en/system/Infinispan,Y,,infinispan/infinispan,3.56 ,99 ,infinispan,infinispan,,2009 ,2021 ,Y,Apache Version  2,N,0 ,0 ,0 ,0 ,1 ,0 ,0 ,0 ,0 ,0 ,0 ,0 ,0 ,0 ,0 
99 ,Document,Document store,PouchDB,https://db-engines.com/en/system/PouchDB,Y,N,pouchdb/pouchdb,3.48 ,100 ,pouchdb,pouchdb,Apache Software Foundation,2012 ,2019 ,Y,,N,0 ,1 ,0 ,0 ,0 ,0 ,0 ,0 ,0 ,0 ,0 ,0 ,0 ,0 ,0 
100 ,Relational,Relational DBMS,MaxDB,https://db-engines.com/en/system/MaxDB,N,,-,3.46 ,101 ,-,-,"SAP, acquired  from Software AG (Adabas-D) in 1997",1984 ,2020 ,N,Limited  community edition free,N,0 ,0 ,0 ,0 ,0 ,0 ,0 ,0 ,0 ,0 ,1 ,0 ,0 ,0 ,0 
101 ,Relational,"Relational DBMS,Document store",TiDB,https://db-engines.com/en/system/TiDB,Y,Y,pingcap/tidb,3.44 ,102 ,pingcap,tidb,"PingCAP, Inc.",2016 ,2022 ,Y,Apache 2.0,N,0 ,1 ,0 ,0 ,0 ,0 ,0 ,0 ,0 ,0 ,1 ,0 ,0 ,0 ,0 
102 ,Key-value,"Key-value  store,Native XML DBMS",Oracle Berkeley  DB,https://db-engines.com/en/system/Oracle+Berkeley+DB,Y,,berkeleydb/libdb,3.25 ,103 ,berkeleydb,libdb,Oracle,1994 ,2020 ,Y,commercial  license available,N,0 ,0 ,0 ,0 ,1 ,0 ,1 ,0 ,0 ,0 ,0 ,0 ,0 ,0 ,0 
103 ,Document,"Document store,Relational DBMS",Apache Drill,https://db-engines.com/en/system/Apache+Drill,Y,N,apache/drill,3.21 ,104 ,apache,drill,Apache Software Foundation,2012 ,2022 ,Y,Apache Version 2,N,0 ,1 ,0 ,0 ,0 ,0 ,0 ,0 ,0 ,0 ,1 ,0 ,0 ,0 ,0 
104 ,Relational,Relational DBMS,Percona Server  for MySQL,https://db-engines.com/en/system/Percona+Server+for+MySQL,Y_replacementfor_MySQL,N,percona/percona-server,3.19 ,105 ,percona,percona-server,Percona,2008 ,2022 ,Y,GPL version 2,N,0 ,0 ,0 ,0 ,0 ,0 ,0 ,0 ,0 ,0 ,1 ,0 ,0 ,0 ,0 
105 ,Relational,Relational DBMS,Apache Phoenix,https://db-engines.com/en/system/Apache+Phoenix,Y,N,apache/phoenix,3.10 ,106 ,apache,phoenix,Apache Software Foundation,2014 ,2019 ,Y,Apache Version 2.0,N,0 ,0 ,0 ,0 ,0 ,0 ,0 ,0 ,0 ,0 ,1 ,0 ,0 ,0 ,0 
106 ,Document,"Document  store,Key-value store,Object oriented DBMS,Relational DBMS",InterSystems  IRIS,https://db-engines.com/en/system/InterSystems+IRIS,N,,-,3.04 ,107 ,-,-,InterSystems,2018 ,2021 ,N,,N,0 ,1 ,0 ,0 ,1 ,0 ,0 ,0 ,1 ,0 ,1 ,0 ,0 ,0 ,0 
107 ,Relational,"Relational DBMS,Document store",Citus,https://db-engines.com/en/system/Citus,Y,,citusdata/citus,3.02 ,108 ,citusdata,citus,,2010 ,2018 ,Y,"AGPL, commercial license also available",N,0 ,1 ,0 ,0 ,0 ,0 ,0 ,0 ,0 ,0 ,1 ,0 ,0 ,0 ,0 
108 ,Relational,Relational DBMS,SAP Advantage  Database Server,https://db-engines.com/en/system/SAP+Advantage+Database+Server,N,,-,2.98 ,109 ,-,-,"Sybase, SAP",1993 ,,N,,N,0 ,0 ,0 ,0 ,0 ,0 ,0 ,0 ,0 ,0 ,1 ,0 ,0 ,0 ,0 
109 ,Navigational,Navigational DBMS,IMS,https://db-engines.com/en/system/IMS,N,,-,2.91 ,110 ,-,-,IBM,1966 ,2017 ,N,,N,0 ,0 ,0 ,0 ,0 ,0 ,0 ,1 ,0 ,0 ,0 ,0 ,0 ,0 ,0 
110 ,Key-value,"Key-value  store,Object oriented DBMS,Relational DBMS,Document store",InterSystems  Caché,https://db-engines.com/en/system/InterSystems+Cach%C3%A9,N,,-,2.83 ,111 ,-,-,InterSystems,1997 ,2020 ,N,,N,0 ,1 ,0 ,0 ,1 ,0 ,0 ,0 ,1 ,0 ,1 ,0 ,0 ,0 ,0 
111 ,Graph,"Graph DBMS,RDF store",Amazon Neptune,https://db-engines.com/en/system/Amazon+Neptune,N,,-,2.81 ,112 ,-,-,Amazon,2017 ,,N,,Y,0 ,0 ,0 ,1 ,0 ,0 ,0 ,0 ,0 ,1 ,0 ,0 ,0 ,0 ,0 
112 ,Time Series,"Time Series  DBMS,Relational DBMS",DolphinDB,https://db-engines.com/en/system/DolphinDB,N,,-,2.81 ,113 ,-,-,"DolphinDB, Inc",2018 ,2022 ,N,free community  version available,N,0 ,0 ,0 ,0 ,0 ,0 ,0 ,0 ,0 ,0 ,1 ,0 ,0 ,1 ,0 
113 ,Document,Document store,CloudKit,https://db-engines.com/en/system/CloudKit,Y,,jcrosby/cloudkit,2.80 ,114 ,jcrosby,cloudkit,,2016 ,,N,,Y,0 ,1 ,0 ,0 ,0 ,0 ,0 ,0 ,0 ,0 ,0 ,0 ,0 ,0 ,0 
114 ,Relational,"Relational  DBMS,Document store,Spatial DBMS",EDB Postgres,https://db-engines.com/en/system/EDB+Postgres,N,,-,2.76 ,115 ,-,-,EnterpriseDB,2005 ,2021 ,N,BSD for  PostgreSQL-components,N,0 ,1 ,0 ,0 ,0 ,0 ,0 ,0 ,0 ,0 ,1 ,0 ,1 ,0 ,0 
115 ,Time Series,Time Series DBMS,RRDtool,https://db-engines.com/en/system/RRDtool,Y,,oetiker/rrdtool-1.x,2.71 ,116 ,oetiker,rrdtool-1.x,Tobias Oetiker,1999 ,2022 ,Y,GPL V2 and FLOSS,N,0 ,0 ,0 ,0 ,0 ,0 ,0 ,0 ,0 ,0 ,0 ,0 ,0 ,1 ,0 
116 ,Relational,Relational DBMS,EXASOL,https://db-engines.com/en/system/EXASOL,N,,-,2.70 ,117 ,-,-,Exasol,2000 ,,N,,N,0 ,0 ,0 ,0 ,0 ,0 ,0 ,0 ,0 ,0 ,1 ,0 ,0 ,0 ,0 
117 ,Relational,Relational DBMS,4D,https://db-engines.com/en/system/4D,N,,-,2.66 ,118 ,-,-,"4D, Inc",1984 ,2021 ,N,,N,0 ,0 ,0 ,0 ,0 ,0 ,0 ,0 ,0 ,0 ,1 ,0 ,0 ,0 ,0 
118 ,Graph,Graph DBMS,JanusGraph,https://db-engines.com/en/system/JanusGraph,Y,,JanusGraph/janusgraph,2.64 ,119 ,JanusGraph,janusgraph,"Linux  Foundation; originally developed as,Titan,by Aurelius",2017 ,2022 ,Y,Apache 2.0,N,0 ,0 ,0 ,1 ,0 ,0 ,0 ,0 ,0 ,0 ,0 ,0 ,0 ,0 ,0 
119 ,Key-value,Key-value store,Oracle Coherence,https://db-engines.com/en/system/Oracle+Coherence,Y_CommunityEdition,,oracle/coherence,2.61 ,120 ,oracle,coherence,Oracle,2007 ,2016 ,N,,N,0 ,0 ,0 ,0 ,1 ,0 ,0 ,0 ,0 ,0 ,0 ,0 ,0 ,0 ,0 
120 ,Time Series,Time Series  DBMS,OpenTSDB,https://db-engines.com/en/system/OpenTSDB,Y,,OpenTSDB/opentsdb,2.57 ,121 ,OpenTSDB,opentsdb,currently  maintained by Yahoo and other contributors,2011 ,,Y,LGPL,N,0 ,0 ,0 ,0 ,0 ,0 ,0 ,0 ,0 ,0 ,0 ,0 ,0 ,1 ,0 
121 ,Key-value,Key-value store,LMDB,https://db-engines.com/en/system/LMDB,Y,,LMDB/lmdb,2.57 ,122 ,LMDB,lmdb,Symas,2011 ,,Y,,N,0 ,0 ,0 ,0 ,1 ,0 ,0 ,0 ,0 ,0 ,0 ,0 ,0 ,0 ,0 
122 ,Search engine,Search engine,Amazon  CloudSearch,https://db-engines.com/en/system/Amazon+CloudSearch,N,,-,2.54 ,123 ,-,-,Amazon,2012 ,,N,,Y,0 ,0 ,0 ,0 ,0 ,0 ,0 ,0 ,0 ,0 ,0 ,1 ,0 ,0 ,0 
123 ,Graph,"Graph DBMS,RDF store",GraphDB,https://db-engines.com/en/system/GraphDB,N,,-,2.53 ,124 ,-,-,Ontotext,2000 ,,N,Some plugins of GraphDB Workbench are open sourced,N,0 ,0 ,0 ,1 ,0 ,0 ,0 ,0 ,0 ,1 ,0 ,0 ,0 ,0 ,0 
124 ,Key-value,Key-value store,Amazon SimpleDB,https://db-engines.com/en/system/Amazon+SimpleDB,N,,-,2.48 ,125 ,-,-,Amazon,2007 ,,N,,Y,0 ,0 ,0 ,0 ,1 ,0 ,0 ,0 ,0 ,0 ,0 ,0 ,0 ,0 ,0 
125 ,Relational,"Relational DBMS,Spatial DBMS",HEAVY.AI,https://db-engines.com/en/system/HEAVY.AI,Y,Y,heavyai/heavydb,2.42 ,126 ,heavyai,heavydb,"HEAVY.AI, Inc.",2016 ,,Y,Apache Version 2; enterprise edition available,N,0 ,0 ,0 ,0 ,0 ,0 ,0 ,0 ,0 ,0 ,1 ,0 ,1 ,0 ,0 
126 ,Relational,Relational DBMS,VoltDB,https://db-engines.com/en/system/VoltDB,Y,Y,VoltDB/voltdb,2.40 ,127 ,VoltDB,voltdb,VoltDB Inc.,2010 ,,Y,"AGPL for  Community Edition, commercial license for Enterprise, AWS, and Pro Editions",N,0 ,0 ,0 ,0 ,0 ,0 ,0 ,0 ,0 ,0 ,1 ,0 ,0 ,0 ,0 
127 ,Key-value,Key-value store,Geode,https://db-engines.com/en/system/Geode,Y,,apache/geode,2.35 ,128 ,apache,geode,Originally developed by Gemstone. They outsourced the  project to Apache in 2015 but still deliver a commercial version as Gemfire.,2002 ,,Y,Apache Version 2; commercial licenses available as Gemfire,N,0 ,0 ,0 ,0 ,1 ,0 ,0 ,0 ,0 ,0 ,0 ,0 ,0 ,0 ,0 
128 ,Relational,"Relational  DBMS,Time Series DBMS",Apache Druid,https://db-engines.com/en/system/Apache+Druid,Y,N,apache/druid,2.32 ,129 ,apache,druid,Apache Software  Foundation and contributors,2012 ,,Y,Apache license  v2,N,0 ,0 ,0 ,0 ,0 ,0 ,0 ,0 ,0 ,0 ,1 ,0 ,0 ,1 ,0 
129 ,Key-value,"Key-value store,Relational DBMS",GridGain,https://db-engines.com/en/system/GridGain,Y_CommunityEdition,,gridgain/gridgain,2.32 ,130 ,gridgain,gridgain,"GridGain Systems, Inc.",2007 ,,N,,N,0 ,0 ,0 ,0 ,1 ,0 ,0 ,0 ,0 ,0 ,1 ,0 ,0 ,0 ,0 
130 ,Search engine,Search engine,Coveo,https://db-engines.com/en/system/Coveo,N,,-,2.26 ,131 ,-,-,Coveo,2012 ,,N,,Y,0 ,0 ,0 ,0 ,0 ,0 ,0 ,0 ,0 ,0 ,0 ,1 ,0 ,0 ,0 
131 ,Spatial DBMS,"Spatial DBMS,Relational DBMS",SpatiaLite,https://db-engines.com/en/system/SpatiaLite,Y,,illarionov/SpatiaLite,2.23 ,132 ,illarionov,SpatiaLite,Alessandro Furieri,2008 ,,Y,"MPL 1.1, GPL v2.0 or LGPL v2.1",N,0 ,0 ,0 ,0 ,0 ,0 ,0 ,0 ,0 ,0 ,1 ,0 ,1 ,0 ,0 
132 ,Graph,Graph DBMS,TigerGraph,https://db-engines.com/en/system/TigerGraph,N,,-,2.20 ,133 ,-,-,,2017 ,,N,,N,0 ,0 ,0 ,1 ,0 ,0 ,0 ,0 ,0 ,0 ,0 ,0 ,0 ,0 ,0 
133 ,Relational,"Relational DBMS,Document store,Spatial DBMS",MonetDB,https://db-engines.com/en/system/MonetDB,Y,,MonetDB/MonetDB,2.17 ,134 ,MonetDB,MonetDB,MonetDB BV,2004 ,,Y,Mozilla Public License 2.0,N,0 ,1 ,0 ,0 ,0 ,0 ,0 ,0 ,0 ,0 ,1 ,0 ,1 ,0 ,0 
134 ,Relational,Relational DBMS,IBM Db2  warehouse,https://db-engines.com/en/system/IBM+Db2+warehouse,N,,-,2.14 ,135 ,-,-,IBM,2014 ,,N,,Y,0 ,0 ,0 ,0 ,0 ,0 ,0 ,0 ,0 ,0 ,1 ,0 ,0 ,0 ,0 
135 ,Relational,Relational DBMS,Datomic,https://db-engines.com/en/system/Datomic,N,,-,2.10 ,136 ,-,-,Cognitect,2012 ,,N,limited edition free,N,0 ,0 ,0 ,0 ,0 ,0 ,0 ,0 ,0 ,0 ,1 ,0 ,0 ,0 ,0 
136 ,Time Series,"Time Series  DBMS,Relational DBMS",TDengine,https://db-engines.com/en/system/TDengine,Y,,taosdata/TDengine,2.09 ,137 ,taosdata,TDengine,"TDEngine,  previously Taos Data",2019 ,,Y,"GPL V3, also  commercial editions available",N,0 ,0 ,0 ,0 ,0 ,0 ,0 ,0 ,0 ,0 ,1 ,0 ,0 ,1 ,0 
137 ,Relational,Relational DBMS,Tibero,https://db-engines.com/en/system/Tibero,N,,-,2.08 ,138 ,-,-,TmaxSoft,2003 ,,N,,N,0 ,0 ,0 ,0 ,0 ,0 ,0 ,0 ,0 ,0 ,1 ,0 ,0 ,0 ,0 
138 ,Time Series,"Time Series  DBMS,Key-value store,Relational DBMS",GridDB,https://db-engines.com/en/system/GridDB,Y,,griddb/griddb,2.05 ,139 ,griddb,griddb,Toshiba  Corporation,2013 ,,Y,"AGPL version 3  and Apache License, version 2.0 , commercial license (standard and advanced  editions) also available",N,0 ,0 ,0 ,0 ,1 ,0 ,0 ,0 ,0 ,0 ,1 ,0 ,0 ,1 ,0 
139 ,Relational,Relational DBMS,TimesTen,https://db-engines.com/en/system/TimesTen,N,,-,2.02 ,140 ,-,-,"Oracle, TimesTen Performance Software, HP",1998 ,,N,,N,0 ,0 ,0 ,0 ,0 ,0 ,0 ,0 ,0 ,0 ,1 ,0 ,0 ,0 ,0 
140 ,Document,Document store,Amazon  DocumentDB,https://db-engines.com/en/system/Amazon+DocumentDB,N,,-,2.00 ,141 ,-,-,,2019 ,,N,,Y,0 ,1 ,0 ,0 ,0 ,0 ,0 ,0 ,0 ,0 ,0 ,0 ,0 ,0 ,0 
141 ,Object oriented,Object oriented DBMS,Db4o,https://db-engines.com/en/system/Db4o,Y,,iboxdb/db4o-gpl,1.96 ,142 ,iboxdb,db4o-gpl,,2001 ,,Y,commercial license available for existing customers only,N,0 ,0 ,0 ,0 ,0 ,0 ,0 ,0 ,1 ,0 ,0 ,0 ,0 ,0 ,0 
142 ,Native XML,Native XML DBMS,BaseX,https://db-engines.com/en/system/BaseX,Y,,BaseXdb/basex,1.92 ,143 ,BaseXdb,basex,BaseX GmbH,2007 ,,Y,BSD license,N,0 ,0 ,0 ,0 ,0 ,0 ,1 ,0 ,0 ,0 ,0 ,0 ,0 ,0 ,0 
143 ,Time Series,"Time Series DBMS,Relational DBMS",QuestDB,https://db-engines.com/en/system/QuestDB,Y,,questdb/questdb,1.90 ,144 ,questdb,questdb,QuestDB Limited,2014 ,,Y,Apache 2.0,N,0 ,0 ,0 ,0 ,0 ,0 ,0 ,0 ,0 ,0 ,1 ,0 ,0 ,1 ,0 
144 ,Multivalue,Multivalue DBMS,jBASE,https://db-engines.com/en/system/jBASE,N,,-,1.90 ,145 ,-,-,Zumasys,1991 ,,N,,N,0 ,0 ,0 ,0 ,0 ,1 ,0 ,0 ,0 ,0 ,0 ,0 ,0 ,0 ,0 
145 ,Key-value,"Key-value store,Document store,Relational DBMS,Spatial DBMS",Tarantool,https://db-engines.com/en/system/Tarantool,Y,,tarantool/tarantool,1.88 ,146 ,tarantool,tarantool,VK,2008 ,,Y,BSD,N,0 ,1 ,0 ,0 ,1 ,0 ,0 ,0 ,0 ,0 ,1 ,0 ,1 ,0 ,0 
146 ,Object oriented,Object oriented  DBMS,ObjectStore,https://db-engines.com/en/system/ObjectStore,N,,-,1.86 ,147 ,-,-,Ignite  Technologies,1988 ,,N,,N,0 ,0 ,0 ,0 ,0 ,0 ,0 ,0 ,1 ,0 ,0 ,0 ,0 ,0 ,0 
147 ,Graph,Graph DBMS,Dgraph,https://db-engines.com/en/system/Dgraph,Y,Y,dgraph-io/dgraph,1.80 ,148 ,dgraph-io,dgraph,"Dgraph Labs, Inc.",2016 ,,Y,Apache 2.0,N,0 ,0 ,0 ,1 ,0 ,0 ,0 ,0 ,0 ,0 ,0 ,0 ,0 ,0 ,0 
148 ,Document,"Document  store,Graph DBMS,Relational DBMS,Time Series DBMS",Fauna,https://db-engines.com/en/system/Fauna,N,,-,1.77 ,149 ,-,-,"Fauna, Inc.",2014 ,,N,,Y,0 ,1 ,0 ,1 ,0 ,0 ,0 ,0 ,0 ,0 ,1 ,0 ,0 ,1 ,0 
149 ,Document,"Document store,Key-value store,Relational DBMS",FoundationDB,https://db-engines.com/en/system/FoundationDB,Y,,apple/foundationdb,1.76 ,150 ,apple,foundationdb,FoundationDB,2013 ,,Y,Apache 2.0,N,0 ,1 ,0 ,0 ,1 ,0 ,0 ,0 ,0 ,0 ,1 ,0 ,0 ,0 ,0 
150 ,Relational,Relational DBMS,Apache Kylin,https://db-engines.com/en/system/Apache+Kylin,Y,Y,apache/kylin,1.70 ,151 ,apache,kylin,"Apache Software  Foundation, originally contributed from eBay Inc",2015 ,,Y,Apache Version  2.0,N,0 ,0 ,0 ,0 ,0 ,0 ,0 ,0 ,0 ,0 ,1 ,0 ,0 ,0 ,0 
151 ,Document,Document store,Mnesia,https://db-engines.com/en/system/Mnesia,Y,,beardedeagle/mnesiac,1.68 ,152 ,beardedeagle,mnesiac,,1999 ,,Y,proprietary license,N,0 ,1 ,0 ,0 ,0 ,0 ,0 ,0 ,0 ,0 ,0 ,0 ,0 ,0 ,0 
152 ,Relational,Relational DBMS,DuckDB,https://db-engines.com/en/system/DuckDB,Y,,duckdb/duckdb,1.68 ,153 ,duckdb,duckdb,,2018 ,,Y,MIT License,N,0 ,0 ,0 ,0 ,0 ,0 ,0 ,0 ,0 ,0 ,1 ,0 ,0 ,0 ,0 
153 ,Relational,Relational DBMS,SQLBase,https://db-engines.com/en/system/SQLBase,N,,-,1.68 ,154 ,-,-,,1985 ,,N,,N,0 ,0 ,0 ,0 ,0 ,0 ,0 ,0 ,0 ,0 ,1 ,0 ,0 ,0 ,0 
154 ,Graph,"Graph DBMS,RDF  store",Stardog,https://db-engines.com/en/system/Stardog,N,,-,1.62 ,155 ,-,-,Stardog-Union,2010 ,,N,60-day  fully-featured trial license; 1-year fully-featured non-commercial use  license for academics/students,N,0 ,0 ,0 ,1 ,0 ,0 ,0 ,0 ,0 ,1 ,0 ,0 ,0 ,0 ,0 
155 ,Document,Document store,Datameer,https://db-engines.com/en/system/Datameer,N,,-,1.61 ,156 ,-,-,,2009 ,,N,,N,0 ,1 ,0 ,0 ,0 ,0 ,0 ,0 ,0 ,0 ,0 ,0 ,0 ,0 ,0 
156 ,Document,Document store,LiteDB,https://db-engines.com/en/system/LiteDB,Y,,mbdavid/LiteDB,1.61 ,157 ,mbdavid,LiteDB,Mauricio David,2014 ,,Y,MIT License,N,0 ,1 ,0 ,0 ,0 ,0 ,0 ,0 ,0 ,0 ,0 ,0 ,0 ,0 ,0 
157 ,Object oriented,"Object oriented DBMS,Time Series DBMS",ObjectBox,https://db-engines.com/en/system/ObjectBox,Y,,objectbox/objectbox-java,1.59 ,158 ,objectbox,objectbox-java,ObjectBox Limited,2017 ,,Y,Apache License 2.0,N,0 ,0 ,0 ,0 ,0 ,0 ,0 ,0 ,1 ,0 ,0 ,0 ,0 ,1 ,0 
158 ,Relational,"Relational  DBMS,Document store,Wide column store",OceanBase,https://db-engines.com/en/system/OceanBase,Y,,oceanbase/oceanbase,1.59 ,159 ,oceanbase,oceanbase,OceanBase,2011 ,,Y,Commercial  license available,N,0 ,1 ,0 ,0 ,0 ,0 ,0 ,0 ,0 ,0 ,1 ,0 ,0 ,0 ,1 
159 ,Object oriented,Object oriented DBMS,Actian NoSQL Database,https://db-engines.com/en/system/Actian+NoSQL+Database,N,,-,1.58 ,160 ,-,-,Actian,1988 ,,N,,N,0 ,0 ,0 ,0 ,0 ,0 ,0 ,0 ,1 ,0 ,0 ,0 ,0 ,0 ,0 
160 ,Relational,Relational DBMS,Oracle Rdb,https://db-engines.com/en/system/Oracle+Rdb,N,,-,1.57 ,161 ,-,-,"Oracle,  originally developed by Digital Equipment Corporation (DEC)",1984 ,2021 ,N,,N,0 ,0 ,0 ,0 ,0 ,0 ,0 ,0 ,0 ,0 ,1 ,0 ,0 ,0 ,0 
161 ,Key-value,Key-value store,GT.M,https://db-engines.com/en/system/GT.M,Y_NotGithub_SourceForge,,-,1.55 ,162 ,-,-,,1986 ,2021 ,N,,N,0 ,0 ,0 ,0 ,1 ,0 ,0 ,0 ,0 ,0 ,0 ,0 ,0 ,0 ,0 
162 ,Graph,Graph DBMS,Giraph,https://db-engines.com/en/system/Giraph,Y,,apache/giraph,1.53 ,163 ,apache,giraph,,2013 ,2020 ,Y,Apache Version  2,N,0 ,0 ,0 ,1 ,0 ,0 ,0 ,0 ,0 ,0 ,0 ,0 ,0 ,0 ,0 
163 ,Relational,Relational DBMS,Empress,https://db-engines.com/en/system/Empress,N,,-,1.51 ,164 ,-,-,,1981 ,2010 ,N,,N,0 ,0 ,0 ,0 ,0 ,0 ,0 ,0 ,0 ,0 ,1 ,0 ,0 ,0 ,0 
164 ,Relational,Relational DBMS,GBase,https://db-engines.com/en/system/GBase,N,,-,1.51 ,165 ,-,-,,,,N,,N,0 ,0 ,0 ,0 ,0 ,0 ,0 ,0 ,0 ,0 ,1 ,0 ,0 ,0 ,0 
165 ,Graph,Graph DBMS,NebulaGraph,https://db-engines.com/en/system/NebulaGraph,Y_archivedas_nebula-graph,Y,vesoft-inc/nebula,1.51 ,166 ,vesoft-inc,nebula,Vesoft Inc.,2019 ,,Y,Apache Version 2.0 + Common Clause 1.0,N,0 ,0 ,0 ,1 ,0 ,0 ,0 ,0 ,0 ,0 ,0 ,0 ,0 ,0 ,0 
166 ,Relational,Relational DBMS,Infobright,https://db-engines.com/en/system/Infobright,N,,-,1.50 ,167 ,-,-,Ignite  Technologies Inc.; formerly InfoBright Inc.,2005 ,,N,The open source  (GPLv2) version did not support inserts/updates/deletes and was discontinued  with July 2016,N,0 ,0 ,0 ,0 ,0 ,0 ,0 ,0 ,0 ,0 ,1 ,0 ,0 ,0 ,0 
167 ,Relational,Relational DBMS,NonStop SQL,https://db-engines.com/en/system/NonStop+SQL,N,,-,1.48 ,168 ,-,-,"HP, originally by Tandem",1987 ,,N,,N,0 ,0 ,0 ,0 ,0 ,0 ,0 ,0 ,0 ,0 ,1 ,0 ,0 ,0 ,0 
168 ,Relational,Relational DBMS,DataEase,https://db-engines.com/en/system/DataEase,N,,-,1.47 ,169 ,-,-,,1981 ,,N,,N,0 ,0 ,0 ,0 ,0 ,0 ,0 ,0 ,0 ,0 ,1 ,0 ,0 ,0 ,0 
169 ,Relational,Relational DBMS,mSQL,https://db-engines.com/en/system/mSQL,Y_NotGithub,,-,1.46 ,170 ,-,-,Hughes Technologies,1994 ,2021 ,N,free licenses can be provided,N,0 ,0 ,0 ,0 ,0 ,0 ,0 ,0 ,0 ,0 ,1 ,0 ,0 ,0 ,0 
170 ,Relational,Relational DBMS,Apache HAWQ,https://db-engines.com/en/system/Apache+HAWQ,Y,,apache/hawq,1.42 ,171 ,apache,hawq,Pivotal  Software; Apache,2012 ,,Y,,N,0 ,0 ,0 ,0 ,0 ,0 ,0 ,0 ,0 ,0 ,1 ,0 ,0 ,0 ,0 
171 ,Relational,Relational DBMS,Cubrid,https://db-engines.com/en/system/Cubrid,Y,,CUBRID/cubrid,1.42 ,172 ,CUBRID,cubrid,"CUBRID Corporation, CUBRID Foundation",2008 ,2021 ,Y,Apache Version 2.0,N,0 ,0 ,0 ,0 ,0 ,0 ,0 ,0 ,0 ,0 ,1 ,0 ,0 ,0 ,0 
172 ,Relational,Relational DBMS,Altibase,https://db-engines.com/en/system/Altibase,Y,,ALTIBASE/altibase,1.41 ,173 ,ALTIBASE,altibase,Altibase,1999 ,2021 ,Y,since February  2018,N,0 ,0 ,0 ,0 ,0 ,0 ,0 ,0 ,0 ,0 ,1 ,0 ,0 ,0 ,0 
173 ,Document,"Document store,Graph DBMS,RDF store,Spatial DBMS",AllegroGraph,https://db-engines.com/en/system/AllegroGraph,N,,-,1.39 ,174 ,-,-,Franz Inc.,2004 ,2021 ,N,Limited community edition free,N,0 ,1 ,0 ,1 ,0 ,0 ,0 ,0 ,0 ,1 ,0 ,0 ,1 ,0 ,0 
174 ,Relational,Relational DBMS,HFSQL,https://db-engines.com/en/system/HFSQL,N,,-,1.38 ,175 ,-,-,PC Soft,,,N,,N,0 ,0 ,0 ,0 ,0 ,0 ,0 ,0 ,0 ,0 ,1 ,0 ,0 ,0 ,0 
175 ,Relational,Relational DBMS,SQL.JS,https://db-engines.com/en/system/SQL.JS,Y,,sql-js/sql.js,1.37 ,176 ,sql-js,sql.js,Alon Zakai,2012 ,,Y,,N,0 ,0 ,0 ,0 ,0 ,0 ,0 ,0 ,0 ,0 ,1 ,0 ,0 ,0 ,0 
176 ,Graph,"Graph  DBMS,Relational DBMS",TypeDB,https://db-engines.com/en/system/TypeDB,Y,,vaticle/typedb,1.34 ,177 ,vaticle,typedb,Vaticle  (formerly Grakn Labs),2016 ,2022 ,Y,"GPL Version 3,  commercial licenses available",N,0 ,0 ,0 ,1 ,0 ,0 ,0 ,0 ,0 ,0 ,1 ,0 ,0 ,0 ,0 
177 ,Graph,Graph DBMS,Memgraph,https://db-engines.com/en/system/Memgraph,Y,,memgraph/memgraph,1.32 ,178 ,memgraph,memgraph,Memgraph Ltd,2017 ,,Y_DBENG-N,Free license available,N,0 ,0 ,0 ,1 ,0 ,0 ,0 ,0 ,0 ,0 ,0 ,0 ,0 ,0 ,0 
178 ,Search engine,Search engine,Pinecone,https://db-engines.com/en/system/Pinecone,N,Y,-,1.27 ,179 ,-,-,"Pinecone  Systems, Inc",2019 ,,N,,Y,0 ,0 ,0 ,0 ,0 ,0 ,0 ,0 ,0 ,0 ,0 ,1 ,0 ,0 ,0 
179 ,Key-value,Key-value store,ZODB,https://db-engines.com/en/system/ZODB,Y,,zopefoundation/ZODB,1.26 ,180 ,zopefoundation,ZODB,,2009 ,2020 ,Y,,N,0 ,0 ,0 ,0 ,1 ,0 ,0 ,0 ,0 ,0 ,0 ,0 ,0 ,0 ,0 
180 ,Multivalue,Multivalue DBMS,Model 204,https://db-engines.com/en/system/Model+204,N,,-,1.26 ,181 ,-,-,,1972 ,,N,,N,0 ,0 ,0 ,0 ,0 ,1 ,0 ,0 ,0 ,0 ,0 ,0 ,0 ,0 ,0 
181 ,Document,"Document store,Wide column store",HPE Ezmeral Data Fabric,https://db-engines.com/en/system/HPE+Ezmeral+Data+Fabric,N,,-,1.25 ,182 ,-,-,"HPE, MapR Technologies, Inc",2009 ,,N,,N,0 ,1 ,0 ,0 ,0 ,0 ,0 ,0 ,0 ,0 ,0 ,0 ,0 ,0 ,1 
182 ,Relational,Relational DBMS,MatrixOne,https://db-engines.com/en/system/MatrixOne,Y,,matrixorigin/matrixone,1.25 ,183 ,matrixorigin,matrixone,,2021 ,,Y,Apache Version  2.0,N,0 ,0 ,0 ,0 ,0 ,0 ,0 ,0 ,0 ,0 ,1 ,0 ,0 ,0 ,0 
183 ,Key-value,"Key-value store,Document store,Search engine",NCache,https://db-engines.com/en/system/NCache,Y,,Alachisoft/NCache,1.24 ,184 ,Alachisoft,NCache,Alachisoft,2005 ,,Y,Enterprise Edition available,N,0 ,1 ,0 ,0 ,1 ,0 ,0 ,0 ,0 ,0 ,0 ,1 ,0 ,0 ,0 
184 ,Document,"Document  store,Object oriented DBMS,Graph DBMS,Search engine",GigaSpaces,https://db-engines.com/en/system/GigaSpaces,N_Image_Gigaspaces/docker,Y,-,1.24 ,185 ,-,-,Gigaspaces  Technologies,2000 ,,Y,Apache Version  2; Commercial licenses available,N,0 ,1 ,0 ,1 ,0 ,0 ,0 ,0 ,1 ,0 ,0 ,1 ,0 ,0 ,0 
185 ,Native XML,Native XML DBMS,Sedna,https://db-engines.com/en/system/Sedna,Y,,sedna/sedna,1.22 ,186 ,sedna,sedna,,2006 ,,Y,Apache Version 2,N,0 ,0 ,0 ,0 ,0 ,0 ,1 ,0 ,0 ,0 ,0 ,0 ,0 ,0 ,0 
186 ,Relational,Relational DBMS,1010data,https://db-engines.com/en/system/1010data,N,,-,1.21 ,187 ,-,-,,2000 ,,N,,N,0 ,0 ,0 ,0 ,0 ,0 ,0 ,0 ,0 ,0 ,1 ,0 ,0 ,0 ,0 
187 ,Event,Event Store,EventStoreDB,https://db-engines.com/en/system/EventStoreDB,Y,,EventStore/EventStore,1.20 ,188 ,EventStore,EventStore,Event Store Limited,2012 ,,Y,,N,0 ,0 ,1 ,0 ,0 ,0 ,0 ,0 ,0 ,0 ,0 ,0 ,0 ,0 ,0 
188 ,Relational,Relational DBMS,NuoDB,https://db-engines.com/en/system/NuoDB,N,,-,1.19 ,189 ,-,-,"NuoDB, Inc.",2013 ,,N,limited edition  free,N,0 ,0 ,0 ,0 ,0 ,0 ,0 ,0 ,0 ,0 ,1 ,0 ,0 ,0 ,0 
189 ,Relational,Relational DBMS,Actian Vector,https://db-engines.com/en/system/Actian+Vector,N,,-,1.19 ,190 ,-,-,,,,N,,N,0 ,0 ,0 ,0 ,0 ,0 ,0 ,0 ,0 ,0 ,1 ,0 ,0 ,0 ,0 
190 ,Navigational,Navigational  DBMS,IDMS,https://db-engines.com/en/system/IDMS,N,,-,1.18 ,191 ,-,-,,1973 ,,N,,N,0 ,0 ,0 ,0 ,0 ,0 ,0 ,1 ,0 ,0 ,0 ,0 ,0 ,0 ,0 
191 ,Relational,"Relational DBMS,Document store,Spatial DBMS",openGauss,https://db-engines.com/en/system/openGauss,Y,,opengauss-mirror/openGauss-server,1.17 ,192 ,opengauss-mirror,openGauss-server,Huawei and openGauss community,2019 ,,Y,,N,0 ,1 ,0 ,0 ,0 ,0 ,0 ,0 ,0 ,0 ,1 ,0 ,1 ,0 ,0 
192 ,Object oriented,Object oriented  DBMS,Perst,https://db-engines.com/en/system/Perst,Y,,The-Alchemist/perst,1.17 ,193 ,The-Alchemist,perst,,2003 ,,Y,commercial  license available,N,0 ,0 ,0 ,0 ,0 ,0 ,0 ,0 ,1 ,0 ,0 ,0 ,0 ,0 ,0 
193 ,RDF,RDF store,RDF4J,https://db-engines.com/en/system/RDF4J,Y,Y,eclipse/rdf4j,1.17 ,194 ,eclipse,rdf4j,"Since 2016 officially forked into an Eclipse project,  former developer was Aduna Software.",2004 ,,Y,"Eclipse Distribution License (EDL), v1.0.",N,0 ,0 ,0 ,0 ,0 ,0 ,0 ,0 ,0 ,1 ,0 ,0 ,0 ,0 ,0 
194 ,Object oriented,Object oriented  DBMS,Matisse,https://db-engines.com/en/system/Matisse,Y_GithubFork,,zhihu/Matisse,1.16 ,195 ,zhihu,Matisse,Matisse  Software Inc.,1986 ,,N,free developer  license available,N,0 ,0 ,0 ,0 ,0 ,0 ,0 ,0 ,1 ,0 ,0 ,0 ,0 ,0 ,0 
195 ,Search engine,Search engine,Xapian,https://db-engines.com/en/system/Xapian,Y,,xapian/xapian,1.13 ,196 ,xapian,xapian,,1986 ,,Y,GPLv2,N,0 ,0 ,0 ,0 ,0 ,0 ,0 ,0 ,0 ,0 ,0 ,1 ,0 ,0 ,0 
196 ,Graph,"Graph DBMS,RDF  store",Blazegraph,https://db-engines.com/en/system/Blazegraph,Y,,blazegraph/database,1.13 ,197 ,blazegraph,database,Blazegraph,2006 ,,Y,extended  commercial license available,N,0 ,0 ,0 ,1 ,0 ,0 ,0 ,0 ,0 ,1 ,0 ,0 ,0 ,0 ,0 
197 ,Time Series,Time Series DBMS,Amazon Timestream,https://db-engines.com/en/system/Amazon+Timestream,N,,-,1.11 ,198 ,-,-,,2018 ,,N,,Y,0 ,0 ,0 ,0 ,0 ,0 ,0 ,0 ,0 ,0 ,0 ,0 ,0 ,1 ,0 
198 ,Relational,Relational DBMS,solidDB,https://db-engines.com/en/system/solidDB,N,,-,1.11 ,199 ,-,-,"Unicom Systems,  Inc; IBM",1992 ,,N,,N,0 ,0 ,0 ,0 ,0 ,0 ,0 ,0 ,0 ,0 ,1 ,0 ,0 ,0 ,0 
199 ,Graph,"Graph DBMS,Key-value store",Graph Engine,https://db-engines.com/en/system/Graph+Engine,Y,,microsoft/GraphEngine,1.07 ,200 ,microsoft,GraphEngine,Microsoft,2010 ,,Y,MIT License,N,0 ,0 ,0 ,1 ,1 ,0 ,0 ,0 ,0 ,0 ,0 ,0 ,0 ,0 ,0 
200 ,Document,Document store,BigchainDB,https://db-engines.com/en/system/BigchainDB,Y,,bigchaindb/bigchaindb,1.07 ,201 ,bigchaindb,bigchaindb,,2016 ,,Y,AGPL v3,N,0 ,1 ,0 ,0 ,0 ,0 ,0 ,0 ,0 ,0 ,0 ,0 ,0 ,0 ,0 
201 ,Time Series,Time Series DBMS,VictoriaMetrics,https://db-engines.com/en/system/VictoriaMetrics,Y,,VictoriaMetrics/VictoriaMetrics,1.07 ,202 ,VictoriaMetrics,VictoriaMetrics,VictoriaMetrics,2018 ,,Y,Apache Version 2.0,N,0 ,0 ,0 ,0 ,0 ,0 ,0 ,0 ,0 ,0 ,0 ,0 ,0 ,1 ,0 
202 ,Native XML,Native XML DBMS,eXist-db,https://db-engines.com/en/system/eXist-db,Y,,eXist-db/exist,1.06 ,203 ,eXist-db,exist,,2000 ,,Y,L-GPL,N,0 ,0 ,0 ,0 ,0 ,0 ,1 ,0 ,0 ,0 ,0 ,0 ,0 ,0 ,0 
203 ,Relational,Relational DBMS,DBISAM,https://db-engines.com/en/system/DBISAM,N,,-,1.06 ,204 ,-,-,"Elevate Software, Inc.",1998 ,,N,,N,0 ,0 ,0 ,0 ,0 ,0 ,0 ,0 ,0 ,0 ,1 ,0 ,0 ,0 ,0 
204 ,Search engine,Search engine,Meilisearch,https://db-engines.com/en/system/Meilisearch,Y,,meilisearch/meilisearch,1.06 ,205 ,meilisearch,meilisearch,,2020 ,,Y,MIT License,N,0 ,0 ,0 ,0 ,0 ,0 ,0 ,0 ,0 ,0 ,0 ,1 ,0 ,0 ,0 
205 ,Relational,Relational DBMS,Kognitio,https://db-engines.com/en/system/Kognitio,N,,-,1.05 ,206 ,-,-,,1992 ,,N,,N,0 ,0 ,0 ,0 ,0 ,0 ,0 ,0 ,0 ,0 ,1 ,0 ,0 ,0 ,0 
206 ,Relational,Relational DBMS,FrontBase,https://db-engines.com/en/system/FrontBase,N,,-,1.03 ,207 ,-,-,,1993 ,,N,free licenses,N,0 ,0 ,0 ,0 ,0 ,0 ,0 ,0 ,0 ,0 ,1 ,0 ,0 ,0 ,0 
207 ,Spatial DBMS,Spatial DBMS,GeoMesa,https://db-engines.com/en/system/GeoMesa,Y,,geomesa/geomesa-geoserver,1.02 ,208 ,geomesa,geomesa-geoserver,CCRi and others,2014 ,,Y,Apache License 2.0,N,0 ,0 ,0 ,0 ,0 ,0 ,0 ,0 ,0 ,0 ,0 ,0 ,1 ,0 ,0 
208 ,Multivalue,Multivalue DBMS,D3,https://db-engines.com/en/system/D3,N,,-,1.02 ,209 ,-,-,,1999 ,,N,,N,0 ,0 ,0 ,0 ,0 ,1 ,0 ,0 ,0 ,0 ,0 ,0 ,0 ,0 ,0 
209 ,Key-value,Key-value store,Hibari,https://db-engines.com/en/system/Hibari,Y,,hibari/hibari,1.01 ,210 ,hibari,hibari,,2005 ,,Y,Apache Version 2,N,0 ,0 ,0 ,0 ,1 ,0 ,0 ,0 ,0 ,0 ,0 ,0 ,0 ,0 ,0 
210 ,Relational,"Relational  DBMS,Search engine,Document store,Time Series DBMS",CrateDB,https://db-engines.com/en/system/CrateDB,Y,,crate/crate,0.99 ,211 ,crate,crate,Crate,2013 ,,Y,,N,0 ,1 ,0 ,0 ,0 ,0 ,0 ,0 ,0 ,0 ,1 ,1 ,0 ,1 ,0 
211 ,Relational,Relational DBMS,Splice Machine,https://db-engines.com/en/system/Splice+Machine,Y,,splicemachine/spliceengine,0.97 ,212 ,splicemachine,spliceengine,Splice Machine,2014 ,,Y,"AGPL 3.0, commercial license available",N,0 ,0 ,0 ,0 ,0 ,0 ,0 ,0 ,0 ,0 ,1 ,0 ,0 ,0 ,0 
212 ,Time Series,Time Series  DBMS,KairosDB,https://db-engines.com/en/system/KairosDB,Y,,kairosdb/kairosdb,0.96 ,213 ,kairosdb,kairosdb,,2013 ,,Y,Apache 2.0,N,0 ,0 ,0 ,0 ,0 ,0 ,0 ,0 ,0 ,0 ,0 ,0 ,0 ,1 ,0 
213 ,Time Series,Time Series DBMS,M3DB,https://db-engines.com/en/system/M3DB,Y,,m3db/m3,0.95 ,214 ,m3db,m3,,,,Y,Apache version 2,N,0 ,0 ,0 ,0 ,0 ,0 ,0 ,0 ,0 ,0 ,0 ,0 ,0 ,1 ,0 
214 ,Relational,"Relational  DBMS,Document store",Dolt,https://db-engines.com/en/system/Dolt,Y,Y,dolthub/dolt,0.93 ,215 ,dolthub,dolt,DoltHub Inc,2018 ,,Y,Apache Version  2.0,N,0 ,1 ,0 ,0 ,0 ,0 ,0 ,0 ,0 ,0 ,1 ,0 ,0 ,0 ,0 
215 ,Key-value,Key-value store,WebSphere eXtreme Scale,https://db-engines.com/en/system/WebSphere+eXtreme+Scale,N,,-,0.93 ,216 ,-,-,,2009 ,,N,,N,0 ,0 ,0 ,0 ,1 ,0 ,0 ,0 ,0 ,0 ,0 ,0 ,0 ,0 ,0 
216 ,Document,"Document  store,Relational DBMS,Search engine",Rockset,https://db-engines.com/en/system/Rockset,N,,-,0.91 ,217 ,-,-,Rockset,2019 ,,N,,Y,0 ,1 ,0 ,0 ,0 ,0 ,0 ,0 ,0 ,0 ,1 ,1 ,0 ,0 ,0 
217 ,Object oriented,Object oriented DBMS,ObjectDB,https://db-engines.com/en/system/ObjectDB,N,,-,0.91 ,218 ,-,-,,2010 ,,N,,N,0 ,0 ,0 ,0 ,0 ,0 ,0 ,0 ,1 ,0 ,0 ,0 ,0 ,0 ,0 
218 ,Relational,Relational DBMS,R:BASE,https://db-engines.com/en/system/R%3ABASE,N,,-,0.88 ,219 ,-,-,,1981 ,,N,,N,0 ,0 ,0 ,0 ,0 ,0 ,0 ,0 ,0 ,0 ,1 ,0 ,0 ,0 ,0 
219 ,Key-value,Key-value store,BoltDB,https://db-engines.com/en/system/BoltDB,Y_archivedas_boltdb/bolt,N,etcd-io/bbolt,0.88 ,220 ,etcd-io,bbolt,,2013 ,,Y,MIT License,N,0 ,0 ,0 ,0 ,1 ,0 ,0 ,0 ,0 ,0 ,0 ,0 ,0 ,0 ,0 
220 ,Multivalue,Multivalue DBMS,Northgate  Reality,https://db-engines.com/en/system/Northgate+Reality,N,,-,0.88 ,221 ,-,-,,1973 ,,N,,N,0 ,0 ,0 ,0 ,0 ,1 ,0 ,0 ,0 ,0 ,0 ,0 ,0 ,0 ,0 
221 ,Multivalue,Multivalue DBMS,SciDB,https://db-engines.com/en/system/SciDB,Y,,cran/scidb,0.87 ,222 ,cran,scidb,Paradigm4,2008 ,,Y,,N,0 ,0 ,0 ,0 ,0 ,1 ,0 ,0 ,0 ,0 ,0 ,0 ,0 ,0 ,0 
222 ,Relational,Relational DBMS,NexusDB,https://db-engines.com/en/system/NexusDB,N,,-,0.86 ,223 ,-,-,,2003 ,,N,,N,0 ,0 ,0 ,0 ,0 ,0 ,0 ,0 ,0 ,0 ,1 ,0 ,0 ,0 ,0 
223 ,Key-value,Key-value store,MapDB,https://db-engines.com/en/system/MapDB,Y,,jankotek/mapdb,0.85 ,224 ,jankotek,mapdb,,2002 ,,Y,Apache Version 2,N,0 ,0 ,0 ,0 ,1 ,0 ,0 ,0 ,0 ,0 ,0 ,0 ,0 ,0 ,0 
224 ,Relational,"Relational  DBMS,Document store,Spatial DBMS",TDSQL for MySQL,https://db-engines.com/en/system/TDSQL+for+MySQL,N,,-,0.85 ,225 ,-,-,Tencent,2013 ,,N,,Y,0 ,1 ,0 ,0 ,0 ,0 ,0 ,0 ,0 ,0 ,1 ,0 ,1 ,0 ,0 
225 ,Wide column,Wide column store,Amazon Keyspaces,https://db-engines.com/en/system/Amazon+Keyspaces,N,,-,0.85 ,226 ,-,-,Amazon,2019 ,,N,,Y,0 ,0 ,0 ,0 ,0 ,0 ,0 ,0 ,0 ,0 ,0 ,0 ,0 ,0 ,1 
226 ,Relational,Relational DBMS,SQream DB,https://db-engines.com/en/system/SQream+DB,N,,-,0.84 ,227 ,-,-,SQream  Technologies,2014 ,,N,,N,0 ,0 ,0 ,0 ,0 ,0 ,0 ,0 ,0 ,0 ,1 ,0 ,0 ,0 ,0 
227 ,Relational,"Relational DBMS,Time Series DBMS",eXtremeDB,https://db-engines.com/en/system/eXtremeDB,N,,-,0.84 ,228 ,-,-,McObject,2001 ,,N,,N,0 ,0 ,0 ,0 ,0 ,0 ,0 ,0 ,0 ,0 ,1 ,0 ,0 ,1 ,0 
228 ,Relational,Relational DBMS,OpenBase,https://db-engines.com/en/system/OpenBase,N,,-,0.82 ,229 ,-,-,,1991 ,,N,,N,0 ,0 ,0 ,0 ,0 ,0 ,0 ,0 ,0 ,0 ,1 ,0 ,0 ,0 ,0 
229 ,Relational,"Relational DBMS,Document store,Spatial DBMS",Postgres-XL,https://db-engines.com/en/system/Postgres-XL,Y,,Postgres-XL/Postgres-XL,0.81 ,230 ,Postgres-XL,Postgres-XL,,2014 ,,Y,Mozilla public license,N,0 ,1 ,0 ,0 ,0 ,0 ,0 ,0 ,0 ,0 ,1 ,0 ,1 ,0 ,0 
230 ,Time Series,Time Series  DBMS,Apache IoTDB,https://db-engines.com/en/system/Apache+IoTDB,Y,N,apache/iotdb,0.80 ,231 ,apache,iotdb,Apache Software  Foundation,2018 ,,Y,Apache Version  2.0,N,0 ,0 ,0 ,0 ,0 ,0 ,0 ,0 ,0 ,0 ,0 ,0 ,0 ,1 ,0 
231 ,Relational,Relational DBMS,Yellowbrick,https://db-engines.com/en/system/Yellowbrick,N,,-,0.79 ,232 ,-,-,Yellowbrick Data,,,N,,N,0 ,0 ,0 ,0 ,0 ,0 ,0 ,0 ,0 ,0 ,1 ,0 ,0 ,0 ,0 
232 ,Relational,Relational DBMS,Trafodion,https://db-engines.com/en/system/Trafodion,Y_archivedas_apache/trafodion,N,apache/trafodion,0.76 ,233 ,apache,trafodion,"Apache Software  Foundation, originally developed by HP",2014 ,,Y,Apache 2.0,N,0 ,0 ,0 ,0 ,0 ,0 ,0 ,0 ,0 ,0 ,1 ,0 ,0 ,0 ,0 
233 ,Relational,Relational DBMS,ScaleArc,https://db-engines.com/en/system/ScaleArc,N,,-,0.76 ,234 ,-,-,"DevFactory, formerly Ignite",2009 ,,N,limited edition free,N,0 ,0 ,0 ,0 ,0 ,0 ,0 ,0 ,0 ,0 ,1 ,0 ,0 ,0 ,0 
234 ,Relational,Relational DBMS,Datacom/DB,https://db-engines.com/en/system/Datacom%2FDB,N,,-,0.76 ,235 ,-,-,Broadcom  (formerly CA),1972 ,,N,,N,0 ,0 ,0 ,0 ,0 ,0 ,0 ,0 ,0 ,0 ,1 ,0 ,0 ,0 ,0 
235 ,Object oriented,Object oriented DBMS,Objectivity/DB,https://db-engines.com/en/system/Objectivity%2FDB,N,,-,0.75 ,236 ,-,-,,1990 ,,N,,N,0 ,0 ,0 ,0 ,0 ,0 ,0 ,0 ,1 ,0 ,0 ,0 ,0 ,0 ,0 
236 ,Document,"Document  store,Relational DBMS",AlaSQL,https://db-engines.com/en/system/AlaSQL,Y,,AlaSQL/alasql,0.74 ,237 ,AlaSQL,alasql,Andrey Gershun  & Mathias R. Wulff,2014 ,,Y,MIT-License,N,0 ,1 ,0 ,0 ,0 ,0 ,0 ,0 ,0 ,0 ,1 ,0 ,0 ,0 ,0 
237 ,Relational,Relational DBMS,VistaDB,https://db-engines.com/en/system/VistaDB,N,,-,0.73 ,238 ,-,-,Gibraltar Software,2008 ,,N,,N,0 ,0 ,0 ,0 ,0 ,0 ,0 ,0 ,0 ,0 ,1 ,0 ,0 ,0 ,0 
238 ,Object oriented,Object oriented  DBMS,Starcounter,https://db-engines.com/en/system/Starcounter,N,,-,0.71 ,239 ,-,-,,2006 ,,N,,N,0 ,0 ,0 ,0 ,0 ,0 ,0 ,0 ,1 ,0 ,0 ,0 ,0 ,0 ,0 
239 ,Object oriented,Object oriented DBMS,atoti,https://db-engines.com/en/system/atoti,Y_IssueTracking,,atoti/atoti,0.70 ,240 ,atoti,atoti,ActiveViam,,,N,free versions available,N,0 ,0 ,0 ,0 ,0 ,0 ,0 ,0 ,1 ,0 ,0 ,0 ,0 ,0 ,0 
240 ,Key-value,Key-value store,Scalaris,https://db-engines.com/en/system/Scalaris,Y,N,scalaris-team/scalaris,0.70 ,241 ,scalaris-team,scalaris,,2010 ,,Y,Apache Version  2,N,0 ,0 ,0 ,0 ,1 ,0 ,0 ,0 ,0 ,0 ,0 ,0 ,0 ,0 ,0 
241 ,Relational,Relational DBMS,Tajo,https://db-engines.com/en/system/Tajo,Y_archivedas_apache/tajo,N,apache/tajo,0.69 ,242 ,apache,tajo,Apache Software Foundation,2012 ,,Y,Apache Version 2,N,0 ,0 ,0 ,0 ,0 ,0 ,0 ,0 ,0 ,0 ,1 ,0 ,0 ,0 ,0 
242 ,Key-value,Key-value store,KeyDB,https://db-engines.com/en/system/KeyDB,Y,,Snapchat/KeyDB,0.69 ,243 ,Snapchat,KeyDB,EQ Alpha  Technology Ltd.,2019 ,,Y,BSD-3,N,0 ,0 ,0 ,0 ,1 ,0 ,0 ,0 ,0 ,0 ,0 ,0 ,0 ,0 ,0 
243 ,Relational,Relational DBMS,Apache Doris,https://db-engines.com/en/system/Apache+Doris,Y,Y,apache/doris,0.69 ,244 ,apache,doris,"Apache Software Foundation, originally contributed from  Baidu",2017 ,,Y,Apache Version 2.0,N,0 ,0 ,0 ,0 ,0 ,0 ,0 ,0 ,0 ,0 ,1 ,0 ,0 ,0 ,0 
244 ,Relational,"Relational  DBMS,Document store,Spatial DBMS",Kingbase,https://db-engines.com/en/system/Kingbase,N,,-,0.68 ,245 ,-,-,BeiJing  KINGBASE Information technologies inc.,1999 ,,N,,N,0 ,1 ,0 ,0 ,0 ,0 ,0 ,0 ,0 ,0 ,1 ,0 ,1 ,0 ,0 
245 ,Search engine,Search engine,Milvus,https://db-engines.com/en/system/Milvus,Y,,milvus-io/milvus,0.68 ,246 ,milvus-io,milvus,,2019 ,,Y,Apache Version 2.0,N,0 ,0 ,0 ,0 ,0 ,0 ,0 ,0 ,0 ,0 ,0 ,1 ,0 ,0 ,0 
246 ,RDF,RDF store,4store,https://db-engines.com/en/system/4store,Y,,4store/4store,0.67 ,247 ,4store,4store,,2009 ,,Y,GPLv3,N,0 ,0 ,0 ,0 ,0 ,0 ,0 ,0 ,0 ,1 ,0 ,0 ,0 ,0 ,0 
247 ,Multivalue,Multivalue DBMS,OpenInsight,https://db-engines.com/en/system/OpenInsight,N,,-,0.66 ,248 ,-,-,,1992 ,,N,,N,0 ,0 ,0 ,0 ,0 ,1 ,0 ,0 ,0 ,0 ,0 ,0 ,0 ,0 ,0 
248 ,Document,Document store,Percona Server  for MongoDB,https://db-engines.com/en/system/Percona+Server+for+MongoDB,Y_replacementfor_MongoDB,N,percona/percona-server-mongodb,0.63 ,249 ,percona,percona-server-mongodb,Percona,2015 ,,Y,GPL Version 2,N,0 ,1 ,0 ,0 ,0 ,0 ,0 ,0 ,0 ,0 ,0 ,0 ,0 ,0 ,0 
249 ,Relational,Relational DBMS,Apache Pinot,https://db-engines.com/en/system/Apache+Pinot,Y,N,apache/pinot,0.63 ,250 ,apache,pinot,Apache Software Foundation and contributors,2015 ,,Y,Apache Version 2.0,N,0 ,0 ,0 ,0 ,0 ,0 ,0 ,0 ,0 ,0 ,1 ,0 ,0 ,0 ,0 
250 ,Search engine,Search engine,SearchBlox,https://db-engines.com/en/system/SearchBlox,N,,-,0.63 ,251 ,-,-,,2003 ,,N,,N,0 ,0 ,0 ,0 ,0 ,0 ,0 ,0 ,0 ,0 ,0 ,1 ,0 ,0 ,0 
251 ,Multivalue,Multivalue DBMS,Rasdaman,https://db-engines.com/en/system/Rasdaman,Y,,dioptre/rasdaman,0.62 ,252 ,dioptre,rasdaman,,1998 ,,Y,extended commercial license available,N,0 ,0 ,0 ,0 ,0 ,1 ,0 ,0 ,0 ,0 ,0 ,0 ,0 ,0 ,0 
252 ,Key-value,Key-value store,Project  Voldemort,https://db-engines.com/en/system/Project+Voldemort,Y,,voldemort/voldemort,0.62 ,253 ,voldemort,voldemort,,2009 ,,Y,Apache version  2,N,0 ,0 ,0 ,0 ,1 ,0 ,0 ,0 ,0 ,0 ,0 ,0 ,0 ,0 ,0 
253 ,Graph,Graph DBMS,InfiniteGraph,https://db-engines.com/en/system/InfiniteGraph,N,,-,0.61 ,254 ,-,-,,2010 ,,N,,N,0 ,0 ,0 ,1 ,0 ,0 ,0 ,0 ,0 ,0 ,0 ,0 ,0 ,0 ,0 
254 ,Document,"Document  store,Relational DBMS",Sequoiadb,https://db-engines.com/en/system/Sequoiadb,Y,,SequoiaDB/SequoiaDB,0.60 ,255 ,SequoiaDB,SequoiaDB,Sequoiadb Ltd.,2013 ,,Y,Server: AGPL;  Client: Apache V2,N,0 ,1 ,0 ,0 ,0 ,0 ,0 ,0 ,0 ,0 ,1 ,0 ,0 ,0 ,0 
255 ,Content,Content stores,ModeShape,https://db-engines.com/en/system/ModeShape,Y,,ModeShape/modeshape,0.60 ,256 ,ModeShape,modeshape,,2010 ,,Y,Apache Version 2,N,1 ,0 ,0 ,0 ,0 ,0 ,0 ,0 ,0 ,0 ,0 ,0 ,0 ,0 ,0 
256 ,Multivalue,Multivalue DBMS,OpenQM,https://db-engines.com/en/system/OpenQM,Y,,gregjurman/openqm,0.56 ,257 ,gregjurman,openqm,Martin Phillips,1993 ,,Y,"GPLv2, extended  commercial license available",N,0 ,0 ,0 ,0 ,0 ,1 ,0 ,0 ,0 ,0 ,0 ,0 ,0 ,0 ,0 
257 ,Document,"Document store,Relational DBMS",YDB,https://db-engines.com/en/system/YDB,Y,N,ydb-platform/ydb,0.55 ,258 ,ydb-platform,ydb,Yandex,2019 ,,Y,Apache 2.0; commercial license available,N,0 ,1 ,0 ,0 ,0 ,0 ,0 ,0 ,0 ,0 ,1 ,0 ,0 ,0 ,0 
258 ,Key-value,Key-value store,Tokyo Tyrant,https://db-engines.com/en/system/Tokyo+Tyrant,Y,,hthetiot/Tokyo-Tyrant,0.55 ,259 ,hthetiot,Tokyo-Tyrant,Mikio  Hirabayashi,2007 ,,Y,GPL,N,0 ,0 ,0 ,0 ,1 ,0 ,0 ,0 ,0 ,0 ,0 ,0 ,0 ,0 ,0 
259 ,Document,Document store,HarperDB,https://db-engines.com/en/system/HarperDB,N,,-,0.54 ,260 ,-,-,HarperDB,2017 ,,N,free community edition available,N,0 ,1 ,0 ,0 ,0 ,0 ,0 ,0 ,0 ,0 ,0 ,0 ,0 ,0 ,0 
260 ,Document,Document store,LokiJS,https://db-engines.com/en/system/LokiJS,Y,,techfort/LokiJS,0.53 ,261 ,techfort,LokiJS,,2014 ,,Y,,N,0 ,1 ,0 ,0 ,0 ,0 ,0 ,0 ,0 ,0 ,0 ,0 ,0 ,0 ,0 
261 ,Object oriented,Object oriented DBMS,GemStone/S,https://db-engines.com/en/system/GemStone%2FS,N,,-,0.53 ,262 ,-,-,,1986 ,,N,,N,0 ,0 ,0 ,0 ,0 ,0 ,0 ,0 ,1 ,0 ,0 ,0 ,0 ,0 ,0 
262 ,RDF,RDF store,Strabon,https://db-engines.com/en/system/Strabon,Y,,esarbanis/strabon,0.53 ,263 ,esarbanis,strabon,,2011 ,,Y,Mozilla public  license,N,0 ,0 ,0 ,0 ,0 ,0 ,0 ,0 ,0 ,1 ,0 ,0 ,0 ,0 ,0 
263 ,Relational,Relational DBMS,Brytlyt,https://db-engines.com/en/system/Brytlyt,N,,-,0.52 ,264 ,-,-,Brytlyt,2016 ,,N,,N,0 ,0 ,0 ,0 ,0 ,0 ,0 ,0 ,0 ,0 ,1 ,0 ,0 ,0 ,0 
264 ,Wide column,"Wide column  store,Search engine",Elassandra,https://db-engines.com/en/system/Elassandra,Y,,strapdata/elassandra,0.52 ,265 ,strapdata,elassandra,,,,Y,Apache Version  2.0,N,0 ,0 ,0 ,0 ,0 ,0 ,0 ,0 ,0 ,0 ,0 ,1 ,0 ,0 ,1 
265 ,Relational,Relational DBMS,ITTIA,https://db-engines.com/en/system/ITTIA,N,,-,0.52 ,266 ,-,-,,2000 ,,N,,N,0 ,0 ,0 ,0 ,0 ,0 ,0 ,0 ,0 ,0 ,1 ,0 ,0 ,0 ,0 
266 ,Relational,"Relational  DBMS,Spatial DBMS,Time Series DBMS",Kinetica,https://db-engines.com/en/system/Kinetica,N,,-,0.50 ,267 ,-,-,Kinetica,2012 ,,N,,N,0 ,0 ,0 ,0 ,0 ,0 ,0 ,0 ,0 ,0 ,1 ,0 ,1 ,1 ,0 
267 ,Relational,Relational DBMS,Comdb2,https://db-engines.com/en/system/Comdb2,Y,,bloomberg/comdb2,0.50 ,268 ,bloomberg,comdb2,Bloomberg Finance L.P.,2004 ,,Y,Apache 2.0,N,0 ,0 ,0 ,0 ,0 ,0 ,0 ,0 ,0 ,0 ,1 ,0 ,0 ,0 ,0 
268 ,Relational,"Relational  DBMS,Document store",Alibaba Cloud  AnalyticDB for MySQL,https://db-engines.com/en/system/Alibaba+Cloud+AnalyticDB+for+MySQL,N,,-,0.49 ,269 ,-,-,Alibaba,,,N,,Y,0 ,1 ,0 ,0 ,0 ,0 ,0 ,0 ,0 ,0 ,1 ,0 ,0 ,0 ,0 
269 ,Graph,Graph DBMS,TinkerGraph,https://db-engines.com/en/system/TinkerGraph,Y,,apache/tinkerpop,0.49 ,270 ,apache,tinkerpop,,2009 ,,Y,Apache 2.0,N,0 ,0 ,0 ,1 ,0 ,0 ,0 ,0 ,0 ,0 ,0 ,0 ,0 ,0 ,0 
270 ,Relational,Relational DBMS,Lovefield,https://db-engines.com/en/system/Lovefield,Y,,google/lovefield,0.48 ,271 ,google,lovefield,Google,2014 ,,Y,Apache 2.0,N,0 ,0 ,0 ,0 ,0 ,0 ,0 ,0 ,0 ,0 ,1 ,0 ,0 ,0 ,0 
271 ,Relational,"Relational DBMS,Time Series DBMS",Raima Database Manager,https://db-engines.com/en/system/Raima+Database+Manager,N,,-,0.47 ,272 ,-,-,Raima Inc.,1984 ,,N,,N,0 ,0 ,0 ,0 ,0 ,0 ,0 ,0 ,0 ,0 ,1 ,0 ,0 ,1 ,0 
272 ,Relational,Relational DBMS,Kyligence  Enterprise,https://db-engines.com/en/system/Kyligence+Enterprise,N,,-,0.47 ,273 ,-,-,"Kyligence, Inc.",2016 ,,N,,N,0 ,0 ,0 ,0 ,0 ,0 ,0 ,0 ,0 ,0 ,1 ,0 ,0 ,0 ,0 
273 ,RDF,RDF store,Redland,https://db-engines.com/en/system/Redland,Y,,dajobe/librdf,0.46 ,274 ,dajobe,librdf,,2000 ,,Y,"Multi License (LGPL, GPLv2, Apache V2)",N,0 ,0 ,0 ,0 ,0 ,0 ,0 ,0 ,0 ,1 ,0 ,0 ,0 ,0 ,0 
274 ,Key-value,Key-value store,Cloudflare  Workers KV,https://db-engines.com/en/system/Cloudflare+Workers+KV,N,,-,0.46 ,275 ,-,-,Cloudflare,2018 ,,N,,Y,0 ,0 ,0 ,0 ,1 ,0 ,0 ,0 ,0 ,0 ,0 ,0 ,0 ,0 ,0 
275 ,Document,"Document store,Graph DBMS",SurrealDB,https://db-engines.com/en/system/SurrealDB,Y,,surrealdb/surrealdb,0.46 ,276 ,surrealdb,surrealdb,SurrealDB Ltd,2022 ,,Y,,N,0 ,1 ,0 ,1 ,0 ,0 ,0 ,0 ,0 ,0 ,0 ,0 ,0 ,0 ,0 
276 ,Relational,Relational DBMS,Alibaba Cloud  MaxCompute,https://db-engines.com/en/system/Alibaba+Cloud+MaxCompute,N,,-,0.46 ,277 ,-,-,Alibaba,2016 ,,N,,Y,0 ,0 ,0 ,0 ,0 ,0 ,0 ,0 ,0 ,0 ,1 ,0 ,0 ,0 ,0 
277 ,Relational,Relational DBMS,FeatureBase,https://db-engines.com/en/system/FeatureBase,Y_CommunityEdition,,featurebasedb/featurebase,0.44 ,278 ,featurebasedb,featurebase,Molecula and Pilosa Open Source Contributors,2017 ,,N,,N,0 ,0 ,0 ,0 ,0 ,0 ,0 ,0 ,0 ,0 ,1 ,0 ,0 ,0 ,0 
278 ,Relational,Relational DBMS,Valentina  Server,https://db-engines.com/en/system/Valentina+Server,N,,-,0.43 ,279 ,-,-,Paradigma  Software,1999 ,,N,,N,0 ,0 ,0 ,0 ,0 ,0 ,0 ,0 ,0 ,0 ,1 ,0 ,0 ,0 ,0 
279 ,Search engine,Search engine,Weaviate,https://db-engines.com/en/system/Weaviate,Y,,semi-technologies/weaviate,0.43 ,280 ,semi-technologies,weaviate,SeMI Technologies B.V.,2017 ,,Y,commercial license available with Weaviate Enterprise,N,0 ,0 ,0 ,0 ,0 ,0 ,0 ,0 ,0 ,0 ,0 ,1 ,0 ,0 ,0 
280 ,Graph,Graph DBMS,HugeGraph,https://db-engines.com/en/system/HugeGraph,Y,Y,apache/incubator-hugegraph,0.42 ,281 ,apache,incubator-hugegraph,Baidu,2018 ,,Y,Apache Version  2.0,N,0 ,0 ,0 ,1 ,0 ,0 ,0 ,0 ,0 ,0 ,0 ,0 ,0 ,0 ,0 
281 ,Document,Document store,EJDB,https://db-engines.com/en/system/EJDB,Y,,Softmotions/ejdb,0.41 ,282 ,Softmotions,ejdb,Softmotions,2012 ,,Y,GPLv2,N,0 ,1 ,0 ,0 ,0 ,0 ,0 ,0 ,0 ,0 ,0 ,0 ,0 ,0 ,0 
282 ,Object oriented,Object oriented  DBMS,Actian  FastObjects,https://db-engines.com/en/system/Actian+FastObjects,N,,-,0.41 ,283 ,-,-,Actian,,,N,,N,0 ,0 ,0 ,0 ,0 ,0 ,0 ,0 ,1 ,0 ,0 ,0 ,0 ,0 ,0 
283 ,Time Series,Time Series DBMS,Riak TS,https://db-engines.com/en/system/Riak+TS,Y,,basho-labs/Riak-TS-JDBC-Driver,0.41 ,284 ,basho-labs,Riak-TS-JDBC-Driver,Basho Technologies,2015 ,,Y,,N,0 ,0 ,0 ,0 ,0 ,0 ,0 ,0 ,0 ,0 ,0 ,0 ,0 ,1 ,0 
284 ,Search engine,Search engine,Typesense,https://db-engines.com/en/system/Typesense,Y,,typesense/typesense,0.40 ,285 ,typesense,typesense,,2015 ,,Y,GPL V3,N,0 ,0 ,0 ,0 ,0 ,0 ,0 ,0 ,0 ,0 ,0 ,1 ,0 ,0 ,0 
285 ,Graph,Graph DBMS,FlockDB,https://db-engines.com/en/system/FlockDB,Y_archivedas_twitter-archive/flockdb,Y,twitter-archive/flockdb,0.40 ,286 ,twitter-archive,flockdb,Twitter,2010 ,2012 ,Y,Apache Version 2,N,0 ,0 ,0 ,1 ,0 ,0 ,0 ,0 ,0 ,0 ,0 ,0 ,0 ,0 ,0 
286 ,Relational,Relational DBMS,Transbase,https://db-engines.com/en/system/Transbase,N,,-,0.39 ,287 ,-,-,Transaction  Software GmbH,1987 ,2020 ,N,free  development license,N,0 ,0 ,0 ,0 ,0 ,0 ,0 ,0 ,0 ,0 ,1 ,0 ,0 ,0 ,0 
287 ,Graph,Graph DBMS,Fluree,https://db-engines.com/en/system/Fluree,Y,,fluree/db,0.38 ,288 ,fluree,db,"Fluree, PBC",2018 ,,Y,open-sourced in October 2020,N,0 ,0 ,0 ,1 ,0 ,0 ,0 ,0 ,0 ,0 ,0 ,0 ,0 ,0 ,0 
288 ,Document,"Document  store,Graph DBMS,Key-value store,Time Series DBMS",ArcadeDB,https://db-engines.com/en/system/ArcadeDB,Y,,ArcadeData/arcadedb,0.38 ,289 ,ArcadeData,arcadedb,Arcade Data,2021 ,2021 ,Y,Apache Version  2.0,N,0 ,1 ,0 ,1 ,1 ,0 ,0 ,0 ,0 ,0 ,0 ,0 ,0 ,1 ,0 
289 ,Relational,Relational DBMS,PipelineDB,https://db-engines.com/en/system/PipelineDB,Y,,pipelinedb/pipelinedb,0.38 ,290 ,pipelinedb,pipelinedb,,2015 ,,Y,"BSD, GPL V3",N,0 ,0 ,0 ,0 ,0 ,0 ,0 ,0 ,0 ,0 ,1 ,0 ,0 ,0 ,0 
290 ,Object oriented,Object oriented  DBMS,Jade,https://db-engines.com/en/system/Jade,N,,-,0.38 ,291 ,-,-,,1996 ,,N,,N,0 ,0 ,0 ,0 ,0 ,0 ,0 ,0 ,1 ,0 ,0 ,0 ,0 ,0 ,0 
291 ,Relational,Relational DBMS,ElevateDB,https://db-engines.com/en/system/ElevateDB,N,,-,0.37 ,292 ,-,-,"Elevate Software, Inc.",2006 ,,N,,N,0 ,0 ,0 ,0 ,0 ,0 ,0 ,0 ,0 ,0 ,1 ,0 ,0 ,0 ,0 
292 ,Search engine,Search engine,Alibaba Cloud  Log Service,https://db-engines.com/en/system/Alibaba+Cloud+Log+Service,N,,-,0.36 ,293 ,-,-,AlibabaCloud  Inc.,2016 ,,N,,Y,0 ,0 ,0 ,0 ,0 ,0 ,0 ,0 ,0 ,0 ,0 ,1 ,0 ,0 ,0 
293 ,Time Series,Time Series DBMS,Axibase,https://db-engines.com/en/system/Axibase,N,,-,0.36 ,294 ,-,-,Axibase Corporation,2013 ,1558 ,N,"Community Edition (single node) is free, Enterprise Edition  (distributed) is paid",N,0 ,0 ,0 ,0 ,0 ,0 ,0 ,0 ,0 ,0 ,0 ,0 ,0 ,1 ,0 
294 ,Relational,Relational DBMS,Alibaba Cloud  AnalyticDB for PostgreSQL,https://db-engines.com/en/system/Alibaba+Cloud+AnalyticDB+for+PostgreSQL,N,,-,0.34 ,295 ,-,-,Alibaba /  Pivotal Software Inc. / PostgreSQL Global Development Group,2016 ,,N,,Y,0 ,0 ,0 ,0 ,0 ,0 ,0 ,0 ,0 ,0 ,1 ,0 ,0 ,0 ,0 
295 ,Relational,"Relational DBMS,Time Series DBMS",GeoSpock,https://db-engines.com/en/system/GeoSpock,N,,-,0.34 ,296 ,-,-,GeoSpock,,2019 ,N,,Y,0 ,0 ,0 ,0 ,0 ,0 ,0 ,0 ,0 ,0 ,1 ,0 ,0 ,1 ,0 
296 ,Key-value,"Key-value  store,Relational DBMS",LeanXcale,https://db-engines.com/en/system/LeanXcale,N,,-,0.34 ,297 ,-,-,LeanXcale,2015 ,,N,,N,0 ,0 ,0 ,0 ,1 ,0 ,0 ,0 ,0 ,0 ,1 ,0 ,0 ,0 ,0 
297 ,Relational,Relational DBMS,TransLattice,https://db-engines.com/en/system/TransLattice,N,,-,0.34 ,298 ,-,-,,2007 ,,N,,N,0 ,0 ,0 ,0 ,0 ,0 ,0 ,0 ,0 ,0 ,1 ,0 ,0 ,0 ,0 
298 ,Relational,Relational DBMS,Alibaba Cloud  ApsaraDB for PolarDB,https://db-engines.com/en/system/Alibaba+Cloud+ApsaraDB+for+PolarDB,N,,-,0.33 ,299 ,-,-,Alibaba,,,N,,Y,0 ,0 ,0 ,0 ,0 ,0 ,0 ,0 ,0 ,0 ,1 ,0 ,0 ,0 ,0 
299 ,Key-value,Key-value store,Speedb,https://db-engines.com/en/system/Speedb,Y,,speedb-io/speedb,0.33 ,300 ,speedb-io,speedb,Speedb,2020 ,,Y_DBENG-N,,N,0 ,0 ,0 ,0 ,1 ,0 ,0 ,0 ,0 ,0 ,0 ,0 ,0 ,0 ,0 
300 ,RDF,RDF store,Mulgara,https://db-engines.com/en/system/Mulgara,Y,,quoll/mulgara,0.33 ,301 ,quoll,mulgara,,2006 ,2012 ,Y,Apache Version  2,N,0 ,0 ,0 ,0 ,0 ,0 ,0 ,0 ,0 ,1 ,0 ,0 ,0 ,0 ,0 
301 ,Relational,Relational DBMS,Mimer SQL,https://db-engines.com/en/system/Mimer+SQL,N,,-,0.33 ,302 ,-,-,,1977 ,2022 ,N,,N,0 ,0 ,0 ,0 ,0 ,0 ,0 ,0 ,0 ,0 ,1 ,0 ,0 ,0 ,0 
302 ,Graph,Graph DBMS,GraphBase,https://db-engines.com/en/system/GraphBase,N,,-,0.31 ,303 ,-,-,,,,N,,N,0 ,0 ,0 ,1 ,0 ,0 ,0 ,0 ,0 ,0 ,0 ,0 ,0 ,0 ,0 
303 ,Time Series,Time Series DBMS,Heroic,https://db-engines.com/en/system/Heroic,Y_archivedas_spotify/heroic,N,spotify/heroic,0.31 ,304 ,spotify,heroic,Spotify,2014 ,,Y,Apache 2.0,N,0 ,0 ,0 ,0 ,0 ,0 ,0 ,0 ,0 ,0 ,0 ,0 ,0 ,1 ,0 
304 ,Graph,"Graph DBMS,RDF  store,Relational DBMS",RDFox,https://db-engines.com/en/system/RDFox,N,,-,0.31 ,305 ,-,-,Oxford Semantic  Technologies,2017 ,2022 ,N,,N,0 ,0 ,0 ,1 ,0 ,0 ,0 ,0 ,0 ,1 ,1 ,0 ,0 ,0 ,0 
305 ,Relational,Relational DBMS,Actian PSQL,https://db-engines.com/en/system/Actian+PSQL,N,,-,0.30 ,306 ,-,-,,1982 ,2020 ,N,,N,0 ,0 ,0 ,0 ,0 ,0 ,0 ,0 ,0 ,0 ,1 ,0 ,0 ,0 ,0 
306 ,Time Series,Time Series  DBMS,Machbase,https://db-engines.com/en/system/Machbase,N,,-,0.30 ,307 ,-,-,Machbase,2013 ,2021 ,N,free test  version available,N,0 ,0 ,0 ,0 ,0 ,0 ,0 ,0 ,0 ,0 ,0 ,0 ,0 ,1 ,0 
307 ,Graph,Graph DBMS,Sparksee,https://db-engines.com/en/system/Sparksee,N,,-,0.29 ,308 ,-,-,,2008 ,2021 ,N,,N,0 ,0 ,0 ,1 ,0 ,0 ,0 ,0 ,0 ,0 ,0 ,0 ,0 ,0 ,0 
308 ,Graph,Graph DBMS,HyperGraphDB,https://db-engines.com/en/system/HyperGraphDB,Y,,hypergraphdb/hypergraphdb,0.29 ,309 ,hypergraphdb,hypergraphdb,,2007 ,,Y,L-GPL,N,0 ,0 ,0 ,1 ,0 ,0 ,0 ,0 ,0 ,0 ,0 ,0 ,0 ,0 ,0 
309 ,Search engine,"Search engine,Time Series DBMS",Manticore Search,https://db-engines.com/en/system/Manticore+Search,Y,,manticoresoftware/manticoresearch,0.28 ,310 ,manticoresoftware,manticoresearch,Manticore Software,2017 ,2021 ,Y,GPL version 2,N,0 ,0 ,0 ,0 ,0 ,0 ,0 ,0 ,0 ,0 ,0 ,1 ,0 ,1 ,0 
310 ,Graph,"Graph DBMS,RDF  store",AnzoGraph DB,https://db-engines.com/en/system/AnzoGraph+DB,N,,-,0.28 ,311 ,-,-,Cambridge  Semantics,2018 ,2021 ,N,free trial  version available,N,0 ,0 ,0 ,1 ,0 ,0 ,0 ,0 ,0 ,1 ,0 ,0 ,0 ,0 ,0 
311 ,Key-value,"Key-value store,Relational DBMS",Immudb,https://db-engines.com/en/system/Immudb,Y,,codenotary/immudb,0.28 ,312 ,codenotary,immudb,Codenotary,2020 ,2022 ,Y,Apache Version 2.0,N,0 ,0 ,0 ,0 ,1 ,0 ,0 ,0 ,0 ,0 ,1 ,0 ,0 ,0 ,0 
312 ,RDF,RDF store,RedStore,https://db-engines.com/en/system/RedStore,Y,,njh/redstore,0.28 ,313 ,njh,redstore,,2009 ,,Y,GPLv3,N,0 ,0 ,0 ,0 ,0 ,0 ,0 ,0 ,0 ,1 ,0 ,0 ,0 ,0 ,0 
313 ,Event,Event Store,NEventStore,https://db-engines.com/en/system/NEventStore,Y,,NEventStore/NEventStore,0.28 ,314 ,NEventStore,NEventStore,,2011 ,,Y,MIT-License,N,0 ,0 ,1 ,0 ,0 ,0 ,0 ,0 ,0 ,0 ,0 ,0 ,0 ,0 ,0 
314 ,Wide column,Wide column  store,Alibaba Cloud  Table Store,https://db-engines.com/en/system/Alibaba+Cloud+Table+Store,N,,-,0.27 ,315 ,-,-,Alibaba,2016 ,,N,,Y,0 ,0 ,0 ,0 ,0 ,0 ,0 ,0 ,0 ,0 ,0 ,0 ,0 ,0 ,1 
315 ,RDF,RDF store,CubicWeb,https://db-engines.com/en/system/CubicWeb,Y_NotGithub-gitlabsite_forge.extranet.logilab.fr/cubicweb/cubicweb,N,-,0.27 ,316 ,-,-,Logilab,2001 ,2021 ,Y,L-GPL,N,0 ,0 ,0 ,0 ,0 ,0 ,0 ,0 ,0 ,1 ,0 ,0 ,0 ,0 ,0 
316 ,Graph,"Graph  DBMS,Document store,RDF store",TerminusDB,https://db-engines.com/en/system/TerminusDB,Y,,terminusdb/terminusdb,0.27 ,317 ,terminusdb,terminusdb,DataChemist  Ltd.,2018 ,2022 ,Y,GPL V3,N,0 ,1 ,0 ,1 ,0 ,0 ,0 ,0 ,0 ,1 ,0 ,0 ,0 ,0 ,0 
317 ,Relational,Relational DBMS,Transwarp KunDB,https://db-engines.com/en/system/Transwarp+KunDB,N,,-,0.27 ,318 ,-,-,Transwarp,,,N,,N,0 ,0 ,0 ,0 ,0 ,0 ,0 ,0 ,0 ,0 ,1 ,0 ,0 ,0 ,0 
318 ,Graph,Graph DBMS,Ultipa,https://db-engines.com/en/system/Ultipa,N,,-,0.26 ,319 ,-,-,Ultipa,2019 ,,N,,N,0 ,0 ,0 ,1 ,0 ,0 ,0 ,0 ,0 ,0 ,0 ,0 ,0 ,0 ,0 
319 ,Key-value,Key-value store,STSdb,https://db-engines.com/en/system/STSdb,Y,,STSSoft/STSdb4,0.26 ,320 ,STSSoft,STSdb4,STS Soft SC,2011 ,2015 ,Y,"GPLv2, commercial license available",N,0 ,0 ,0 ,0 ,1 ,0 ,0 ,0 ,0 ,0 ,0 ,0 ,0 ,0 ,0 
320 ,Relational,Relational DBMS,XtremeData,https://db-engines.com/en/system/XtremeData,N,,-,0.24 ,321 ,-,-,,,,N,limited edition  free,N,0 ,0 ,0 ,0 ,0 ,0 ,0 ,0 ,0 ,0 ,1 ,0 ,0 ,0 ,0 
321 ,Key-value,Key-value store,Skytable,https://db-engines.com/en/system/Skytable,Y,Y,skytable/skytable,0.24 ,322 ,skytable,skytable,"Skytable, Inc.",,,Y,GNU AGPL 3.0,N,0 ,0 ,0 ,0 ,1 ,0 ,0 ,0 ,0 ,0 ,0 ,0 ,0 ,0 ,0 
322 ,Document,Document store,iBoxDB,https://db-engines.com/en/system/iBoxDB,Y,,iboxdb/ftserver,0.24 ,323 ,iboxdb,ftserver,,,,Y,,N,0 ,1 ,0 ,0 ,0 ,0 ,0 ,0 ,0 ,0 ,0 ,0 ,0 ,0 ,0 
323 ,Relational,Relational DBMS,Tibco ComputeDB,https://db-engines.com/en/system/Tibco+ComputeDB,Y_NotGitHub-release_community.tibco.com/s/article/TIBCO-Graph-Database-Releases,Y,-,0.24 ,324 ,-,-,Tibco,,,Y,Apache 2.0,N,0 ,0 ,0 ,0 ,0 ,0 ,0 ,0 ,0 ,0 ,1 ,0 ,0 ,0 ,0 
324 ,Time Series,Time Series  DBMS,SiriDB,https://db-engines.com/en/system/SiriDB,Y,,SiriDB/siridb-server,0.22 ,325 ,SiriDB,siridb-server,Cesbit,,,Y,MIT License,N,0 ,0 ,0 ,0 ,0 ,0 ,0 ,0 ,0 ,0 ,0 ,0 ,0 ,1 ,0 
325 ,Search engine,Search engine,Exorbyte,https://db-engines.com/en/system/Exorbyte,N,,-,0.22 ,326 ,-,-,,,,N,,N,0 ,0 ,0 ,0 ,0 ,0 ,0 ,0 ,0 ,0 ,0 ,1 ,0 ,0 ,0 
326 ,Key-value,Key-value store,Upscaledb,https://db-engines.com/en/system/Upscaledb,Y,,cruppstahl/upscaledb,0.22 ,326 ,cruppstahl,upscaledb,,,,Y,Apache Version  2,N,0 ,0 ,0 ,0 ,1 ,0 ,0 ,0 ,0 ,0 ,0 ,0 ,0 ,0 ,0 
327 ,Document,Document store,Acebase,https://db-engines.com/en/system/Acebase,Y,,appy-one/acebase,0.21 ,328 ,appy-one,acebase,,,,Y,MIT License,N,0 ,1 ,0 ,0 ,0 ,0 ,0 ,0 ,0 ,0 ,0 ,0 ,0 ,0 ,0 
328 ,Object oriented,Object oriented  DBMS,Siaqodb,https://db-engines.com/en/system/Siaqodb,Y_Nonlicense,,morecraf/Siaqodb,0.21 ,329 ,morecraf,Siaqodb,,,,N,,N,0 ,0 ,0 ,0 ,0 ,0 ,0 ,0 ,1 ,0 ,0 ,0 ,0 ,0 ,0 
329 ,Time Series,Time Series DBMS,Hawkular Metrics,https://db-engines.com/en/system/Hawkular+Metrics,Y,,hawkular/hawkular-metrics,0.20 ,330 ,hawkular,hawkular-metrics,Community supported by Red Hat,,,Y,Apache 2.0,N,0 ,0 ,0 ,0 ,0 ,0 ,0 ,0 ,0 ,0 ,0 ,0 ,0 ,1 ,0 
330 ,Relational,Relational DBMS,BigObject,https://db-engines.com/en/system/BigObject,N,,-,0.20 ,331 ,-,-,"BigObject, Inc.",,,N,free community  edition available,N,0 ,0 ,0 ,0 ,0 ,0 ,0 ,0 ,0 ,0 ,1 ,0 ,0 ,0 ,0 
331 ,RDF,RDF store,Dydra,https://db-engines.com/en/system/Dydra,Y_UnlicenseLicense,,dydra/dydra,0.20 ,332 ,dydra,dydra,,,,N,,N,0 ,0 ,0 ,0 ,0 ,0 ,0 ,0 ,0 ,1 ,0 ,0 ,0 ,0 ,0 
332 ,Graph,"Graph  DBMS,Object oriented DBMS",VelocityDB,https://db-engines.com/en/system/VelocityDB,N,,-,0.20 ,333 ,-,-,VelocityDB Inc,,,N,,N,0 ,0 ,0 ,1 ,0 ,0 ,0 ,0 ,1 ,0 ,0 ,0 ,0 ,0 ,0 
333 ,Relational,Relational DBMS,Edge Intelligence,https://db-engines.com/en/system/Edge+Intelligence,N,,-,0.20 ,334 ,-,-,,,,N,,N,0 ,0 ,0 ,0 ,0 ,0 ,0 ,0 ,0 ,0 ,1 ,0 ,0 ,0 ,0 
334 ,Key-value,Key-value store,HyperLevelDB,https://db-engines.com/en/system/HyperLevelDB,Y,,rescrv/HyperLevelDB,0.20 ,334 ,rescrv,HyperLevelDB,,,,Y,,N,0 ,0 ,0 ,0 ,1 ,0 ,0 ,0 ,0 ,0 ,0 ,0 ,0 ,0 ,0 
335 ,Time Series,Time Series DBMS,IRONdb,https://db-engines.com/en/system/IRONdb,N,,-,0.20 ,334 ,-,-,Circonus LLC.,,,N,,N,0 ,0 ,0 ,0 ,0 ,0 ,0 ,0 ,0 ,0 ,0 ,0 ,0 ,1 ,0 
336 ,Document,"Document  store,Object oriented DBMS",OrigoDB,https://db-engines.com/en/system/OrigoDB,Y,,DevrexLabs/OrigoDB,0.20 ,334 ,DevrexLabs,OrigoDB,Robert Friberg  et al,,,Y,,N,0 ,1 ,0 ,0 ,0 ,0 ,0 ,0 ,1 ,0 ,0 ,0 ,0 ,0 ,0 
337 ,RDF,RDF store,BrightstarDB,https://db-engines.com/en/system/BrightstarDB,Y,,BrightstarDB/BrightstarDB,0.20 ,338 ,BrightstarDB,BrightstarDB,,,,Y,,N,0 ,0 ,0 ,0 ,0 ,0 ,0 ,0 ,0 ,1 ,0 ,0 ,0 ,0 ,0 
338 ,Key-value,Key-value store,TerarkDB,https://db-engines.com/en/system/TerarkDB,Y_GithubFork,,bytedance/terarkdb,0.20 ,339 ,bytedance,terarkdb,Terark,,,N,restricted open  source version available,N,0 ,0 ,0 ,0 ,1 ,0 ,0 ,0 ,0 ,0 ,0 ,0 ,0 ,0 ,0 
339 ,Document,Document store,ToroDB,https://db-engines.com/en/system/ToroDB,Y,,torodb/server,0.20 ,340 ,torodb,server,8Kdata,,,Y,AGPL-V3,N,0 ,1 ,0 ,0 ,0 ,0 ,0 ,0 ,0 ,0 ,0 ,0 ,0 ,0 ,0 
340 ,Document,"Document  store,Graph DBMS,Time Series DBMS,Spatial DBMS",Bangdb,https://db-engines.com/en/system/Bangdb,Y,,sachin-sinha/BangDB,0.20 ,341 ,sachin-sinha,BangDB,"Sachin Sinha,  BangDB",2012 ,2021 ,Y,BSD 3,N,0 ,1 ,0 ,1 ,0 ,0 ,0 ,0 ,0 ,0 ,0 ,0 ,1 ,1 ,0 
341 ,Key-value,Key-value store,Elliptics,https://db-engines.com/en/system/Elliptics,Y,,reverbrain/elliptics,0.19 ,342 ,reverbrain,elliptics,,2009 ,,Y,,N,0 ,0 ,0 ,0 ,1 ,0 ,0 ,0 ,0 ,0 ,0 ,0 ,0 ,0 ,0 
342 ,Spatial DBMS,"Spatial  DBMS,Relational DBMS",H2GIS,https://db-engines.com/en/system/H2GIS,Y,,orbisgis/h2gis,0.19 ,343 ,orbisgis,h2gis,CNRS,2013 ,,Y,LGPL 3.0,N,0 ,0 ,0 ,0 ,0 ,0 ,0 ,0 ,0 ,0 ,1 ,0 ,1 ,0 ,0 
343 ,Object oriented,Object oriented DBMS,Eloquera,https://db-engines.com/en/system/Eloquera,N,,-,0.19 ,344 ,-,-,,2008 ,2014 ,N,free licenses,N,0 ,0 ,0 ,0 ,0 ,0 ,0 ,0 ,1 ,0 ,0 ,0 ,0 ,0 ,0 
344 ,Event,"Event  Store,Time Series DBMS",IBM Db2 Event  Store,https://db-engines.com/en/system/IBM+Db2+Event+Store,N,,-,0.19 ,345 ,-,-,IBM,2017 ,,N,free developer  edition available,N,0 ,0 ,1 ,0 ,0 ,0 ,0 ,0 ,0 ,0 ,0 ,0 ,0 ,1 ,0 
345 ,Time Series,Time Series DBMS,SiteWhere,https://db-engines.com/en/system/SiteWhere,Y,,sitewhere/sitewhere,0.19 ,346 ,sitewhere,sitewhere,SiteWhere,2010 ,,Y,Common Public Attribution License Version 1.0,N,0 ,0 ,0 ,0 ,0 ,0 ,0 ,0 ,0 ,0 ,0 ,0 ,0 ,1 ,0 
346 ,Document,Document store,RaptorDB,https://db-engines.com/en/system/RaptorDB,Y,,mgholam/RaptorDB-Document,0.18 ,347 ,mgholam,RaptorDB-Document,,,,Y,Apache Version  2,N,0 ,1 ,0 ,0 ,0 ,0 ,0 ,0 ,0 ,0 ,0 ,0 ,0 ,0 ,0 
347 ,Relational,Relational DBMS,EsgynDB,https://db-engines.com/en/system/EsgynDB,N,,-,0.18 ,348 ,-,-,Esgyn,2015 ,,N,,N,0 ,0 ,0 ,0 ,0 ,0 ,0 ,0 ,0 ,0 ,1 ,0 ,0 ,0 ,0 
348 ,Document,Document store,XTDB,https://db-engines.com/en/system/XTDB,Y,,xtdb/xtdb,0.18 ,349 ,xtdb,xtdb,Juxt Ltd.,2019 ,2021 ,Y,MIT License,N,0 ,1 ,0 ,0 ,0 ,0 ,0 ,0 ,0 ,0 ,0 ,0 ,0 ,0 ,0 
349 ,Relational,Relational DBMS,ActorDB,https://db-engines.com/en/system/ActorDB,Y,,biokoda/actordb,0.17 ,350 ,biokoda,actordb,,2014 ,,Y,Mozilla Public License 2.0,N,0 ,0 ,0 ,0 ,0 ,0 ,0 ,0 ,0 ,0 ,1 ,0 ,0 ,0 ,0 
350 ,Key-value,"Key-value  store,Relational DBMS",Faircom DB,https://db-engines.com/en/system/Faircom+DB,N,,-,0.17 ,351 ,-,-,FairCom  Corporation,1979 ,2020 ,N,"Restricted,  free version available",N,0 ,0 ,0 ,0 ,1 ,0 ,0 ,0 ,0 ,0 ,1 ,0 ,0 ,0 ,0 
351 ,Time Series,Time Series DBMS,Quasardb,https://db-engines.com/en/system/Quasardb,N,,-,0.17 ,352 ,-,-,quasardb,2009 ,2022 ,N,"Free community edition, Non-profit organizations and  non-commercial usage are eligible for free licenses",N,0 ,0 ,0 ,0 ,0 ,0 ,0 ,0 ,0 ,0 ,0 ,0 ,0 ,1 ,0 
352 ,Document,Document store,NosDB,https://db-engines.com/en/system/NosDB,Y,,Alachisoft/NosDB,0.16 ,353 ,Alachisoft,NosDB,Alachisoft,2016 ,,Y,Professional  and Enterprise Versions available,N,0 ,1 ,0 ,0 ,0 ,0 ,0 ,0 ,0 ,0 ,0 ,0 ,0 ,0 ,0 
353 ,Document,Document store,SenseiDB,https://db-engines.com/en/system/SenseiDB,Y_archivedas_LinkedInAttic/sensei,N,LinkedInAttic/sensei,0.16 ,354 ,LinkedInAttic,sensei,,2010 ,,Y,Apache Version 2,N,0 ,1 ,0 ,0 ,0 ,0 ,0 ,0 ,0 ,0 ,0 ,0 ,0 ,0 ,0 
354 ,Graph,Graph DBMS,HGraphDB,https://db-engines.com/en/system/HGraphDB,Y,,rayokota/hgraphdb,0.16 ,355 ,rayokota,hgraphdb,,2016 ,,Y,Apache 2.0,N,0 ,0 ,0 ,1 ,0 ,0 ,0 ,0 ,0 ,0 ,0 ,0 ,0 ,0 ,0 
355 ,Relational,"Relational DBMS,Document store,Spatial DBMS",Fujitsu Enterprise Postgres,https://db-engines.com/en/system/Fujitsu+Enterprise+Postgres,N,,-,0.16 ,356 ,-,-,"PostgreSQL Global Development Group, Fujitsu Australia  Software Technology",,2022 ,N,,N,0 ,1 ,0 ,0 ,0 ,0 ,0 ,0 ,0 ,0 ,1 ,0 ,1 ,0 ,0 
356 ,Key-value,Key-value store,Kyoto Tycoon,https://db-engines.com/en/system/Kyoto+Tycoon,Y,,AlticeLabsProjects/kyoto,0.15 ,357 ,AlticeLabsProjects,kyoto,,2009 ,,Y,GPL,N,0 ,0 ,0 ,0 ,1 ,0 ,0 ,0 ,0 ,0 ,0 ,0 ,0 ,0 ,0 
357 ,Relational,Relational DBMS,JethroData,https://db-engines.com/en/system/JethroData,N,,-,0.15 ,358 ,-,-,JethroData,2013 ,,N,,N,0 ,0 ,0 ,0 ,0 ,0 ,0 ,0 ,0 ,0 ,1 ,0 ,0 ,0 ,0 
358 ,Key-value,Key-value store,TomP2P,https://db-engines.com/en/system/TomP2P,Y,,tomp2p/TomP2P,0.15 ,358 ,tomp2p,TomP2P,,2004 ,,Y,Apache Version  2,N,0 ,0 ,0 ,0 ,1 ,0 ,0 ,0 ,0 ,0 ,0 ,0 ,0 ,0 ,0 
359 ,Document,Document store,WhiteDB,https://db-engines.com/en/system/WhiteDB,Y,,priitj/whitedb,0.15 ,358 ,priitj,whitedb,,2008 ,,Y,GPL V3,N,0 ,1 ,0 ,0 ,0 ,0 ,0 ,0 ,0 ,0 ,0 ,0 ,0 ,0 ,0 
360 ,Time Series,Time Series  DBMS,Blueflood,https://db-engines.com/en/system/Blueflood,Y,,rackerlabs/blueflood,0.14 ,361 ,rackerlabs,blueflood,Rackspace,2013 ,,Y,Apache 2.0,N,0 ,0 ,0 ,0 ,0 ,0 ,0 ,0 ,0 ,0 ,0 ,0 ,0 ,1 ,0 
361 ,Key-value,Key-value store,Badger,https://db-engines.com/en/system/Badger,Y,,dgraph-io/badger,0.14 ,362 ,dgraph-io,badger,DGraph Labs,2017 ,,Y,Apache 2.0,N,0 ,0 ,0 ,0 ,1 ,0 ,0 ,0 ,0 ,0 ,0 ,0 ,0 ,0 ,0 
362 ,Relational,"Relational  DBMS,Spatial DBMS",Linter,https://db-engines.com/en/system/Linter,N,,-,0.13 ,363 ,-,-,relex.ru/en,1990 ,,N,,N,0 ,0 ,0 ,0 ,0 ,0 ,0 ,0 ,0 ,0 ,1 ,0 ,1 ,0 ,0 
363 ,Time Series,Time Series DBMS,Alibaba Cloud TSDB,https://db-engines.com/en/system/Alibaba+Cloud+TSDB,N,,-,0.11 ,364 ,-,-,Alibaba,,,N,,Y,0 ,0 ,0 ,0 ,0 ,0 ,0 ,0 ,0 ,0 ,0 ,0 ,0 ,1 ,0 
364 ,Key-value,Key-value store,LedisDB,https://db-engines.com/en/system/LedisDB,Y,,ledisdb/ledisdb,0.11 ,365 ,ledisdb,ledisdb,,2014 ,,Y,MIT-License,N,0 ,0 ,0 ,0 ,1 ,0 ,0 ,0 ,0 ,0 ,0 ,0 ,0 ,0 ,0 
365 ,Search engine,Search engine,Qdrant,https://db-engines.com/en/system/Qdrant,Y,,qdrant/qdrant,0.10 ,366 ,qdrant,qdrant,Qdrant,2021 ,,Y,Apache Version 2.0,N,0 ,0 ,0 ,0 ,0 ,0 ,0 ,0 ,0 ,0 ,0 ,1 ,0 ,0 ,0 
366 ,Relational,Relational DBMS,OushuDB,https://db-engines.com/en/system/OushuDB,N,,-,0.08 ,367 ,-,-,Oushu,,,N,,N,0 ,0 ,0 ,0 ,0 ,0 ,0 ,0 ,0 ,0 ,1 ,0 ,0 ,0 ,0 
367 ,Relational,Relational DBMS,SmallSQL,https://db-engines.com/en/system/SmallSQL,Y,,CptTZ/SmallSQL,0.07 ,368 ,CptTZ,SmallSQL,,2005 ,,Y,L-GPL,N,0 ,0 ,0 ,0 ,0 ,0 ,0 ,0 ,0 ,0 ,1 ,0 ,0 ,0 ,0 
368 ,Time Series,Time Series  DBMS,Warp 10,https://db-engines.com/en/system/Warp+10,Y,,senx/warp10-platform,0.07 ,369 ,senx,warp10-platform,SenX,2015 ,,Y,Apache License  2.0,N,0 ,0 ,0 ,0 ,0 ,0 ,0 ,0 ,0 ,0 ,0 ,0 ,0 ,1 ,0 
369 ,Graph,"Graph DBMS,Relational DBMS",AgensGraph,https://db-engines.com/en/system/AgensGraph,Y,Y,bitnine-oss/agensgraph,0.07 ,370 ,bitnine-oss,agensgraph,Bitnine Global Inc.,2016 ,,Y,Apache License 2.0,N,0 ,0 ,0 ,1 ,0 ,0 ,0 ,0 ,0 ,0 ,1 ,0 ,0 ,0 ,0 
370 ,Key-value,Key-value store,ScaleOut  StateServer,https://db-engines.com/en/system/ScaleOut+StateServer,N,,-,0.06 ,371 ,-,-,,2005 ,,N,,N,0 ,0 ,0 ,0 ,1 ,0 ,0 ,0 ,0 ,0 ,0 ,0 ,0 ,0 ,0 
371 ,RDF,RDF store,SparkleDB,https://db-engines.com/en/system/SparkleDB,N,,-,0.05 ,372 ,-,-,,2012 ,,N,,N,0 ,0 ,0 ,0 ,0 ,0 ,0 ,0 ,0 ,1 ,0 ,0 ,0 ,0 ,0 
372 ,Key-value,Key-value store,Resin Cache,https://db-engines.com/en/system/Resin+Cache,Y,,dlitz/resin,0.04 ,373 ,dlitz,resin,,1998 ,,Y,"GPLv3, extended  commercial license available",N,0 ,0 ,0 ,0 ,1 ,0 ,0 ,0 ,0 ,0 ,0 ,0 ,0 ,0 ,0 
373 ,Relational,Relational DBMS,Sadas Engine,https://db-engines.com/en/system/Sadas+Engine,N,,-,0.04 ,374 ,-,-,SADAS s.r.l.,2006 ,,N,free trial version available,N,0 ,0 ,0 ,0 ,0 ,0 ,0 ,0 ,0 ,0 ,1 ,0 ,0 ,0 ,0 
374 ,Wide column,"Wide column  store,Time Series DBMS",SWC-DB,https://db-engines.com/en/system/SWC-DB,Y,,kashirin-alex/swc-db,0.04 ,375 ,kashirin-alex,swc-db,Alex Kashirin,2020 ,,Y,GPL V3,N,0 ,0 ,0 ,0 ,0 ,0 ,0 ,0 ,0 ,0 ,0 ,0 ,0 ,1 ,1 
375 ,Key-value,Key-value store,InfinityDB,https://db-engines.com/en/system/InfinityDB,N,,-,0.03 ,376 ,-,-,Boiler Bay Inc.,2002 ,,N,,N,0 ,0 ,0 ,0 ,1 ,0 ,0 ,0 ,0 ,0 ,0 ,0 ,0 ,0 ,0 
376 ,Search engine,"Search  engine,Time Series DBMS",Rizhiyi,https://db-engines.com/en/system/Rizhiyi,N,,-,0.02 ,377 ,-,-,Rizhiyi,2014 ,,N,,N,0 ,0 ,0 ,0 ,0 ,0 ,0 ,0 ,0 ,0 ,0 ,1 ,0 ,1 ,0 
377 ,Object oriented,Object oriented DBMS,WakandaDB,https://db-engines.com/en/system/WakandaDB,N_commercial,Y,-,0.01 ,378 ,-,-,Wakanda SAS,2012 ,,N_DBENG-Y,"AGPLv3, extended commercial license available",N,0 ,0 ,0 ,0 ,0 ,0 ,0 ,0 ,1 ,0 ,0 ,0 ,0 ,0 ,0 
378 ,Key-value,Key-value store,JaguarDB,https://db-engines.com/en/system/JaguarDB,Y,Y,datajaguar/jaguardb,0.01 ,379 ,datajaguar,jaguardb,"DataJaguar,  Inc.",2015 ,,Y,GPL V3.0,N,0 ,0 ,0 ,0 ,1 ,0 ,0 ,0 ,0 ,0 ,0 ,0 ,0 ,0 ,0 
379 ,Key-value,"Key-value store,Relational DBMS",Faircom EDGE,https://db-engines.com/en/system/Faircom+EDGE,N,,-,0.01 ,380 ,-,-,FairCom Corporation,1979 ,,N,"Restricted, free version available",N,0 ,0 ,0 ,0 ,1 ,0 ,0 ,0 ,0 ,0 ,1 ,0 ,0 ,0 ,0 
380 ,Key-value,Key-value store,SwayDB,https://db-engines.com/en/system/SwayDB,Y,,simerplaha/SwayDB,0.00 ,381 ,simerplaha,SwayDB,Simer Plaha,2018 ,,Y,GNU Affero GPL  V3.0,N,0 ,0 ,0 ,0 ,1 ,0 ,0 ,0 ,0 ,0 ,0 ,0 ,0 ,0 ,0 
381 ,Key-value,Key-value store,BergDB,https://db-engines.com/en/system/BergDB,Y,,bergdb/bergdb,0.00 ,382 ,bergdb,bergdb,,2013 ,,Y,Gnu Affero General Public License (AGPL),N,0 ,0 ,0 ,0 ,1 ,0 ,0 ,0 ,0 ,0 ,0 ,0 ,0 ,0 ,0 
382 ,Key-value,Key-value store,Cachelot.io,https://db-engines.com/en/system/Cachelot.io,Y,,cachelot/cachelot,0.00 ,382 ,cachelot,cachelot,,2015 ,,Y,Simplified BSD  License,N,0 ,0 ,0 ,0 ,1 ,0 ,0 ,0 ,0 ,0 ,0 ,0 ,0 ,0 ,0 
383 ,Document,"Document store,Key-value store",CortexDB,https://db-engines.com/en/system/CortexDB,N,,-,0.00 ,382 ,-,-,,2014 ,,N,,N,0 ,1 ,0 ,0 ,1 ,0 ,0 ,0 ,0 ,0 ,0 ,0 ,0 ,0 ,0 
384 ,Relational,Relational DBMS,CovenantSQL,https://db-engines.com/en/system/CovenantSQL,Y,,CovenantSQL/CovenantSQL,0.00 ,382 ,CovenantSQL,CovenantSQL,,2018 ,,Y,,N,0 ,0 ,0 ,0 ,0 ,0 ,0 ,0 ,0 ,0 ,1 ,0 ,0 ,0 ,0 
385 ,Relational,Relational DBMS,DaggerDB,https://db-engines.com/en/system/DaggerDB,N,,-,0.00 ,382 ,-,-,,2014 ,,N,,N,0 ,0 ,0 ,0 ,0 ,0 ,0 ,0 ,0 ,0 ,1 ,0 ,0 ,0 ,0 
386 ,Object oriented,"Object oriented  DBMS,Graph DBMS",DataFS,https://db-engines.com/en/system/DataFS,N,,-,0.00 ,382 ,-,-,Mobiland AG,2018 ,,N,,N,0 ,0 ,0 ,1 ,0 ,0 ,0 ,0 ,1 ,0 ,0 ,0 ,0 ,0 ,0 
387 ,Relational,Relational DBMS,EdgelessDB,https://db-engines.com/en/system/EdgelessDB,Y,,edgelesssys/edgelessdb,0.00 ,382 ,edgelesssys,edgelessdb,Edgeless Systems,2021 ,,Y,GPL V2,N,0 ,0 ,0 ,0 ,0 ,0 ,0 ,0 ,0 ,0 ,1 ,0 ,0 ,0 ,0 
388 ,Graph,Graph DBMS,Galaxybase,https://db-engines.com/en/system/Galaxybase,N,,-,0.00 ,382 ,-,-,"Chuanglin(Createlink)  Technology Co., Ltd 浙江创邻科技有限公司",2017 ,,N,,N,0 ,0 ,0 ,1 ,0 ,0 ,0 ,0 ,0 ,0 ,0 ,0 ,0 ,0 ,0 
389 ,Key-value,Key-value store,Helium,https://db-engines.com/en/system/Helium,N,,-,0.00 ,382 ,-,-,Levyx Inc.,2013 ,,N,,N,0 ,0 ,0 ,0 ,1 ,0 ,0 ,0 ,0 ,0 ,0 ,0 ,0 ,0 ,0 
390 ,Search engine,Search engine,Indica,https://db-engines.com/en/system/Indica,N,,-,0.00 ,382 ,-,-,,2014 ,,N,parts of it are  open source,N,0 ,0 ,0 ,0 ,0 ,0 ,0 ,0 ,0 ,0 ,0 ,1 ,0 ,0 ,0 
391 ,Document,Document store,JasDB,https://db-engines.com/en/system/JasDB,Y,,oberasoftware/jasdb,0.00 ,382 ,oberasoftware,jasdb,,2014 ,,Y,,N,0 ,1 ,0 ,0 ,0 ,0 ,0 ,0 ,0 ,0 ,0 ,0 ,0 ,0 ,0 
392 ,Relational,Relational DBMS,K-DB,https://db-engines.com/en/system/K-DB,N,,-,0.00 ,382 ,-,-,Inspur Group,,,N,,N,0 ,0 ,0 ,0 ,0 ,0 ,0 ,0 ,0 ,0 ,1 ,0 ,0 ,0 ,0 
393 ,Time Series,Time Series DBMS,Newts,https://db-engines.com/en/system/Newts,Y,,OpenNMS/newts,0.00 ,382 ,OpenNMS,newts,OpenNMS Group,2014 ,,Y,Apache 2.0,N,0 ,0 ,0 ,0 ,0 ,0 ,0 ,0 ,0 ,0 ,0 ,0 ,0 ,1 ,0 
394 ,Time Series,Time Series  DBMS,NSDb,https://db-engines.com/en/system/NSDb,Y,,radicalbit/NSDb,0.00 ,382 ,radicalbit,NSDb,,2017 ,,Y,Apache Version  2.0,N,0 ,0 ,0 ,0 ,0 ,0 ,0 ,0 ,0 ,0 ,0 ,0 ,0 ,1 ,0 
395 ,Native XML,"Native XML DBMS,Search engine",searchxml,https://db-engines.com/en/system/searchxml,N,,-,0.00 ,382 ,-,-,informationpartners gmbh,2015 ,,N,,N,0 ,0 ,0 ,0 ,0 ,0 ,1 ,0 ,0 ,0 ,0 ,1 ,0 ,0 ,0 
396 ,Spatial DBMS,"Spatial  DBMS,Relational DBMS",SpaceTime,https://db-engines.com/en/system/SpaceTime,N,,-,0.00 ,382 ,-,-,Mireo,2020 ,,N,,N,0 ,0 ,0 ,0 ,0 ,0 ,0 ,0 ,0 ,0 ,1 ,0 ,1 ,0 ,0 
397 ,Key-value,Key-value store,Tkrzw,https://db-engines.com/en/system/Tkrzw,Y,,estraier/tkrzw,0.00 ,382 ,estraier,tkrzw,Mikio Hirabayashi,2020 ,,Y,Apache Version 2.0,N,0 ,0 ,0 ,0 ,1 ,0 ,0 ,0 ,0 ,0 ,0 ,0 ,0 ,0 ,0 
398 ,Relational,"Relational  DBMS,Search engine",Transwarp  ArgoDB,https://db-engines.com/en/system/Transwarp+ArgoDB,N,,-,0.00 ,382 ,-,-,Transwarp,,,N,,N,0 ,0 ,0 ,0 ,0 ,0 ,0 ,0 ,0 ,0 ,1 ,1 ,0 ,0 ,0 
399 ,Graph,Graph DBMS,Transwarp StellarDB,https://db-engines.com/en/system/Transwarp+StellarDB,Y_IssueTracking,,stellardb/StellarDB,0.00 ,382 ,stellardb,StellarDB,Transwarp,,,N,,N,0 ,0 ,0 ,1 ,0 ,0 ,0 ,0 ,0 ,0 ,0 ,0 ,0 ,0 ,0 
400 ,Relational,Relational DBMS,Yaacomo,https://db-engines.com/en/system/Yaacomo,N,,-,0.00 ,382 ,-,-,Q2WEB GmbH,2009 ,,N,,N,0 ,0 ,0 ,0 ,0 ,0 ,0 ,0 ,0 ,0 ,1 ,0 ,0 ,0 ,0 
401 ,Time Series,Time Series DBMS,Yanza,https://db-engines.com/en/system/Yanza,N,,-,0.00 ,382 ,-,-,Yanza,2015 ,,N,free version available,N,0 ,0 ,0 ,0 ,0 ,0 ,0 ,0 ,0 ,0 ,0 ,0 ,0 ,1 ,0 
